location_code,calibration_location_id,gbd_location_id,location_name,location_level,year,age,sex,cause_id,cause_name,cause_group,population,all_cause_mx,cause_mx,background_mx_all_modelled_causes,background_mx_for_cause,ir_seed_2019,cf_seed_2019,cause_mx_2019,cause_mortality_relative_change,cf_trend_fraction,cf_trend_factor,ir_multiplier,cf_multiplier,IR,CF,probability_well_to_well,probability_well_to_sick,probability_well_to_other_death,probability_sick_to_sick,probability_sick_to_cause_death,probability_sick_to_other_death,constraint_status,future_transition_assumption
IDN_NATIONAL,GBD_11,11,Indonesia,National,2041,31,Male,C_ICH,Intracerebral haemorrhage,CVD,2396542,0.00150123,8.70231825022198e-05,0.00112376412773547,0.00141420681749778,0.000318964650288641,0.0565135568778872,0.000113173237366507,-0.231062179299519,0.8,0.815150256560384,0.619800257687136,0.936190723053988,0.000197694372441987,0.0431275358499391,0.99838809881006,0.000197694372441987,0.00141420681749778,0.955458257332563,0.0431275358499391,0.00141420681749778,UNCHANGED,"Calibrated 2019 IR is held by age, sex, cause and location; CF carries 80% of projected cause-mortality change since 2019; annual background mortality follows the WPP-scaled baseline."
IDN_NATIONAL,GBD_11,11,Indonesia,National,2045,27,Female,C_RHD,Rheumatic heart disease,CVD,2134142,0.00085857,1.48965824394985e-05,0.000674556583685118,0.000843673417560501,0.000224927140223493,0.00369669085077347,2.67444138407501e-05,-0.443002096505072,0.8,0.645598322795943,0.50000000046055,0.630292412861138,0.000112463570215337,0.00150424163621702,0.999043863012224,0.000112463570215337,0.000843673417560501,0.997652084946223,0.00150424163621702,0.000843673417560501,UNCHANGED,"Calibrated 2019 IR is held by age, sex, cause and location; CF carries 80% of projected cause-mortality change since 2019; annual background mortality follows the WPP-scaled baseline."
IDN_NATIONAL,GBD_11,11,Indonesia,National,2047,21,Male,C_ICH,Intracerebral haemorrhage,CVD,2179424,0.0012728,2.34425624533455e-05,0.00115659003835425,0.00124935743754665,0.000124868459146832,0.0269005152893578,3.33130310954111e-05,-0.296294522518704,0.8,0.762964381985037,0.619800257687136,0.936190723053988,7.73935031562017e-05,0.0192145048070752,0.998673249059297,7.73935031562017e-05,0.00124935743754665,0.979536137755378,0.0192145048070752,0.00124935743754665,UNCHANGED,"Calibrated 2019 IR is held by age, sex, cause and location; CF carries 80% of projected cause-mortality change since 2019; annual background mortality follows the WPP-scaled baseline."
IDN_NATIONAL,GBD_11,11,Indonesia,National,2044,40,Male,C_IHD,Ischaemic heart disease,CVD,2211630,0.00248424,0.000550732575178285,0.00142144655410929,0.00193350742482171,0.00197591178860873,0.0410634338592594,0.000529408629393965,0.0402788028006462,0.8,1.03222304224052,0.520670577641515,0.939102798934496,0.00102879913234359,0.0398053959426837,0.997037693442835,0.00102879913234359,0.00193350742482171,0.958261096632495,0.0398053959426837,0.00193350742482171,UNCHANGED,"Calibrated 2019 IR is held by age, sex, cause and location; CF carries 80% of projected cause-mortality change since 2019; annual background mortality follows the WPP-scaled baseline."
IDN_NATIONAL,GBD_11,11,Indonesia,National,2026,80,Female,C_CMD,Cardiomyopathy and myocarditis,CVD,330379,0.08668544,0.000382763250434085,0.0454233314717475,0.0863026767495659,0.000621404822142479,0.138058816641741,0.0001924580756672,0.988813662960872,0.8,1.7910509303687,0.531154605163038,0.930350003869953,0.000330062032951497,0.230047991539489,0.913367261217483,0.000330062032951497,0.0863026767495659,0.683649331710945,0.230047991539489,0.0863026767495659,UNCHANGED,"Calibrated 2019 IR is held by age, sex, cause and location; CF carries 80% of projected cause-mortality change since 2019; annual background mortality follows the WPP-scaled baseline."
IDN_NATIONAL,GBD_11,11,Indonesia,National,2048,40,Female,C_RHD,Rheumatic heart disease,CVD,2217242,0.00177129,7.28158490008603e-06,0.00109029455802306,0.00176400841509991,4.91819746209065e-05,0.00558256981958558,4.34079718805795e-05,-0.832252358619322,0.8,0.334198113104543,0.50000000046055,0.630292412861138,2.4590987333104e-05,0.00117592665907145,0.998211400597567,2.4590987333104e-05,0.00176400841509991,0.997060064925829,0.00117592665907145,0.00176400841509991,UNCHANGED,"Calibrated 2019 IR is held by age, sex, cause and location; CF carries 80% of projected cause-mortality change since 2019; annual background mortality follows the WPP-scaled baseline."
IDN_NATIONAL,GBD_11,11,Indonesia,National,2035,63,Male,C_DM,Diabetes mellitus,Diabetes,1469788,0.02299091,0.00155215116162959,0.0115036940376634,0.0214387588383704,0.00916958935505293,0.0149776766553042,0.00164719709270447,-0.0577016141516085,0.8,0.953838708678713,0.500000009256077,0.874818940170935,0.00458479476240089,0.0124979151170951,0.973976446399229,0.00458479476240089,0.0214387588383704,0.966063326044534,0.0124979151170951,0.0214387588383704,UNCHANGED,"Calibrated 2019 IR is held by age, sex, cause and location; CF carries 80% of projected cause-mortality change since 2019; annual background mortality follows the WPP-scaled baseline."
IDN_NATIONAL,GBD_11,11,Indonesia,National,2046,50,Male,C_CMD,Cardiomyopathy and myocarditis,CVD,2139306,0.00596929,2.75781134291533e-05,0.00276801293815749,0.00594171188657085,5.00884679328746e-05,0.212529719207098,4.3574073202714e-05,-0.367098106691673,0.8,0.706321514646661,0.584103771403263,0.854319654386053,2.92568630234034e-05,0.128245608152447,0.994029031250406,2.92568630234034e-05,0.00594171188657085,0.865812679960983,0.128245608152447,0.00594171188657085,UNCHANGED,"Calibrated 2019 IR is held by age, sex, cause and location; CF carries 80% of projected cause-mortality change since 2019; annual background mortality follows the WPP-scaled baseline."
IDN_NATIONAL,GBD_11,11,Indonesia,National,2031,43,Female,C_CMD,Cardiomyopathy and myocarditis,CVD,2014442,0.00275102,1.23722658485233e-05,0.00178402211422433,0.00273864773415148,1.63459541209946e-05,0.109383508754176,1.56159482228911e-05,-0.207716004694032,0.8,0.833827196244775,0.531154605163038,0.930350003869953,8.68222880715001e-06,0.0848543810940298,0.997252670037041,8.68222880715001e-06,0.00273864773415148,0.912406971171819,0.0848543810940298,0.00273864773415148,UNCHANGED,"Calibrated 2019 IR is held by age, sex, cause and location; CF carries 80% of projected cause-mortality change since 2019; annual background mortality follows the WPP-scaled baseline."
IDN_NATIONAL,GBD_11,11,Indonesia,National,2039,36,Male,C_HHD,Hypertensive heart disease,CVD,2202947,0.00195538,2.39193270669578e-05,0.00132414248882583,0.00193146067293304,8.3128769082482e-05,0.129611762419828,2.87574514944818e-05,-0.168238984196925,0.8,0.86540881264246,0.677760579995556,0.862219548003387,5.63414027476597e-05,0.096712719220582,0.998012197924319,5.63414027476597e-05,0.00193146067293304,0.901355820106485,0.096712719220582,0.00193146067293304,UNCHANGED,"Calibrated 2019 IR is held by age, sex, cause and location; CF carries 80% of projected cause-mortality change since 2019; annual background mortality follows the WPP-scaled baseline."
IDN_NATIONAL,GBD_11,11,Indonesia,National,2030,30,Male,C_HHD,Hypertensive heart disease,CVD,2210793,0.00155822,1.16897813556813e-05,0.00121074208361797,0.00154653021864432,3.4597278619071e-05,0.098855867561009,1.19449491974432e-05,-0.021361986354577,0.8,0.982910410916339,0.677760579995556,0.862219548003387,2.34486716231294e-05,0.0837788224344686,0.998430021109732,2.34486716231294e-05,0.00154653021864432,0.914674647346887,0.0837788224344686,0.00154653021864432,UNCHANGED,"Calibrated 2019 IR is held by age, sex, cause and location; CF carries 80% of projected cause-mortality change since 2019; annual background mortality follows the WPP-scaled baseline."
IDN_NATIONAL,GBD_11,11,Indonesia,National,2036,22,Male,C_RHD,Rheumatic heart disease,CVD,2405127,0.00139657,7.65739830455226e-06,0.00127769714560528,0.00138891260169545,0.000289979108384511,0.00301707877611052,1.34443597434644e-05,-0.430437860138735,0.8,0.655649711889012,0.500000000000582,0.624906744590431,0.000144989554192424,0.00123615729604672,0.998466097844112,0.000144989554192424,0.00138891260169545,0.997374930102258,0.00123615729604672,0.00138891260169545,UNCHANGED,"Calibrated 2019 IR is held by age, sex, cause and location; CF carries 80% of projected cause-mortality change since 2019; annual background mortality follows the WPP-scaled baseline."
IDN_NATIONAL,GBD_11,11,Indonesia,National,2026,26,Male,C_CMD,Cardiomyopathy and myocarditis,CVD,2219458,0.00153265,8.39490422183043e-06,0.00133671736580948,0.00152425509577817,1.14276354366787e-05,0.0557752906034566,9.01280200879081e-06,-0.0685577899478658,0.8,0.945153768041707,0.584103771403263,0.854319654386053,6.6749249567856e-06,0.0450365080430482,0.998469069979265,6.6749249567856e-06,0.00152425509577817,0.953439236861174,0.0450365080430482,0.00152425509577817,UNCHANGED,"Calibrated 2019 IR is held by age, sex, cause and location; CF carries 80% of projected cause-mortality change since 2019; annual background mortality follows the WPP-scaled baseline."
IDN_NATIONAL,GBD_11,11,Indonesia,National,2029,37,Male,C_IS,Ischaemic stroke,CVD,2134670,0.00227024,2.15038291806209e-05,0.00159703446495581,0.00224873617081938,0.000524867045860624,0.00619638139638131,2.73100008823359e-05,-0.212602398906198,0.8,0.829918080875041,0.500000006541575,0.929903354452946,0.000262433526363769,0.00478201773121631,0.997488830302817,0.000262433526363769,0.00224873617081938,0.992969246097964,0.00478201773121631,0.00224873617081938,UNCHANGED,"Calibrated 2019 IR is held by age, sex, cause and location; CF carries 80% of projected cause-mortality change since 2019; annual background mortality follows the WPP-scaled baseline."
IDN_NATIONAL,GBD_11,11,Indonesia,National,2046,64,Male,C_RHD,Rheumatic heart disease,CVD,1704039,0.02209889,6.25921010578765e-06,0.01076383316719,0.0220926307898942,2.59246568293187e-05,0.0070397177542642,2.10463596813905e-05,-0.702598919692409,0.8,0.437920864246073,0.500000000000582,0.624906744590431,1.29623284146744e-05,0.0019264870604324,0.977894406881691,1.29623284146744e-05,0.0220926307898942,0.975980882149673,0.0019264870604324,0.0220926307898942,UNCHANGED,"Calibrated 2019 IR is held by age, sex, cause and location; CF carries 80% of projected cause-mortality change since 2019; annual background mortality follows the WPP-scaled baseline."
IDN_NATIONAL,GBD_11,11,Indonesia,National,2048,73,Female,C_CMD,Cardiomyopathy and myocarditis,CVD,1341952,0.03158663,8.07614208787741e-05,0.0147318360622836,0.0315058685791212,0.000200361375353408,0.127224499234172,7.25162587983556e-05,0.113700875045769,0.8,1.09096070003662,0.531154605163038,0.930350003869953,0.000106422867215763,0.129129723196277,0.968387708553663,0.000106422867215763,0.0315058685791212,0.839364408224602,0.129129723196277,0.0315058685791212,UNCHANGED,"Calibrated 2019 IR is held by age, sex, cause and location; CF carries 80% of projected cause-mortality change since 2019; annual background mortality follows the WPP-scaled baseline."
IDN_NATIONAL,GBD_11,11,Indonesia,National,2037,89,Female,C_HHD,Hypertensive heart disease,CVD,100653,0.19491155,0.00876687426972695,0.112349856770779,0.186144675730273,0.00660139671951385,0.14207236152907,0.00404430435167956,1.1677088338038,0.8,1.93416706704304,0.636902624129894,0.928853736440594,0.00420444689358085,0.255241281317671,0.809650877376146,0.00420444689358085,0.186144675730273,0.558614042952056,0.255241281317671,0.186144675730273,UNCHANGED,"Calibrated 2019 IR is held by age, sex, cause and location; CF carries 80% of projected cause-mortality change since 2019; annual background mortality follows the WPP-scaled baseline."
IDN_NATIONAL,GBD_11,11,Indonesia,National,2042,81,Male,C_CMD,Cardiomyopathy and myocarditis,CVD,387788,0.11195568,0.000387849208061395,0.0635789116520382,0.111567830791939,0.000773262145024838,0.150321822785263,0.000302665463046978,0.281445210685287,0.8,1.22515616854823,0.584103771403263,0.854319654386053,0.000451665335192384,0.157338093034449,0.887980503872869,0.000451665335192384,0.111567830791939,0.731094076173612,0.157338093034449,0.111567830791939,UNCHANGED,"Calibrated 2019 IR is held by age, sex, cause and location; CF carries 80% of projected cause-mortality change since 2019; annual background mortality follows the WPP-scaled baseline."
IDN_NATIONAL,GBD_11,11,Indonesia,National,2048,35,Female,C_HHD,Hypertensive heart disease,CVD,2296316,0.00124253,1.97204873547078e-05,0.000837859941087556,0.00122280951264529,6.63106238696386e-05,0.0920929719222367,2.11649088861355e-05,-0.0682460547880685,0.8,0.945403156169545,0.636902624129894,0.928853736440594,4.22334103502632e-05,0.0808706378530592,0.998734957077004,4.22334103502632e-05,0.00122280951264529,0.917906552634296,0.0808706378530592,0.00122280951264529,UNCHANGED,"Calibrated 2019 IR is held by age, sex, cause and location; CF carries 80% of projected cause-mortality change since 2019; annual background mortality follows the WPP-scaled baseline."
IDN_NATIONAL,GBD_11,11,Indonesia,National,2041,34,Female,C_DM,Diabetes mellitus,Diabetes,2249612,0.00126381,2.41762206516474e-05,0.000924060745438927,0.00123963377934835,0.0032148554927594,0.00121111257293252,3.49228796629786e-05,-0.307725454345155,0.8,0.753819636523876,0.500000160693621,0.824704051606735,0.00160742826298647,0.000752922173426741,0.997152937957665,0.00160742826298647,0.00123963377934835,0.998007444047225,0.000752922173426741,0.00123963377934835,UNCHANGED,"Calibrated 2019 IR is held by age, sex, cause and location; CF carries 80% of projected cause-mortality change since 2019; annual background mortality follows the WPP-scaled baseline."
IDN_NATIONAL,GBD_11,11,Indonesia,National,2030,43,Female,C_IS,Ischaemic stroke,CVD,1988655,0.00278955,5.6563168365858e-05,0.00181489711834711,0.00273298683163414,0.00068180395743488,0.0158345582884225,9.08189936747848e-05,-0.377187897848704,0.8,0.698249681721037,0.50000001358769,0.953863781237352,0.000340901987981581,0.0105463713225878,0.996926111180384,0.000340901987981581,0.00273298683163414,0.986720641845778,0.0105463713225878,0.00273298683163414,UNCHANGED,"Calibrated 2019 IR is held by age, sex, cause and location; CF carries 80% of projected cause-mortality change since 2019; annual background mortality follows the WPP-scaled baseline."
IDN_NATIONAL,GBD_11,11,Indonesia,National,2036,55,Female,C_ICH,Intracerebral haemorrhage,CVD,1921164,0.00673772,0.00112384029342269,0.0035154153392366,0.00561387970657731,0.00201348562544192,0.201309045908107,0.0015465839445212,-0.273340255856197,0.8,0.781327795315042,0.60226208656985,0.93800091950465,0.00121264605405705,0.147536619756714,0.993173474239366,0.00121264605405705,0.00561387970657731,0.846849500536709,0.147536619756714,0.00561387970657731,UNCHANGED,"Calibrated 2019 IR is held by age, sex, cause and location; CF carries 80% of projected cause-mortality change since 2019; annual background mortality follows the WPP-scaled baseline."
IDN_NATIONAL,GBD_11,11,Indonesia,National,2046,79,Female,C_RHD,Rheumatic heart disease,CVD,859206,0.06349318,1.57836686377004e-05,0.0319210661371474,0.0634773963313623,3.90732841964861e-05,0.0143237785588512,3.07346749203072e-05,-0.486454023716654,0.8,0.610836781026677,0.50000000046055,0.630292412861138,1.95366421162383e-05,0.00551473765946194,0.936503067026521,1.95366421162383e-05,0.0634773963313623,0.931007866009176,0.00551473765946194,0.0634773963313623,UNCHANGED,"Calibrated 2019 IR is held by age, sex, cause and location; CF carries 80% of projected cause-mortality change since 2019; annual background mortality follows the WPP-scaled baseline."
IDN_NATIONAL,GBD_11,11,Indonesia,National,2037,79,Male,C_IS,Ischaemic stroke,CVD,412380,0.09755894,0.00871226140814074,0.0517212086827535,0.0888466785918593,0.0143315816937122,0.0941433316441918,0.00764841444796464,0.139093790930644,0.8,1.11127503274452,0.500000006541575,0.929903354452946,0.00716579094060722,0.0972856836052532,0.903987530467534,0.00716579094060722,0.0888466785918593,0.813867637802888,0.0972856836052532,0.0888466785918593,UNCHANGED,"Calibrated 2019 IR is held by age, sex, cause and location; CF carries 80% of projected cause-mortality change since 2019; annual background mortality follows the WPP-scaled baseline."
IDN_NATIONAL,GBD_11,11,Indonesia,National,2048,32,Female,C_RHD,Rheumatic heart disease,CVD,2205135,0.00104355,1.40046931041684e-05,0.000741889555511204,0.00102954530689583,4.72341919444627e-05,0.00398196560234407,3.31232482046562e-05,-0.577194452137101,0.8,0.538244438290319,0.50000000046055,0.630292412861138,2.36170959939851e-05,0.00135088734848099,0.99894683759711,2.36170959939851e-05,0.00102954530689583,0.997619567344623,0.00135088734848099,0.00102954530689583,UNCHANGED,"Calibrated 2019 IR is held by age, sex, cause and location; CF carries 80% of projected cause-mortality change since 2019; annual background mortality follows the WPP-scaled baseline."
IDN_NATIONAL,GBD_11,11,Indonesia,National,2050,50,Female,C_IS,Ischaemic stroke,CVD,2030311,0.00373722,0.000126295553369833,0.00195875111039757,0.00361092444663017,0.001213440472567,0.0193377125848793,0.000192086573871096,-0.342507126736582,0.8,0.725994298610734,0.50000001358769,0.953863781237352,0.000606720252771355,0.0133913595222754,0.995782355300599,0.000606720252771355,0.00361092444663017,0.982997716031095,0.0133913595222754,0.00361092444663017,UNCHANGED,"Calibrated 2019 IR is held by age, sex, cause and location; CF carries 80% of projected cause-mortality change since 2019; annual background mortality follows the WPP-scaled baseline."
IDN_NATIONAL,GBD_11,11,Indonesia,National,2037,87,Female,C_HHD,Hypertensive heart disease,CVD,154492,0.16172599,0.00727422987748606,0.0932212165600882,0.154451760122514,0.00557223215069271,0.116386807081462,0.00334015498810351,1.17781207859946,0.8,1.94224966287957,0.636902624129894,0.928853736440594,0.00354896927903715,0.209969464798781,0.841999270598449,0.00354896927903715,0.154451760122514,0.635578775078705,0.209969464798781,0.154451760122514,UNCHANGED,"Calibrated 2019 IR is held by age, sex, cause and location; CF carries 80% of projected cause-mortality change since 2019; annual background mortality follows the WPP-scaled baseline."
IDN_NATIONAL,GBD_11,11,Indonesia,National,2028,62,Female,C_IHD,Ischaemic heart disease,CVD,1423202,0.01342931,0.00213997151205956,0.00681969802548046,0.0112893384879404,0.00509948019090544,0.0465479131202877,0.00223812455627244,-0.0438550410153901,0.8,0.964915967187688,0.500000255019161,1.00141411562457,0.00254974139591788,0.0449783393642852,0.986160920116142,0.00254974139591788,0.0112893384879404,0.943732322147774,0.0449783393642852,0.0112893384879404,UNCHANGED,"Calibrated 2019 IR is held by age, sex, cause and location; CF carries 80% of projected cause-mortality change since 2019; annual background mortality follows the WPP-scaled baseline."
IDN_NATIONAL,GBD_11,11,Indonesia,National,2042,28,Male,C_HHD,Hypertensive heart disease,CVD,2381444,0.00137103,4.81771079079266e-06,0.00116041034857534,0.00136621228920921,2.42131228118256e-05,0.0829080352328742,7.81189146888905e-06,-0.383284981623305,0.8,0.693372014701356,0.677760579995556,0.862219548003387,1.64107001604465e-05,0.0495656490087746,0.99861737701063,1.64107001604465e-05,0.00136621228920921,0.949068138702016,0.0495656490087746,0.00136621228920921,UNCHANGED,"Calibrated 2019 IR is held by age, sex, cause and location; CF carries 80% of projected cause-mortality change since 2019; annual background mortality follows the WPP-scaled baseline."
IDN_NATIONAL,GBD_11,11,Indonesia,National,2041,72,Male,C_DM,Diabetes mellitus,Diabetes,1021223,0.04881295,0.00385332424856427,0.0256544091812091,0.0449596257514357,0.00870248825929193,0.0246278634089424,0.00307666971211121,0.252433510622146,0.8,1.20194680849772,0.500000009256077,0.874818940170935,0.00435124421019687,0.0258958494753007,0.950689130038367,0.00435124421019687,0.0449596257514357,0.929144524773264,0.0258958494753007,0.0449596257514357,UNCHANGED,"Calibrated 2019 IR is held by age, sex, cause and location; CF carries 80% of projected cause-mortality change since 2019; annual background mortality follows the WPP-scaled baseline."
IDN_NATIONAL,GBD_11,11,Indonesia,National,2043,78,Male,C_DM,Diabetes mellitus,Diabetes,611005,0.08407998,0.00727141559672291,0.0443725706122087,0.0768085644032771,0.00790729454861439,0.0347968781670515,0.00419829424864072,0.731992844255063,0.8,1.58559427540405,0.500000009256077,0.874818940170935,0.00395364734749773,0.0482670247243861,0.919237788249225,0.00395364734749773,0.0768085644032771,0.874924410872337,0.0482670247243861,0.0768085644032771,UNCHANGED,"Calibrated 2019 IR is held by age, sex, cause and location; CF carries 80% of projected cause-mortality change since 2019; annual background mortality follows the WPP-scaled baseline."
IDN_NATIONAL,GBD_11,11,Indonesia,National,2028,90,Female,C_IS,Ischaemic stroke,CVD,61459,0.2260174,0.0268576957729811,0.136595453948914,0.199159704227019,0.0228907968295981,0.333063513072278,0.0147791928354058,0.817264046290768,0.8,1.65381123703261,0.50000001358769,0.953863781237352,0.0114453987258321,0.525411235670213,0.789394897047149,0.0114453987258321,0.199159704227019,0.275429060102768,0.525411235670213,0.199159704227019,UNCHANGED,"Calibrated 2019 IR is held by age, sex, cause and location; CF carries 80% of projected cause-mortality change since 2019; annual background mortality follows the WPP-scaled baseline."
IDN_NATIONAL,GBD_11,11,Indonesia,National,2046,51,Male,C_ICH,Intracerebral haemorrhage,CVD,2093614,0.00657924,0.00102274830393166,0.00305085218564406,0.00555649169606834,0.0023329587960141,0.261802657166989,0.00167714381904271,-0.39018449561742,0.8,0.687852403506064,0.619800257687136,0.936190723053988,0.00144596846294301,0.168590711120321,0.992997539840989,0.00144596846294301,0.00555649169606834,0.825852797183611,0.168590711120321,0.00555649169606834,UNCHANGED,"Calibrated 2019 IR is held by age, sex, cause and location; CF carries 80% of projected cause-mortality change since 2019; annual background mortality follows the WPP-scaled baseline."
IDN_NATIONAL,GBD_11,11,Indonesia,National,2049,52,Female,C_ICH,Intracerebral haemorrhage,CVD,2074333,0.00443149,0.000720082994045456,0.00232883992616764,0.00371140700595454,0.00160122151149251,0.168276128579631,0.0012893280247322,-0.441505202529807,0.8,0.646795837976155,0.60226208656985,0.93800091950465,0.000964355008572008,0.102092301100252,0.995324237985473,0.000964355008572008,0.00371140700595454,0.894196291893793,0.102092301100252,0.00371140700595454,UNCHANGED,"Calibrated 2019 IR is held by age, sex, cause and location; CF carries 80% of projected cause-mortality change since 2019; annual background mortality follows the WPP-scaled baseline."
IDN_NATIONAL,GBD_11,11,Indonesia,National,2038,52,Male,C_ICH,Intracerebral haemorrhage,CVD,1958744,0.00791864,0.001215920785051,0.00386807733907657,0.006702719214949,0.00247848134862389,0.273994251070413,0.00182656976765481,-0.33431462264255,0.8,0.73254830188596,0.619800257687136,0.936190723053988,0.00153616337854985,0.187906606645376,0.991761117406501,0.00153616337854985,0.006702719214949,0.805390674139675,0.187906606645376,0.006702719214949,UNCHANGED,"Calibrated 2019 IR is held by age, sex, cause and location; CF carries 80% of projected cause-mortality change since 2019; annual background mortality follows the WPP-scaled baseline."
IDN_NATIONAL,GBD_11,11,Indonesia,National,2025,68,Female,C_DM,Diabetes mellitus,Diabetes,926971,0.0244439,0.00171966265942542,0.0121785124705192,0.0227242373405746,0.00741992489568241,0.0126706871532111,0.0015189006389617,0.13217587465166,0.8,1.10574069972133,0.500000160693621,0.824704051606735,0.0037099636401758,0.0115545115616321,0.973565799019249,0.0037099636401758,0.0227242373405746,0.965721251097793,0.0115545115616321,0.0227242373405746,UNCHANGED,"Calibrated 2019 IR is held by age, sex, cause and location; CF carries 80% of projected cause-mortality change since 2019; annual background mortality follows the WPP-scaled baseline."
IDN_NATIONAL,GBD_11,11,Indonesia,National,2032,81,Male,C_CMD,Cardiomyopathy and myocarditis,CVD,219479,0.12179003,0.000463073770826148,0.0686950487286955,0.121326956229174,0.000773262145024838,0.150321822785263,0.000302665463046978,0.529985503348534,0.8,1.42398840267883,0.584103771403263,0.854319654386053,0.000451665335192384,0.182872702707074,0.878221378435634,0.000451665335192384,0.121326956229174,0.695800341063752,0.182872702707074,0.121326956229174,UNCHANGED,"Calibrated 2019 IR is held by age, sex, cause and location; CF carries 80% of projected cause-mortality change since 2019; annual background mortality follows the WPP-scaled baseline."
IDN_NATIONAL,GBD_11,11,Indonesia,National,2040,36,Female,C_DM,Diabetes mellitus,Diabetes,2127673,0.00146329,3.42344803315918e-05,0.00101371349414431,0.00142905551966841,0.00357151755909466,0.00137195800895122,4.26346582777707e-05,-0.197026979586667,0.8,0.842378416330667,0.500000160693621,0.824704051606735,0.00178575935346742,0.000953116917382428,0.996785185126864,0.00178575935346742,0.00142905551966841,0.997617827562949,0.000953116917382428,0.00142905551966841,UNCHANGED,"Calibrated 2019 IR is held by age, sex, cause and location; CF carries 80% of projected cause-mortality change since 2019; annual background mortality follows the WPP-scaled baseline."
IDN_NATIONAL,GBD_11,11,Indonesia,National,2042,72,Male,C_DM,Diabetes mellitus,Diabetes,1044191,0.04825843,0.00384656209505906,0.0253554701691418,0.0444118679049409,0.00870248825929193,0.0246278634089424,0.00307666971211121,0.250235629751607,0.8,1.20018850380129,0.500000009256077,0.874818940170935,0.00435124421019687,0.0258579669388785,0.951236887884862,0.00435124421019687,0.0444118679049409,0.929730165156181,0.0258579669388785,0.0444118679049409,UNCHANGED,"Calibrated 2019 IR is held by age, sex, cause and location; CF carries 80% of projected cause-mortality change since 2019; annual background mortality follows the WPP-scaled baseline."
IDN_NATIONAL,GBD_11,11,Indonesia,National,2043,90,Female,C_IS,Ischaemic stroke,CVD,111211,0.20342759,0.0215407391506579,0.125051825282294,0.181886850849342,0.0228907968295981,0.333063513072278,0.0147791928354058,0.457504438202726,0.8,1.36600355056218,0.50000001358769,0.953863781237352,0.0114453987258321,0.433975533216564,0.806667750424826,0.0114453987258321,0.181886850849342,0.384137615934094,0.433975533216564,0.181886850849342,UNCHANGED,"Calibrated 2019 IR is held by age, sex, cause and location; CF carries 80% of projected cause-mortality change since 2019; annual background mortality follows the WPP-scaled baseline."
IDN_NATIONAL,GBD_11,11,Indonesia,National,2049,45,Female,C_ICH,Intracerebral haemorrhage,CVD,2094120,0.00254608,0.000381406550488665,0.00143857283623966,0.00216467344951134,0.00112011187381696,0.123687125739288,0.000715459051249778,-0.466906526904067,0.8,0.626474778476746,0.60226208656985,0.93800091950465,0.00067460091431667,0.0726827503362059,0.997160725636172,0.00067460091431667,0.00216467344951134,0.925152576214283,0.0726827503362059,0.00216467344951134,UNCHANGED,"Calibrated 2019 IR is held by age, sex, cause and location; CF carries 80% of projected cause-mortality change since 2019; annual background mortality follows the WPP-scaled baseline."
IDN_NATIONAL,GBD_11,11,Indonesia,National,2041,23,Female,C_RHD,Rheumatic heart disease,CVD,2144518,0.00076329,1.11583145700836e-05,0.000642601283428589,0.000752131685429916,0.000380851563606451,0.00388944225829381,2.28645371305437e-05,-0.511981611244703,0.8,0.590414711004238,0.50000000046055,0.630292412861138,0.000190425781978627,0.00144739336614021,0.999057442532592,0.000190425781978627,0.000752131685429916,0.99780047494843,0.00144739336614021,0.000752131685429916,UNCHANGED,"Calibrated 2019 IR is held by age, sex, cause and location; CF carries 80% of projected cause-mortality change since 2019; annual background mortality follows the WPP-scaled baseline."
IDN_NATIONAL,GBD_11,11,Indonesia,National,2047,78,Male,C_RHD,Rheumatic heart disease,CVD,699541,0.08077455,9.30249271335547e-06,0.0425000974074715,0.0807652475072866,3.54902797817608e-05,0.0158239197603672,2.63558389670806e-05,-0.647042436214055,0.8,0.482366051028756,0.500000000000582,0.624906744590431,1.7745139890901e-05,0.00476986424288954,0.919217007352822,1.7745139890901e-05,0.0807652475072866,0.914464888249824,0.00476986424288954,0.0807652475072866,UNCHANGED,"Calibrated 2019 IR is held by age, sex, cause and location; CF carries 80% of projected cause-mortality change since 2019; annual background mortality follows the WPP-scaled baseline."
IDN_NATIONAL,GBD_11,11,Indonesia,National,2027,24,Female,C_RHD,Rheumatic heart disease,CVD,2125745,0.00096475,1.4514389102976e-05,0.000843445281913828,0.000950235610897024,0.000341870457760711,0.00384125440641372,2.38345063080953e-05,-0.391034623694039,0.8,0.687172301044769,0.50000000046055,0.630292412861138,0.000170935229037804,0.00166372214054234,0.998878829160065,0.000170935229037804,0.000950235610897024,0.997386042248561,0.00166372214054234,0.000950235610897024,UNCHANGED,"Calibrated 2019 IR is held by age, sex, cause and location; CF carries 80% of projected cause-mortality change since 2019; annual background mortality follows the WPP-scaled baseline."
IDN_NATIONAL,GBD_11,11,Indonesia,National,2040,64,Male,C_ICH,Intracerebral haemorrhage,CVD,1536049,0.02381167,0.00320895801133,0.0117655756815875,0.02060271198867,0.00495013452319365,0.469141012720231,0.00397193367846959,-0.192091743947137,0.8,0.846326604842291,0.619800257687136,0.936190723053988,0.00306809465306141,0.371711269101532,0.976329193358269,0.00306809465306141,0.02060271198867,0.607686018909798,0.371711269101532,0.02060271198867,UNCHANGED,"Calibrated 2019 IR is held by age, sex, cause and location; CF carries 80% of projected cause-mortality change since 2019; annual background mortality follows the WPP-scaled baseline."
IDN_NATIONAL,GBD_11,11,Indonesia,National,2026,46,Female,C_IS,Ischaemic stroke,CVD,1995085,0.0038163,9.66246796727803e-05,0.00230003087907425,0.00371967532032722,0.000875447169636142,0.0175925595228453,0.000124349538998742,-0.222959084120467,0.8,0.821632732703627,0.50000001358769,0.953863781237352,0.000437723596713376,0.0137877411184039,0.995842601082959,0.000437723596713376,0.00371967532032722,0.982492583561269,0.0137877411184039,0.00371967532032722,UNCHANGED,"Calibrated 2019 IR is held by age, sex, cause and location; CF carries 80% of projected cause-mortality change since 2019; annual background mortality follows the WPP-scaled baseline."
IDN_NATIONAL,GBD_11,11,Indonesia,National,2027,40,Female,C_ICH,Intracerebral haemorrhage,CVD,2002975,0.00234593,0.000288397390133994,0.00154134355448156,0.00205753260986601,0.000743197626920743,0.0898199208208279,0.00039437740582479,-0.268727402040574,0.8,0.785018078367541,0.60226208656985,0.93800091950465,0.000447599753523048,0.0661386902546072,0.997494867636611,0.000447599753523048,0.00205753260986601,0.931803777135527,0.0661386902546072,0.00205753260986601,UNCHANGED,"Calibrated 2019 IR is held by age, sex, cause and location; CF carries 80% of projected cause-mortality change since 2019; annual background mortality follows the WPP-scaled baseline."
IDN_NATIONAL,GBD_11,11,Indonesia,National,2036,29,Female,C_DM,Diabetes mellitus,Diabetes,2257984,0.00103015,1.73260527923035e-05,0.000834453275017961,0.0010128239472077,0.00243029320524861,0.000958358420800628,2.08664700929345e-05,-0.169670159105146,0.8,0.864263872715883,0.500000160693621,0.824704051606735,0.00121514699315692,0.000683081385648823,0.997772029059635,0.00121514699315692,0.0010128239472077,0.998304094667143,0.000683081385648823,0.0010128239472077,UNCHANGED,"Calibrated 2019 IR is held by age, sex, cause and location; CF carries 80% of projected cause-mortality change since 2019; annual background mortality follows the WPP-scaled baseline."
IDN_NATIONAL,GBD_11,11,Indonesia,National,2039,87,Male,C_IHD,Ischaemic heart disease,CVD,91750,0.19946235,0.0313649004819089,0.11793095187636,0.168097449518091,0.0266973475915007,0.15708579306601,0.0160528777118107,0.953849088305993,0.8,1.76307927064479,0.520670577641515,0.939102798934496,0.013900523391963,0.26008893908259,0.818002027089946,0.013900523391963,0.168097449518091,0.571813611399319,0.26008893908259,0.168097449518091,UNCHANGED,"Calibrated 2019 IR is held by age, sex, cause and location; CF carries 80% of projected cause-mortality change since 2019; annual background mortality follows the WPP-scaled baseline."
IDN_NATIONAL,GBD_11,11,Indonesia,National,2035,25,Female,C_HHD,Hypertensive heart disease,CVD,2298206,0.00086564,4.44482180402179e-06,0.000703661027109989,0.000861195178195978,1.54713865704117e-05,0.0475929633715522,4.20113932117813e-06,0.0580039042302765,0.8,1.04640312338422,0.636902624129894,0.928853736440594,9.85376670562319e-06,0.0462582401772023,0.999128951055098,9.85376670562319e-06,0.000861195178195978,0.952880564644602,0.0462582401772023,0.000861195178195978,UNCHANGED,"Calibrated 2019 IR is held by age, sex, cause and location; CF carries 80% of projected cause-mortality change since 2019; annual background mortality follows the WPP-scaled baseline."
IDN_NATIONAL,GBD_11,11,Indonesia,National,2049,34,Female,C_IHD,Ischaemic heart disease,CVD,2228726,0.00115268,0.000165173426096076,0.000816313658030641,0.000987506573903923,0.000736076438589596,0.0306400602306307,0.000208577261741886,-0.208094762024069,0.8,0.833524190380745,0.500000255019161,1.00141411562457,0.000368038407008394,0.0255753468231116,0.998644455019088,0.000368038407008394,0.000987506573903923,0.973437146602985,0.0255753468231116,0.000987506573903923,UNCHANGED,"Calibrated 2019 IR is held by age, sex, cause and location; CF carries 80% of projected cause-mortality change since 2019; annual background mortality follows the WPP-scaled baseline."
IDN_NATIONAL,GBD_11,11,Indonesia,National,2035,45,Female,C_IHD,Ischaemic heart disease,CVD,1989500,0.00306807,0.000505957186071872,0.001800572815371,0.00256211281392813,0.00184820480946825,0.043546065358264,0.000679464766655758,-0.255359201975797,0.8,0.795712638419362,0.500000255019161,1.00141411562457,0.000924102876061765,0.0346991538839618,0.99651378431001,0.000924102876061765,0.00256211281392813,0.96273873330211,0.0346991538839618,0.00256211281392813,UNCHANGED,"Calibrated 2019 IR is held by age, sex, cause and location; CF carries 80% of projected cause-mortality change since 2019; annual background mortality follows the WPP-scaled baseline."
IDN_NATIONAL,GBD_11,11,Indonesia,National,2034,40,Male,C_RHD,Rheumatic heart disease,CVD,2165823,0.00270746,8.55877324902661e-06,0.00164029212769804,0.00269890122675097,1.88363730676822e-05,0.00261939933123159,1.59204210179662e-05,-0.462402832226107,0.8,0.630077734219115,0.500000000000582,0.624906744590431,9.41818653385203e-06,0.00103136183619583,0.997291680586715,9.41818653385203e-06,0.00269890122675097,0.996269736937053,0.00103136183619583,0.00269890122675097,UNCHANGED,"Calibrated 2019 IR is held by age, sex, cause and location; CF carries 80% of projected cause-mortality change since 2019; annual background mortality follows the WPP-scaled baseline."
IDN_NATIONAL,GBD_11,11,Indonesia,National,2031,79,Female,C_CMD,Cardiomyopathy and myocarditis,CVD,434948,0.07526146,0.000200349359022017,0.0383581159588125,0.075061110640978,0.000529870555632964,0.135215338501703,0.000160396050587387,0.249091597257643,0.8,1.19927327780611,0.531154605163038,0.930350003869953,0.000281443185764747,0.150865688936906,0.924657446173257,0.000281443185764747,0.075061110640978,0.774073200422116,0.150865688936906,0.075061110640978,UNCHANGED,"Calibrated 2019 IR is held by age, sex, cause and location; CF carries 80% of projected cause-mortality change since 2019; annual background mortality follows the WPP-scaled baseline."
IDN_NATIONAL,GBD_11,11,Indonesia,National,2039,27,Male,C_IS,Ischaemic stroke,CVD,2482664,0.00137614,6.20121714086969e-06,0.001170955562993,0.00136993878285913,0.000222387515072887,0.00378423968857671,8.06676921234697e-06,-0.231263845830852,0.8,0.814988923335318,0.500000006541575,0.929903354452946,0.000111193758991208,0.00286792742354583,0.99851886745815,0.000111193758991208,0.00136993878285913,0.995762133793595,0.00286792742354583,0.00136993878285913,UNCHANGED,"Calibrated 2019 IR is held by age, sex, cause and location; CF carries 80% of projected cause-mortality change since 2019; annual background mortality follows the WPP-scaled baseline."
IDN_NATIONAL,GBD_11,11,Indonesia,National,2034,84,Female,C_RHD,Rheumatic heart disease,CVD,235898,0.12345942,4.37210647559411e-05,0.0650345339659851,0.123415698935244,5.11902982738191e-05,0.0225770340154219,3.81512113698651e-05,0.145994142416028,0.8,1.11679531393282,0.50000000046055,0.630292412861138,2.55951491604852e-05,0.0158921461244639,0.876558705915596,2.55951491604852e-05,0.123415698935244,0.860692154940292,0.0158921461244639,0.123415698935244,UNCHANGED,"Calibrated 2019 IR is held by age, sex, cause and location; CF carries 80% of projected cause-mortality change since 2019; annual background mortality follows the WPP-scaled baseline."
IDN_NATIONAL,GBD_11,11,Indonesia,National,2037,83,Male,C_IS,Ischaemic stroke,CVD,205657,0.14051679,0.0164225215035105,0.0795481808740922,0.124094268496489,0.0170589277457778,0.12285745713414,0.0113614660950047,0.445457951129308,0.8,1.35636636090345,0.500000006541575,0.929903354452946,0.00852946398448118,0.154958836512785,0.867376267519029,0.00852946398448118,0.124094268496489,0.720946894990726,0.154958836512785,0.124094268496489,UNCHANGED,"Calibrated 2019 IR is held by age, sex, cause and location; CF carries 80% of projected cause-mortality change since 2019; annual background mortality follows the WPP-scaled baseline."
IDN_NATIONAL,GBD_11,11,Indonesia,National,2037,39,Male,C_IS,Ischaemic stroke,CVD,2231253,0.00244859,2.43258512701141e-05,0.0016705230757392,0.00242426414872989,0.000691424944907384,0.00780495133085015,3.78872187389714e-05,-0.357940432690244,0.8,0.713647653847805,0.500000006541575,0.929903354452946,0.0003457124769767,0.0051795479269942,0.997230023374293,0.0003457124769767,0.00242426414872989,0.992396187924276,0.0051795479269942,0.00242426414872989,UNCHANGED,"Calibrated 2019 IR is held by age, sex, cause and location; CF carries 80% of projected cause-mortality change since 2019; annual background mortality follows the WPP-scaled baseline."
IDN_NATIONAL,GBD_11,11,Indonesia,National,2029,68,Female,C_IHD,Ischaemic heart disease,CVD,1090608,0.02364649,0.00371637608597514,0.0116635573733083,0.0199301139140249,0.0068700661939731,0.0502984552548212,0.00315933821352598,0.176314732643795,0.8,1.14105178611504,0.500000255019161,1.00141411562457,0.00343503484898507,0.0574743027464793,0.97663485123699,0.00343503484898507,0.0199301139140249,0.922595583339496,0.0574743027464793,0.0199301139140249,UNCHANGED,"Calibrated 2019 IR is held by age, sex, cause and location; CF carries 80% of projected cause-mortality change since 2019; annual background mortality follows the WPP-scaled baseline."
IDN_NATIONAL,GBD_11,11,Indonesia,National,2045,48,Male,C_IS,Ischaemic stroke,CVD,2181089,0.0049582,0.000123168276447743,0.00243285157685592,0.00483503172355226,0.00177367798774417,0.0181996510324928,0.000208237232285688,-0.408519431920013,0.8,0.67318445446399,0.500000006541575,0.929903354452946,0.000886839005474736,0.0113929175267319,0.994278129270973,0.000886839005474736,0.00483503172355226,0.983772050749716,0.0113929175267319,0.00483503172355226,UNCHANGED,"Calibrated 2019 IR is held by age, sex, cause and location; CF carries 80% of projected cause-mortality change since 2019; annual background mortality follows the WPP-scaled baseline."
IDN_NATIONAL,GBD_11,11,Indonesia,National,2025,57,Female,C_CMD,Cardiomyopathy and myocarditis,CVD,1570071,0.00913891,2.33968806843938e-05,0.00493212454287365,0.00911551311931561,3.69340543460884e-05,0.216386996139172,2.31317667818892e-05,0.0114610312737613,0.8,1.00916882501901,0.531154605163038,0.930350003869953,1.96176930532668e-05,0.203161470596951,0.990864869187631,1.96176930532668e-05,0.00911551311931561,0.787723016283734,0.203161470596951,0.00911551311931561,UNCHANGED,"Calibrated 2019 IR is held by age, sex, cause and location; CF carries 80% of projected cause-mortality change since 2019; annual background mortality follows the WPP-scaled baseline."
IDN_NATIONAL,GBD_11,11,Indonesia,National,2045,94,Female,C_DM,Diabetes mellitus,Diabetes,36292,0.28516623,0.0142729598265597,0.175606412718757,0.27089327017344,0.00763429646141546,0.0728453206806864,0.0062301941225814,1.29093340363621,0.8,2.03274672290896,0.500000160693621,0.824704051606735,0.00381714945749047,0.12211894880666,0.725289580369069,0.00381714945749047,0.27089327017344,0.606987781019899,0.12211894880666,0.27089327017344,UNCHANGED,"Calibrated 2019 IR is held by age, sex, cause and location; CF carries 80% of projected cause-mortality change since 2019; annual background mortality follows the WPP-scaled baseline."
IDN_NATIONAL,GBD_11,11,Indonesia,National,2048,93,Male,C_DM,Diabetes mellitus,Diabetes,25464,0.30904792,0.0192806100186639,0.192400273492894,0.289767309981336,0.0126337635887057,0.100088506122475,0.00900174752825344,1.14187411479256,0.8,1.91349929183404,0.500000009256077,0.874818940170935,0.00631688191129194,0.167544698438711,0.703915808107372,0.00631688191129194,0.289767309981336,0.542687991579953,0.167544698438711,0.289767309981336,UNCHANGED,"Calibrated 2019 IR is held by age, sex, cause and location; CF carries 80% of projected cause-mortality change since 2019; annual background mortality follows the WPP-scaled baseline."
IDN_NATIONAL,GBD_11,11,Indonesia,National,2049,21,Female,C_RHD,Rheumatic heart disease,CVD,2048660,0.00067293,9.70104959769384e-06,0.000555475097179407,0.000663228950402306,0.00041983266945219,0.00393763011017389,2.18945679529921e-05,-0.556919797708633,0.8,0.554464161833094,0.50000000046055,0.630292412861138,0.000209916334919449,0.00137610152817186,0.999126854714678,0.000209916334919449,0.000663228950402306,0.997960669521426,0.00137610152817186,0.000663228950402306,UNCHANGED,"Calibrated 2019 IR is held by age, sex, cause and location; CF carries 80% of projected cause-mortality change since 2019; annual background mortality follows the WPP-scaled baseline."
IDN_NATIONAL,GBD_11,11,Indonesia,National,2038,67,Female,C_IS,Ischaemic stroke,CVD,1452496,0.01903555,0.00121477051357641,0.00918611713274699,0.0178207794864236,0.00471747195036755,0.0524275580823716,0.00123735347524267,-0.018251018902932,0.8,0.985399184877654,0.50000001358769,0.953863781237352,0.00235873603928332,0.0492785802978583,0.979820484474293,0.00235873603928332,0.0178207794864236,0.932900640215718,0.0492785802978583,0.0178207794864236,UNCHANGED,"Calibrated 2019 IR is held by age, sex, cause and location; CF carries 80% of projected cause-mortality change since 2019; annual background mortality follows the WPP-scaled baseline."
IDN_NATIONAL,GBD_11,11,Indonesia,National,2044,61,Male,C_IS,Ischaemic stroke,CVD,1821765,0.01705992,0.00102049363969152,0.00834845074365845,0.0160394263603085,0.00513253386487693,0.035399227040345,0.00130596995669437,-0.218593326392777,0.8,0.825125338885778,0.500000006541575,0.929903354452946,0.00256626696601332,0.0271613603630239,0.981394306673678,0.00256626696601332,0.0160394263603085,0.956799213276668,0.0271613603630239,0.0160394263603085,UNCHANGED,"Calibrated 2019 IR is held by age, sex, cause and location; CF carries 80% of projected cause-mortality change since 2019; annual background mortality follows the WPP-scaled baseline."
IDN_NATIONAL,GBD_11,11,Indonesia,National,2048,86,Male,C_IHD,Ischaemic heart disease,CVD,203326,0.17078641,0.0272356308480404,0.101246904175221,0.14355077915196,0.0250042390399734,0.148022866338218,0.0153015502037296,0.779926248348486,0.8,1.62394099867879,0.520670577641515,0.939102798934496,0.0130189715844295,0.225741907753015,0.843430249263611,0.0130189715844295,0.14355077915196,0.630707313095025,0.225741907753015,0.14355077915196,UNCHANGED,"Calibrated 2019 IR is held by age, sex, cause and location; CF carries 80% of projected cause-mortality change since 2019; annual background mortality follows the WPP-scaled baseline."
IDN_NATIONAL,GBD_11,11,Indonesia,National,2034,63,Female,C_HHD,Hypertensive heart disease,CVD,1549018,0.0136596,0.000505439489534761,0.00681450794153044,0.0131541605104652,0.00152597187433348,0.120908154340745,0.00049316514254922,0.024888918389677,0.8,1.01991113471174,0.636902624129894,0.928853736440594,0.000971895491111405,0.114542130639791,0.985873943998423,0.000971895491111405,0.0131541605104652,0.872303708849744,0.114542130639791,0.0131541605104652,UNCHANGED,"Calibrated 2019 IR is held by age, sex, cause and location; CF carries 80% of projected cause-mortality change since 2019; annual background mortality follows the WPP-scaled baseline."
IDN_NATIONAL,GBD_11,11,Indonesia,National,2044,92,Male,C_DM,Diabetes mellitus,Diabetes,27209,0.29188849,0.0175692193018619,0.181363697556616,0.274319270698138,0.0126337635887057,0.100088506122475,0.00824536595700203,1.13079921418672,0.8,1.90463937134938,0.500000009256077,0.874818940170935,0.00631688191129194,0.166768929818295,0.71936384739057,0.00631688191129194,0.274319270698138,0.558911799483567,0.166768929818295,0.274319270698138,UNCHANGED,"Calibrated 2019 IR is held by age, sex, cause and location; CF carries 80% of projected cause-mortality change since 2019; annual background mortality follows the WPP-scaled baseline."
IDN_NATIONAL,GBD_11,11,Indonesia,National,2027,72,Female,C_CMD,Cardiomyopathy and myocarditis,CVD,749162,0.03649798,8.7640012639094e-05,0.0177230694293943,0.0364103399873609,0.000163751213538277,0.126648528487308,6.65773233910045e-05,0.316364314083184,0.8,1.25309145126655,0.531154605163038,0.930350003869953,8.69772111718919e-05,0.147648581557625,0.963502682801467,8.69772111718919e-05,0.0364103399873609,0.815941078455014,0.147648581557625,0.0364103399873609,UNCHANGED,"Calibrated 2019 IR is held by age, sex, cause and location; CF carries 80% of projected cause-mortality change since 2019; annual background mortality follows the WPP-scaled baseline."
IDN_NATIONAL,GBD_11,11,Indonesia,National,2040,34,Female,C_DM,Diabetes mellitus,Diabetes,2213068,0.00127812,2.42874771978697e-05,0.000938400247748958,0.00125383252280213,0.0032148554927594,0.00121111257293252,3.49228796629786e-05,-0.304539676216433,0.8,0.756368259026853,0.500000160693621,0.824704051606735,0.00160742826298647,0.000755467761656619,0.997138739214211,0.00160742826298647,0.00125383252280213,0.997990699715541,0.000755467761656619,0.00125383252280213,UNCHANGED,"Calibrated 2019 IR is held by age, sex, cause and location; CF carries 80% of projected cause-mortality change since 2019; annual background mortality follows the WPP-scaled baseline."
IDN_NATIONAL,GBD_11,11,Indonesia,National,2038,37,Male,C_IHD,Ischaemic heart disease,CVD,2194725,0.00210382,0.000351761817317457,0.00142995716026812,0.00175205818268254,0.00145113975640829,0.0340916119844992,0.000358812273539656,-0.0196494288019938,0.8,0.984280456958405,0.520670577641515,0.939102798934496,0.00075556577520767,0.0315122587607451,0.99749237604211,0.00075556577520767,0.00175205818268254,0.966735683056572,0.0315122587607451,0.00175205818268254,UNCHANGED,"Calibrated 2019 IR is held by age, sex, cause and location; CF carries 80% of projected cause-mortality change since 2019; annual background mortality follows the WPP-scaled baseline."
IDN_NATIONAL,GBD_11,11,Indonesia,National,2049,72,Male,C_CMD,Cardiomyopathy and myocarditis,CVD,1202793,0.04448909,0.000100111289345923,0.0233237131995141,0.0443889787106541,0.000271318200368967,0.145009060303735,0.000125925826952096,-0.204997959759226,0.8,0.836001632192619,0.584103771403263,0.854319654386053,0.00015847798408586,0.10356730167806,0.95545254330526,0.00015847798408586,0.0443889787106541,0.852043719611286,0.10356730167806,0.0443889787106541,UNCHANGED,"Calibrated 2019 IR is held by age, sex, cause and location; CF carries 80% of projected cause-mortality change since 2019; annual background mortality follows the WPP-scaled baseline."
IDN_NATIONAL,GBD_11,11,Indonesia,National,2037,85,Female,C_CMD,Cardiomyopathy and myocarditis,CVD,237314,0.13275656,0.000744152480847577,0.0765228150993687,0.132012407519152,0.00113896160779743,0.144857634857741,0.000395138280921864,0.883271038967569,0.8,1.70661683117406,0.531154605163038,0.930350003869953,0.000604964703085504,0.229997851052163,0.867382627777762,0.000604964703085504,0.132012407519152,0.637989741428684,0.229997851052163,0.132012407519152,UNCHANGED,"Calibrated 2019 IR is held by age, sex, cause and location; CF carries 80% of projected cause-mortality change since 2019; annual background mortality follows the WPP-scaled baseline."
IDN_NATIONAL,GBD_11,11,Indonesia,National,2038,36,Female,C_IS,Ischaemic stroke,CVD,2101435,0.00149773,2.38389814568395e-05,0.00104491530038694,0.00147389101854316,0.000345747453561998,0.00999430295992598,3.15148637173626e-05,-0.243563872887517,0.8,0.805148901689986,0.50000001358769,0.953863781237352,0.000172873731478908,0.0076756484179391,0.998353235249978,0.000172873731478908,0.00147389101854316,0.990850460563518,0.0076756484179391,0.00147389101854316,UNCHANGED,"Calibrated 2019 IR is held by age, sex, cause and location; CF carries 80% of projected cause-mortality change since 2019; annual background mortality follows the WPP-scaled baseline."
IDN_NATIONAL,GBD_11,11,Indonesia,National,2045,57,Male,C_RHD,Rheumatic heart disease,CVD,1909285,0.01151826,6.93649475116315e-06,0.00548906321636298,0.0115113235052488,2.72340153644221e-05,0.00584240795388296,2.28178909555731e-05,-0.696006315190626,0.8,0.443194947847499,0.500000000000582,0.624906744590431,1.36170076822269e-05,0.00161808708663803,0.988475059487069,1.36170076822269e-05,0.0115113235052488,0.986870589408113,0.00161808708663803,0.0115113235052488,UNCHANGED,"Calibrated 2019 IR is held by age, sex, cause and location; CF carries 80% of projected cause-mortality change since 2019; annual background mortality follows the WPP-scaled baseline."
IDN_NATIONAL,GBD_11,11,Indonesia,National,2041,32,Female,C_DM,Diabetes mellitus,Diabetes,2255484,0.0011264,2.15476178713696e-05,0.000823590590090605,0.00110485238212863,0.00285819342642415,0.00105026713691383,2.72111010481866e-05,-0.208131349289685,0.8,0.833494920568252,0.500000160693621,0.824704051606735,0.00142909717250552,0.000721939596230661,0.997466050445366,0.00142909717250552,0.00110485238212863,0.998173208021641,0.000721939596230661,0.00110485238212863,UNCHANGED,"Calibrated 2019 IR is held by age, sex, cause and location; CF carries 80% of projected cause-mortality change since 2019; annual background mortality follows the WPP-scaled baseline."
IDN_NATIONAL,GBD_11,11,Indonesia,National,2043,87,Female,C_ICH,Intracerebral haemorrhage,CVD,231103,0.15326388,0.0089502585499907,0.0887331428516477,0.144313621450009,0.00894641014620789,0.513466206618893,0.00668566881103543,0.338722991365847,0.8,1.27097839309268,0.60226208656985,0.93800091950465,0.00538808364196484,0.612143578108559,0.850298294908026,0.00538808364196484,0.144313621450009,0.243542800441432,0.612143578108559,0.144313621450009,UNCHANGED,"Calibrated 2019 IR is held by age, sex, cause and location; CF carries 80% of projected cause-mortality change since 2019; annual background mortality follows the WPP-scaled baseline."
IDN_NATIONAL,GBD_11,11,Indonesia,National,2049,48,Male,C_CMD,Cardiomyopathy and myocarditis,CVD,2124536,0.00473002,2.96800578640204e-05,0.00225531182413609,0.00470033994213598,4.6295083149944e-05,0.187604091759774,4.03003839587181e-05,-0.26352915410376,0.8,0.789176676716992,0.584103771403263,0.854319654386053,2.70411326653099e-05,0.126484394435631,0.995272618925199,2.70411326653099e-05,0.00470033994213598,0.868815265622233,0.126484394435631,0.00470033994213598,UNCHANGED,"Calibrated 2019 IR is held by age, sex, cause and location; CF carries 80% of projected cause-mortality change since 2019; annual background mortality follows the WPP-scaled baseline."
IDN_NATIONAL,GBD_11,11,Indonesia,National,2038,67,Female,C_IHD,Ischaemic heart disease,CVD,1452496,0.01903555,0.00322422973701736,0.00918611713274699,0.0158113202629826,0.00653089929315614,0.0495077999639688,0.00288969216281701,0.115769277608526,0.8,1.09261542208682,0.500000255019161,1.00141411562457,0.00326545131208253,0.0541694794905562,0.980923228424935,0.00326545131208253,0.0158113202629826,0.930019200246461,0.0541694794905562,0.0158113202629826,UNCHANGED,"Calibrated 2019 IR is held by age, sex, cause and location; CF carries 80% of projected cause-mortality change since 2019; annual background mortality follows the WPP-scaled baseline."
IDN_NATIONAL,GBD_11,11,Indonesia,National,2038,68,Female,C_HHD,Hypertensive heart disease,CVD,1401829,0.02108918,0.00081712324898378,0.0101771515776316,0.0202720567510162,0.00197683084301768,0.0807939532586337,0.000712891890641896,0.146209207469078,0.8,1.11696736597526,0.636902624129894,0.928853736440594,0.00125904875137887,0.0838236708685575,0.978468894497605,0.00125904875137887,0.0202720567510162,0.895904272380426,0.0838236708685575,0.0202720567510162,UNCHANGED,"Calibrated 2019 IR is held by age, sex, cause and location; CF carries 80% of projected cause-mortality change since 2019; annual background mortality follows the WPP-scaled baseline."
IDN_NATIONAL,GBD_11,11,Indonesia,National,2040,94,Female,C_DM,Diabetes mellitus,Diabetes,28869,0.29462601,0.0142356334015692,0.180600553266821,0.280390376598431,0.00763429646141546,0.0728453206806864,0.0062301941225814,1.28494218983836,0.8,2.02795375187069,0.500000160693621,0.824704051606735,0.00381714945749047,0.121831007088069,0.715792473944079,0.00381714945749047,0.280390376598431,0.5977786163135,0.121831007088069,0.280390376598431,UNCHANGED,"Calibrated 2019 IR is held by age, sex, cause and location; CF carries 80% of projected cause-mortality change since 2019; annual background mortality follows the WPP-scaled baseline."
IDN_NATIONAL,GBD_11,11,Indonesia,National,2026,86,Male,C_ICH,Intracerebral haemorrhage,CVD,71923,0.19653774,0.0119042639645073,0.115478361475054,0.184633476035493,0.00934094834090912,0.890651337822345,0.00687799306939667,0.730775801079944,0.8,1.58462064086396,0.619800257687136,0.936190723053988,0.0057895221887377,0.810366523964507,0.80957700177577,0.0057895221887377,0.184633476035493,0.00499999999999998,0.810366523964507,0.184633476035493,DISEASE_TRANSITION_CAPPED,"Calibrated 2019 IR is held by age, sex, cause and location; CF carries 80% of projected cause-mortality change since 2019; annual background mortality follows the WPP-scaled baseline."
IDN_NATIONAL,GBD_11,11,Indonesia,National,2040,29,Male,C_CMD,Cardiomyopathy and myocarditis,CVD,2466947,0.00142108,9.17817790339483e-06,0.00120702857763362,0.00141190182209661,1.61409064186142e-05,0.0718119076014437,1.12735338115237e-05,-0.185865048454199,0.8,0.851307961236641,0.584103771403263,0.854319654386053,9.4279643129797e-06,0.052228019316194,0.99857867021359,9.4279643129797e-06,0.00141190182209661,0.946360078861709,0.052228019316194,0.00141190182209661,UNCHANGED,"Calibrated 2019 IR is held by age, sex, cause and location; CF carries 80% of projected cause-mortality change since 2019; annual background mortality follows the WPP-scaled baseline."
IDN_NATIONAL,GBD_11,11,Indonesia,National,2032,70,Female,C_CMD,Cardiomyopathy and myocarditis,CVD,1071092,0.02818404,6.8852314897069e-05,0.0135495780845142,0.0281151876851029,0.000136021933751746,0.129873163411835,5.48748824672552e-05,0.254714576166141,0.8,1.20377166093291,0.531154605163038,0.930350003869953,7.22486765154218e-05,0.145448718053506,0.971812563638382,7.22486765154218e-05,0.0281151876851029,0.826436094261392,0.145448718053506,0.0281151876851029,UNCHANGED,"Calibrated 2019 IR is held by age, sex, cause and location; CF carries 80% of projected cause-mortality change since 2019; annual background mortality follows the WPP-scaled baseline."
IDN_NATIONAL,GBD_11,11,Indonesia,National,2049,70,Male,C_IHD,Ischaemic heart disease,CVD,1369324,0.03683595,0.00641147773107063,0.0193115016115556,0.0304244722689294,0.0101433650365552,0.0702821026276088,0.00629210089127378,0.0189724929494399,0.8,1.01517799435955,0.520670577641515,0.939102798934496,0.00528135173281197,0.0670038990869303,0.964294175998259,0.00528135173281197,0.0304244722689294,0.90257162864414,0.0670038990869303,0.0304244722689294,UNCHANGED,"Calibrated 2019 IR is held by age, sex, cause and location; CF carries 80% of projected cause-mortality change since 2019; annual background mortality follows the WPP-scaled baseline."
IDN_NATIONAL,GBD_11,11,Indonesia,National,2031,58,Male,C_IS,Ischaemic stroke,CVD,1648821,0.01499149,0.000494963001707214,0.00761539336190996,0.0144965269982928,0.0041041431183305,0.0289167455738895,0.000733914597851346,-0.325585016081846,0.8,0.739531987134524,0.500000006541575,0.929903354452946,0.00205207158601281,0.0198858514822908,0.983451401415694,0.00205207158601281,0.0144965269982928,0.965617621519417,0.0198858514822908,0.0144965269982928,UNCHANGED,"Calibrated 2019 IR is held by age, sex, cause and location; CF carries 80% of projected cause-mortality change since 2019; annual background mortality follows the WPP-scaled baseline."
IDN_NATIONAL,GBD_11,11,Indonesia,National,2046,35,Male,C_ICH,Intracerebral haemorrhage,CVD,2451891,0.00173902,0.000153481394198631,0.00114839034044972,0.00158553860580137,0.000478377835922031,0.0748310946923361,0.000197316160666527,-0.222154973621137,0.8,0.82227602110309,0.619800257687136,0.936190723053988,0.000296498705976289,0.0576055141869407,0.998117962688222,0.000296498705976289,0.00158553860580137,0.940808947207258,0.0576055141869407,0.00158553860580137,UNCHANGED,"Calibrated 2019 IR is held by age, sex, cause and location; CF carries 80% of projected cause-mortality change since 2019; annual background mortality follows the WPP-scaled baseline."
IDN_NATIONAL,GBD_11,11,Indonesia,National,2025,69,Female,C_HHD,Hypertensive heart disease,CVD,863970,0.02706653,0.00096162113257669,0.013485166979847,0.0261049088674233,0.00203730868675665,0.0803214375984805,0.000803743779452358,0.196427465021134,0.8,1.15714197201691,0.636902624129894,0.928853736440594,0.00129756724875794,0.0863307377035244,0.972597523883819,0.00129756724875794,0.0261049088674233,0.887564353429052,0.0863307377035244,0.0261049088674233,UNCHANGED,"Calibrated 2019 IR is held by age, sex, cause and location; CF carries 80% of projected cause-mortality change since 2019; annual background mortality follows the WPP-scaled baseline."
IDN_NATIONAL,GBD_11,11,Indonesia,National,2034,43,Male,C_CMD,Cardiomyopathy and myocarditis,CVD,2114524,0.00348307,2.1505897764599e-05,0.00211018899677972,0.0034615641022354,3.53734818876437e-05,0.130115439335483,2.48030366606971e-05,-0.132932871938326,0.8,0.893653702449339,0.584103771403263,0.854319654386053,2.06617841782377e-05,0.0993387038869787,0.996517774113586,2.06617841782377e-05,0.0034615641022354,0.897199732010786,0.0993387038869787,0.0034615641022354,UNCHANGED,"Calibrated 2019 IR is held by age, sex, cause and location; CF carries 80% of projected cause-mortality change since 2019; annual background mortality follows the WPP-scaled baseline."
IDN_NATIONAL,GBD_11,11,Indonesia,National,2028,52,Male,C_IS,Ischaemic stroke,CVD,1838999,0.00873882,0.000255224963837441,0.00456897841777527,0.00848359503616256,0.00251758275523483,0.0204195209992901,0.000354581402742663,-0.280207698815298,0.8,0.775833840947762,0.500000006541575,0.929903354452946,0.00125879139408637,0.0147316734549134,0.990257613569751,0.00125879139408637,0.00848359503616256,0.976784731508924,0.0147316734549134,0.00848359503616256,UNCHANGED,"Calibrated 2019 IR is held by age, sex, cause and location; CF carries 80% of projected cause-mortality change since 2019; annual background mortality follows the WPP-scaled baseline."
IDN_NATIONAL,GBD_11,11,Indonesia,National,2040,50,Female,C_IS,Ischaemic stroke,CVD,1954170,0.00430255,0.000141258901578436,0.00231926782281709,0.00416129109842156,0.001213440472567,0.0193377125848793,0.000192086573871096,-0.264608146568164,0.8,0.788313482745469,0.50000001358769,0.953863781237352,0.000606720252771355,0.014540870753259,0.995231988648807,0.000606720252771355,0.00416129109842156,0.981297838148319,0.014540870753259,0.00416129109842156,UNCHANGED,"Calibrated 2019 IR is held by age, sex, cause and location; CF carries 80% of projected cause-mortality change since 2019; annual background mortality follows the WPP-scaled baseline."
IDN_NATIONAL,GBD_11,11,Indonesia,National,2030,41,Male,C_RHD,Rheumatic heart disease,CVD,2114716,0.00304624,1.0512001999286e-05,0.00188953739507821,0.00303572799800071,1.9330076213364e-05,0.00272257415557005,1.61933577872649e-05,-0.350844825552296,0.8,0.719324139558164,0.500000000000582,0.624906744590431,9.66503810669326e-06,0.0012238256872637,0.996954606963893,9.66503810669326e-06,0.00303572799800071,0.995740446314736,0.0012238256872637,0.00303572799800071,UNCHANGED,"Calibrated 2019 IR is held by age, sex, cause and location; CF carries 80% of projected cause-mortality change since 2019; annual background mortality follows the WPP-scaled baseline."
IDN_NATIONAL,GBD_11,11,Indonesia,National,2048,55,Male,C_IHD,Ischaemic heart disease,CVD,1982274,0.0092596,0.00227755816729198,0.00435700171659183,0.00698204183270802,0.0059669493255401,0.0627274661292404,0.00270982689100952,-0.159518943867481,0.8,0.872384844906016,0.520670577641515,0.939102798934496,0.00310681495208661,0.0513900442848123,0.989911143215205,0.00310681495208661,0.00698204183270802,0.94162791388248,0.0513900442848123,0.00698204183270802,UNCHANGED,"Calibrated 2019 IR is held by age, sex, cause and location; CF carries 80% of projected cause-mortality change since 2019; annual background mortality follows the WPP-scaled baseline."
IDN_NATIONAL,GBD_11,11,Indonesia,National,2044,81,Male,C_RHD,Rheumatic heart disease,CVD,422171,0.1098884,1.38245834078861e-05,0.0624752243513487,0.109874575416592,4.16329006240744e-05,0.0206690651477129,3.11887611215714e-05,-0.556744708326218,0.8,0.554604233339026,0.500000000000582,0.624906744590431,2.08164503120614e-05,0.0071634003929568,0.890104608133096,2.08164503120614e-05,0.109874575416592,0.882962024190451,0.0071634003929568,0.109874575416592,UNCHANGED,"Calibrated 2019 IR is held by age, sex, cause and location; CF carries 80% of projected cause-mortality change since 2019; annual background mortality follows the WPP-scaled baseline."
IDN_NATIONAL,GBD_11,11,Indonesia,National,2028,33,Male,C_IS,Ischaemic stroke,CVD,2218562,0.00179816,1.1643439997129e-05,0.00140695719222884,0.00178651656000287,0.000374855000143213,0.00510365678742139,1.7723316902376e-05,-0.343043965118737,0.8,0.725564827905011,0.500000006541575,0.929903354452946,0.000187427502523749,0.00344346360681299,0.998026055937473,0.000187427502523749,0.00178651656000287,0.994770019833184,0.00344346360681299,0.00178651656000287,UNCHANGED,"Calibrated 2019 IR is held by age, sex, cause and location; CF carries 80% of projected cause-mortality change since 2019; annual background mortality follows the WPP-scaled baseline."
IDN_NATIONAL,GBD_11,11,Indonesia,National,2047,39,Male,C_IS,Ischaemic stroke,CVD,2318915,0.0022378,2.33584821178253e-05,0.00147266626802828,0.00221444151788217,0.000691424944907384,0.00780495133085015,3.78872187389714e-05,-0.383473295341197,0.8,0.693221363727043,0.500000006541575,0.929903354452946,0.0003457124769767,0.00503129696858253,0.997439846005141,0.0003457124769767,0.00221444151788217,0.992754261513535,0.00503129696858253,0.00221444151788217,UNCHANGED,"Calibrated 2019 IR is held by age, sex, cause and location; CF carries 80% of projected cause-mortality change since 2019; annual background mortality follows the WPP-scaled baseline."
IDN_NATIONAL,GBD_11,11,Indonesia,National,2047,39,Male,C_DM,Diabetes mellitus,Diabetes,2318915,0.0022378,7.65560481673087e-05,0.00147266626802828,0.00216124395183269,0.00474260300635223,0.00241000013942728,0.000108034183717416,-0.291371994186993,0.8,0.766902404650406,0.500000009256077,0.874818940170935,0.00237130154707401,0.00161687089827232,0.995467454501093,0.00237130154707401,0.00216124395183269,0.996221885149895,0.00161687089827232,0.00216124395183269,UNCHANGED,"Calibrated 2019 IR is held by age, sex, cause and location; CF carries 80% of projected cause-mortality change since 2019; annual background mortality follows the WPP-scaled baseline."
IDN_NATIONAL,GBD_11,11,Indonesia,National,2026,49,Female,C_RHD,Rheumatic heart disease,CVD,1887042,0.00484893,3.07965047178366e-05,0.00292238260369193,0.00481813349528216,4.47359444338247e-05,0.00614173371965614,3.85878237212852e-05,-0.201911335029524,0.8,0.838470931976381,0.50000000046055,0.630292412861138,2.23679722375155e-05,0.00324579490173246,0.99515949853248,2.23679722375155e-05,0.00481813349528216,0.991936071602985,0.00324579490173246,0.00481813349528216,UNCHANGED,"Calibrated 2019 IR is held by age, sex, cause and location; CF carries 80% of projected cause-mortality change since 2019; annual background mortality follows the WPP-scaled baseline."
IDN_NATIONAL,GBD_11,11,Indonesia,National,2043,78,Male,C_ICH,Intracerebral haemorrhage,CVD,611005,0.08407998,0.00797771194361501,0.0443725706122087,0.076102268056385,0.00801503128246968,0.834397390007147,0.00622359759573066,0.281848933981153,0.8,1.22547914718492,0.619800257687136,0.936190723053988,0.00496771845424516,0.918897731943615,0.91893001348937,0.00496771845424516,0.076102268056385,0.005,0.918897731943615,0.076102268056385,DISEASE_TRANSITION_CAPPED,"Calibrated 2019 IR is held by age, sex, cause and location; CF carries 80% of projected cause-mortality change since 2019; annual background mortality follows the WPP-scaled baseline."
IDN_NATIONAL,GBD_11,11,Indonesia,National,2028,57,Male,C_HHD,Hypertensive heart disease,CVD,1610292,0.01400946,0.000420687002224782,0.00721987315818323,0.0135887729977752,0.000948863237982621,0.331951621896257,0.000471848106609921,-0.108427063007024,0.8,0.913258349594381,0.677760579995556,0.862219548003387,0.000643102098511562,0.261388400532403,0.985768124903713,0.000643102098511562,0.0135887729977752,0.725022826469822,0.261388400532403,0.0135887729977752,UNCHANGED,"Calibrated 2019 IR is held by age, sex, cause and location; CF carries 80% of projected cause-mortality change since 2019; annual background mortality follows the WPP-scaled baseline."
IDN_NATIONAL,GBD_11,11,Indonesia,National,2032,82,Female,C_ICH,Intracerebral haemorrhage,CVD,295111,0.10221476,0.00792119301069316,0.053783933486431,0.0942935669893068,0.00712587185482027,0.48934652111996,0.00544236312981907,0.455469402122841,0.8,1.36437552169827,0.60226208656985,0.93800091950465,0.00429164245191342,0.626258579221034,0.90141479055878,0.00429164245191342,0.0942935669893068,0.279447853789659,0.626258579221034,0.0942935669893068,UNCHANGED,"Calibrated 2019 IR is held by age, sex, cause and location; CF carries 80% of projected cause-mortality change since 2019; annual background mortality follows the WPP-scaled baseline."
IDN_NATIONAL,GBD_11,11,Indonesia,National,2040,90,Female,C_IHD,Ischaemic heart disease,CVD,89136,0.2083261,0.0265263883501458,0.127700228910268,0.181799711649854,0.0235824311262278,0.146188542163043,0.0135397498709376,0.959149068704989,0.8,1.76731925496399,0.500000255019161,1.00141411562457,0.0117912215770857,0.258727178913979,0.80640906677306,0.0117912215770857,0.181799711649854,0.559473109436167,0.258727178913979,0.181799711649854,UNCHANGED,"Calibrated 2019 IR is held by age, sex, cause and location; CF carries 80% of projected cause-mortality change since 2019; annual background mortality follows the WPP-scaled baseline."
IDN_NATIONAL,GBD_11,11,Indonesia,National,2027,42,Female,C_ICH,Intracerebral haemorrhage,CVD,2020105,0.00271243,0.00033345314349582,0.00178214460682221,0.00237897685650418,0.000891177746220124,0.104753401720017,0.000509375155328753,-0.345368261472023,0.8,0.723705390822381,0.60226208656985,0.93800091950465,0.000536722568943148,0.0711104139449901,0.997084300574553,0.000536722568943148,0.00237897685650418,0.926510609198506,0.0711104139449901,0.00237897685650418,UNCHANGED,"Calibrated 2019 IR is held by age, sex, cause and location; CF carries 80% of projected cause-mortality change since 2019; annual background mortality follows the WPP-scaled baseline."
IDN_NATIONAL,GBD_11,11,Indonesia,National,2031,35,Male,C_DM,Diabetes mellitus,Diabetes,2245600,0.00194918,5.97949463860289e-05,0.00136056953190349,0.00188938505361397,0.00403471079881526,0.00170779233546313,6.0809697473394e-05,-0.0166873233962237,0.8,0.986650141283021,0.500000009256077,0.874818940170935,0.00201735543675322,0.00147406427078944,0.996093259509633,0.00201735543675322,0.00188938505361397,0.996636550675596,0.00147406427078944,0.00188938505361397,UNCHANGED,"Calibrated 2019 IR is held by age, sex, cause and location; CF carries 80% of projected cause-mortality change since 2019; annual background mortality follows the WPP-scaled baseline."
IDN_NATIONAL,GBD_11,11,Indonesia,National,2048,20,Male,C_CMD,Cardiomyopathy and myocarditis,CVD,2167846,0.00122573,5.64871150600182e-06,0.00111318345226838,0.001220081288494,8.61792280811759e-06,0.0344307635326988,6.63211883648002e-06,-0.148279509870806,0.8,0.881376392103356,0.584103771403263,0.854319654386053,5.03376121388368e-06,0.0259255790471252,0.998774884950292,5.03376121388368e-06,0.001220081288494,0.972854339664381,0.0259255790471252,0.001220081288494,UNCHANGED,"Calibrated 2019 IR is held by age, sex, cause and location; CF carries 80% of projected cause-mortality change since 2019; annual background mortality follows the WPP-scaled baseline."
IDN_NATIONAL,GBD_11,11,Indonesia,National,2027,21,Female,C_IHD,Ischaemic heart disease,CVD,2247709,0.00093152,4.92648640124058e-05,0.000814393520609867,0.000882255135987594,0.000411303992449062,0.0263917579507069,6.42967804616625e-05,-0.233789566776514,0.8,0.812968346578789,0.500000255019161,1.00141411562457,0.00020565210111493,0.0214860046139434,0.998912092762897,0.00020565210111493,0.000882255135987594,0.977631740250069,0.0214860046139434,0.000882255135987594,UNCHANGED,"Calibrated 2019 IR is held by age, sex, cause and location; CF carries 80% of projected cause-mortality change since 2019; annual background mortality follows the WPP-scaled baseline."
IDN_NATIONAL,GBD_11,11,Indonesia,National,2048,74,Male,C_DM,Diabetes mellitus,Diabetes,1019730,0.05451157,0.00458406183037374,0.0285873261983126,0.0499275081696263,0.00837330735605049,0.0277591768994466,0.00344847879152477,0.329299702129489,0.8,1.26343976170359,0.500000009256077,0.874818940170935,0.00418665375552923,0.0306816917270709,0.945885838074845,0.00418665375552923,0.0499275081696263,0.919390800103303,0.0306816917270709,0.0499275081696263,UNCHANGED,"Calibrated 2019 IR is held by age, sex, cause and location; CF carries 80% of projected cause-mortality change since 2019; annual background mortality follows the WPP-scaled baseline."
IDN_NATIONAL,GBD_11,11,Indonesia,National,2034,63,Male,C_ICH,Intracerebral haemorrhage,CVD,1443720,0.02325891,0.00320169751580298,0.0116677534277428,0.020057212484197,0.00472133507339847,0.451828040872391,0.00380499466758475,-0.158554007163619,0.8,0.873156794269104,0.619800257687136,0.936190723053988,0.00292628469511968,0.369342896844768,0.977016502820683,0.00292628469511968,0.020057212484197,0.610599890671035,0.369342896844768,0.020057212484197,UNCHANGED,"Calibrated 2019 IR is held by age, sex, cause and location; CF carries 80% of projected cause-mortality change since 2019; annual background mortality follows the WPP-scaled baseline."
IDN_NATIONAL,GBD_11,11,Indonesia,National,2045,30,Female,C_HHD,Hypertensive heart disease,CVD,2234519,0.00098272,1.09411372168308e-05,0.000706952986206527,0.000971778862783169,3.19515033605097e-05,0.0700981661056612,1.02650764643385e-05,0.0658602743818837,0.8,1.05268821950551,0.636902624129894,0.928853736440594,2.03499963352037e-05,0.0685415231884724,0.999007871140882,2.03499963352037e-05,0.000971778862783169,0.930486697948744,0.0685415231884724,0.000971778862783169,UNCHANGED,"Calibrated 2019 IR is held by age, sex, cause and location; CF carries 80% of projected cause-mortality change since 2019; annual background mortality follows the WPP-scaled baseline."
IDN_NATIONAL,GBD_11,11,Indonesia,National,2038,64,Female,C_IS,Ischaemic stroke,CVD,1590441,0.0141596,0.000820507184688016,0.00698315398613641,0.013339092815312,0.00376578079515696,0.0426976714702114,0.000996868515836307,-0.176915338729837,0.8,0.85846772901613,0.50000001358769,0.953863781237352,0.00188289044874674,0.0349634696599011,0.984778016735941,0.00188289044874674,0.013339092815312,0.951697437524787,0.0349634696599011,0.013339092815312,UNCHANGED,"Calibrated 2019 IR is held by age, sex, cause and location; CF carries 80% of projected cause-mortality change since 2019; annual background mortality follows the WPP-scaled baseline."
IDN_NATIONAL,GBD_11,11,Indonesia,National,2040,84,Male,C_CMD,Cardiomyopathy and myocarditis,CVD,201326,0.15063704,0.00053137895767544,0.0854432856913652,0.150105661042325,0.00100199374284864,0.163971334345349,0.000427855920383497,0.241957706695171,0.8,1.19356616535614,0.584103771403263,0.854319654386053,0.000585268324120359,0.167199443558962,0.849309070633555,0.000585268324120359,0.150105661042325,0.682694895398714,0.167199443558962,0.150105661042325,UNCHANGED,"Calibrated 2019 IR is held by age, sex, cause and location; CF carries 80% of projected cause-mortality change since 2019; annual background mortality follows the WPP-scaled baseline."
IDN_NATIONAL,GBD_11,11,Indonesia,National,2025,92,Male,C_ICH,Intracerebral haemorrhage,CVD,11534,0.31677251,0.0152528860412559,0.194081822518816,0.301519623958744,0.0139409918455719,0.9,0.00841797480299292,0.811942468137689,0.8,1.64955397451015,0.619800257687136,0.936190723053988,0.00864063033829975,0.693480376041256,0.689839745702956,0.00864063033829975,0.301519623958744,0.00499999999999995,0.693480376041256,0.301519623958744,DISEASE_TRANSITION_CAPPED,"Calibrated 2019 IR is held by age, sex, cause and location; CF carries 80% of projected cause-mortality change since 2019; annual background mortality follows the WPP-scaled baseline."
IDN_NATIONAL,GBD_11,11,Indonesia,National,2042,52,Female,C_IS,Ischaemic stroke,CVD,1936516,0.00489018,0.000161557987043419,0.00262066841778407,0.00472862201295658,0.00139573751625397,0.0201104810185858,0.000229793364825119,-0.296942332663216,0.8,0.762446133869428,0.50000001358769,0.953863781237352,0.000697868777091831,0.0146257445478642,0.994573509209952,0.000697868777091831,0.00472862201295658,0.980645633439179,0.0146257445478642,0.00472862201295658,UNCHANGED,"Calibrated 2019 IR is held by age, sex, cause and location; CF carries 80% of projected cause-mortality change since 2019; annual background mortality follows the WPP-scaled baseline."
IDN_NATIONAL,GBD_11,11,Indonesia,National,2031,69,Female,C_CMD,Cardiomyopathy and myocarditis,CVD,1100216,0.02569863,5.38511325837864e-05,0.0126130882945423,0.0256447788674162,0.000122157293858481,0.131485480874099,4.90236620053806e-05,0.0984722556604602,0.8,1.07877780452837,0.531154605163038,0.930350003869953,6.48844091871868e-05,0.13196421091315,0.974290336723397,6.48844091871868e-05,0.0256447788674162,0.842391010219434,0.13196421091315,0.0256447788674162,UNCHANGED,"Calibrated 2019 IR is held by age, sex, cause and location; CF carries 80% of projected cause-mortality change since 2019; annual background mortality follows the WPP-scaled baseline."
IDN_NATIONAL,GBD_11,11,Indonesia,National,2025,47,Male,C_IS,Ischaemic stroke,CVD,1976860,0.00556765,0.000118321119168937,0.00317745270435053,0.00544932888083106,0.00158770179587151,0.0176446835407935,0.000171651189671444,-0.310688615701325,0.8,0.75144910743894,0.500000006541575,0.929903354452946,0.000793850908321826,0.0123296645477237,0.993756820210847,0.000793850908321826,0.00544932888083106,0.982221006571445,0.0123296645477237,0.00544932888083106,UNCHANGED,"Calibrated 2019 IR is held by age, sex, cause and location; CF carries 80% of projected cause-mortality change since 2019; annual background mortality follows the WPP-scaled baseline."
IDN_NATIONAL,GBD_11,11,Indonesia,National,2049,28,Male,C_IHD,Ischaemic heart disease,CVD,2204662,0.00129788,0.000117150909994308,0.0010856620972056,0.00118072909000569,0.000818074908118673,0.0306154865765256,0.000134292815552628,-0.127645738067071,0.8,0.897883409546343,0.520670577641515,0.939102798934496,0.000425947534964179,0.0258151259404861,0.99839332337503,0.000425947534964179,0.00118072909000569,0.973004144969508,0.0258151259404861,0.00118072909000569,UNCHANGED,"Calibrated 2019 IR is held by age, sex, cause and location; CF carries 80% of projected cause-mortality change since 2019; annual background mortality follows the WPP-scaled baseline."
IDN_NATIONAL,GBD_11,11,Indonesia,National,2025,87,Female,C_IHD,Ischaemic heart disease,CVD,111833,0.17582706,0.0211949055189815,0.10013803577914,0.154632154481018,0.0164263606560482,0.108473454134969,0.0102352008707803,1.07078549669595,0.8,1.85662839735676,0.500000255019161,1.00141411562457,0.0082131845170608,0.201679690974519,0.837154661001921,0.0082131845170608,0.154632154481018,0.643688154544462,0.201679690974519,0.154632154481018,UNCHANGED,"Calibrated 2019 IR is held by age, sex, cause and location; CF carries 80% of projected cause-mortality change since 2019; annual background mortality follows the WPP-scaled baseline."
IDN_NATIONAL,GBD_11,11,Indonesia,National,2030,65,Male,C_RHD,Rheumatic heart disease,CVD,1190217,0.02912922,1.4488571748081e-05,0.0152269468304983,0.0291147314282519,2.59660847140576e-05,0.00729182996931138,2.10187194375719e-05,-0.310682470874891,0.8,0.751454023300087,0.500000000000582,0.624906744590431,1.29830423570439e-05,0.00342416086410466,0.970872285529391,1.29830423570439e-05,0.0291147314282519,0.967461107707643,0.00342416086410466,0.0291147314282519,UNCHANGED,"Calibrated 2019 IR is held by age, sex, cause and location; CF carries 80% of projected cause-mortality change since 2019; annual background mortality follows the WPP-scaled baseline."
IDN_NATIONAL,GBD_11,11,Indonesia,National,2032,47,Male,C_HHD,Hypertensive heart disease,CVD,2056018,0.00518067,0.000134588267782243,0.00280234234195886,0.00504608173221776,0.000330559546209891,0.228216829555584,0.000187315446438694,-0.281488684777033,0.8,0.774809052178374,0.677760579995556,0.862219548003387,0.000224040229762284,0.152461510632366,0.99472987803802,0.000224040229762284,0.00504608173221776,0.842492407635416,0.152461510632366,0.00504608173221776,UNCHANGED,"Calibrated 2019 IR is held by age, sex, cause and location; CF carries 80% of projected cause-mortality change since 2019; annual background mortality follows the WPP-scaled baseline."
IDN_NATIONAL,GBD_11,11,Indonesia,National,2031,84,Female,C_DM,Diabetes mellitus,Diabetes,217734,0.12659134,0.00810174759337457,0.0665703865274042,0.118489592406625,0.00528311053098278,0.0374079728110833,0.00390435885298809,1.07505198636496,0.8,1.86004158909197,0.500000160693621,0.824704051606735,0.00264155611445355,0.0573832255803948,0.878868851478921,0.00264155611445355,0.118489592406625,0.82412718201298,0.0573832255803948,0.118489592406625,UNCHANGED,"Calibrated 2019 IR is held by age, sex, cause and location; CF carries 80% of projected cause-mortality change since 2019; annual background mortality follows the WPP-scaled baseline."
IDN_NATIONAL,GBD_11,11,Indonesia,National,2035,87,Female,C_ICH,Intracerebral haemorrhage,CVD,143842,0.16457333,0.0106386285322058,0.0947028666762574,0.153934701467794,0.00894641014620789,0.513466206618893,0.00668566881103543,0.591258680753905,0.8,1.47300694460312,0.60226208656985,0.93800091950465,0.00538808364196484,0.709446947759687,0.840677214890241,0.00538808364196484,0.153934701467794,0.136618350772519,0.709446947759687,0.153934701467794,UNCHANGED,"Calibrated 2019 IR is held by age, sex, cause and location; CF carries 80% of projected cause-mortality change since 2019; annual background mortality follows the WPP-scaled baseline."
IDN_NATIONAL,GBD_11,11,Indonesia,National,2048,67,Female,C_ICH,Intracerebral haemorrhage,CVD,1692198,0.01652191,0.00270029604860078,0.00779538640006461,0.0138216139513992,0.00433833761522371,0.414469127129312,0.00365539701515111,-0.261285152499599,0.8,0.790971878000321,0.60226208656985,0.93800091950465,0.0026128162643891,0.307508053023748,0.983565569784212,0.0026128162643891,0.0138216139513992,0.678670333024853,0.307508053023748,0.0138216139513992,UNCHANGED,"Calibrated 2019 IR is held by age, sex, cause and location; CF carries 80% of projected cause-mortality change since 2019; annual background mortality follows the WPP-scaled baseline."
IDN_NATIONAL,GBD_11,11,Indonesia,National,2038,35,Female,C_CMD,Cardiomyopathy and myocarditis,CVD,2105525,0.0013967,8.6956066666903e-06,0.000974430104258074,0.00138800439333331,1.41859787097824e-05,0.0907045767743625,1.14484497588275e-05,-0.240455533293017,0.8,0.807635573365587,0.531154605163038,0.930350003869953,7.53494792044576e-06,0.0681539458376448,0.998604460658746,7.53494792044576e-06,0.00138800439333331,0.930458049769022,0.0681539458376448,0.00138800439333331,UNCHANGED,"Calibrated 2019 IR is held by age, sex, cause and location; CF carries 80% of projected cause-mortality change since 2019; annual background mortality follows the WPP-scaled baseline."
IDN_NATIONAL,GBD_11,11,Indonesia,National,2044,24,Male,C_HHD,Hypertensive heart disease,CVD,2231495,0.00130627,1.9599530097307e-06,0.00118909261232021,0.00130431004699027,1.40784664369543e-05,0.0571972257265296,3.73653030382554e-06,-0.475461765230687,0.8,0.619630587815451,0.677760579995556,0.862219548003387,9.54182957775811e-06,0.0305580528496229,0.998686148123432,9.54182957775811e-06,0.00130431004699027,0.968137637103387,0.0305580528496229,0.00130431004699027,UNCHANGED,"Calibrated 2019 IR is held by age, sex, cause and location; CF carries 80% of projected cause-mortality change since 2019; annual background mortality follows the WPP-scaled baseline."
IDN_NATIONAL,GBD_11,11,Indonesia,National,2029,50,Female,C_ICH,Intracerebral haemorrhage,CVD,1944199,0.00502196,0.000852758361332258,0.00279973770033076,0.00416920163866774,0.00146982675711478,0.1554895205153,0.00111473614091817,-0.235013264547189,0.8,0.811989388362249,0.60226208656985,0.93800091950465,0.000885220929636145,0.118428094631873,0.994945577431696,0.000885220929636145,0.00416920163866774,0.877402703729459,0.118428094631873,0.00416920163866774,UNCHANGED,"Calibrated 2019 IR is held by age, sex, cause and location; CF carries 80% of projected cause-mortality change since 2019; annual background mortality follows the WPP-scaled baseline."
IDN_NATIONAL,GBD_11,11,Indonesia,National,2048,86,Male,C_HHD,Hypertensive heart disease,CVD,203326,0.17078641,0.00463878258037702,0.101246904175221,0.166147627419623,0.00461383984174721,0.135317664222975,0.00314147072779627,0.476627663384627,0.8,1.3813021307077,0.677760579995556,0.862219548003387,0.00312707876714919,0.161161402883895,0.830725293813228,0.00312707876714919,0.166147627419623,0.672690969696482,0.161161402883895,0.166147627419623,UNCHANGED,"Calibrated 2019 IR is held by age, sex, cause and location; CF carries 80% of projected cause-mortality change since 2019; annual background mortality follows the WPP-scaled baseline."
IDN_NATIONAL,GBD_11,11,Indonesia,National,2046,50,Female,C_ICH,Intracerebral haemorrhage,CVD,2073378,0.00395008,0.000645557338752959,0.00209295053146553,0.00330452266124704,0.00146982675711478,0.1554895205153,0.00111473614091817,-0.420887764326692,0.8,0.663289788538646,0.60226208656985,0.93800091950465,0.000885220929636145,0.0967403601220041,0.995810256409117,0.000885220929636145,0.00330452266124704,0.899955117216749,0.0967403601220041,0.00330452266124704,UNCHANGED,"Calibrated 2019 IR is held by age, sex, cause and location; CF carries 80% of projected cause-mortality change since 2019; annual background mortality follows the WPP-scaled baseline."
IDN_NATIONAL,GBD_11,11,Indonesia,National,2050,76,Male,C_DM,Diabetes mellitus,Diabetes,905964,0.06474234,0.00596480329407505,0.0339892394294519,0.058777536705925,0.00804412645280906,0.0308904903899508,0.00382028787093833,0.561349169378165,0.8,1.44907933550253,0.500000009256077,0.874818940170935,0.00402206330086158,0.0391593201369473,0.937200399993213,0.00402206330086158,0.058777536705925,0.902063143157128,0.0391593201369473,0.058777536705925,UNCHANGED,"Calibrated 2019 IR is held by age, sex, cause and location; CF carries 80% of projected cause-mortality change since 2019; annual background mortality follows the WPP-scaled baseline."
IDN_NATIONAL,GBD_11,11,Indonesia,National,2046,69,Female,C_DM,Diabetes mellitus,Diabetes,1532942,0.02093564,0.00155140115139149,0.00992067958591098,0.0193842388486085,0.00712040856515877,0.013549885938573,0.00165283181019366,-0.0613678041386967,0.8,0.950905756689043,0.500000160693621,0.824704051606735,0.00356020542678362,0.0106260350509431,0.977055555724608,0.00356020542678362,0.0193842388486085,0.969989726100448,0.0106260350509431,0.0193842388486085,UNCHANGED,"Calibrated 2019 IR is held by age, sex, cause and location; CF carries 80% of projected cause-mortality change since 2019; annual background mortality follows the WPP-scaled baseline."
IDN_NATIONAL,GBD_11,11,Indonesia,National,2041,73,Female,C_CMD,Cardiomyopathy and myocarditis,CVD,1170754,0.03464576,8.69849019563518e-05,0.0163671967744966,0.0345587750980436,0.000200361375353408,0.127224499234172,7.25162587983556e-05,0.199522747005315,0.8,1.15961819760425,0.531154605163038,0.930350003869953,0.000106422867215763,0.137256252095036,0.965334802034741,0.000106422867215763,0.0345587750980436,0.828184972806921,0.137256252095036,0.0345587750980436,UNCHANGED,"Calibrated 2019 IR is held by age, sex, cause and location; CF carries 80% of projected cause-mortality change since 2019; annual background mortality follows the WPP-scaled baseline."
IDN_NATIONAL,GBD_11,11,Indonesia,National,2030,48,Female,C_RHD,Rheumatic heart disease,CVD,2018704,0.00422871,2.30149615233956e-05,0.00251826585561495,0.0042056950384766,4.51821753812783e-05,0.00603576049536946,3.91815951228771e-05,-0.412607846841903,0.8,0.669913722526477,0.50000000046055,0.630292412861138,2.25910877114478e-05,0.00254854878599367,0.995771713873812,2.25910877114478e-05,0.0042056950384766,0.99324575617553,0.00254854878599367,0.0042056950384766,UNCHANGED,"Calibrated 2019 IR is held by age, sex, cause and location; CF carries 80% of projected cause-mortality change since 2019; annual background mortality follows the WPP-scaled baseline."
IDN_NATIONAL,GBD_11,11,Indonesia,National,2048,25,Female,C_ICH,Intracerebral haemorrhage,CVD,2074708,0.00076054,4.15770376252163e-05,0.000591794357980896,0.000718962962374784,0.000160250740433173,0.0242443876110107,5.02473237228986e-05,-0.172552196918918,0.8,0.861958242464866,0.60226208656985,0.93800091950465,9.65129453076464e-05,0.0196020146667508,0.999184524092317,9.65129453076464e-05,0.000718962962374784,0.979679022370874,0.0196020146667508,0.000718962962374784,UNCHANGED,"Calibrated 2019 IR is held by age, sex, cause and location; CF carries 80% of projected cause-mortality change since 2019; annual background mortality follows the WPP-scaled baseline."
IDN_NATIONAL,GBD_11,11,Indonesia,National,2032,82,Male,C_RHD,Rheumatic heart disease,CVD,180953,0.1332611,3.47334790185984e-05,0.0751652475833988,0.133226366520981,4.36804409048456e-05,0.0222841136101615,3.27997351730683e-05,0.0589560810575636,0.8,1.04716486484605,0.500000000000582,0.624906744590431,2.18402204524482e-05,0.014582286882385,0.866751793258566,2.18402204524482e-05,0.133226366520981,0.852191346596634,0.014582286882385,0.133226366520981,UNCHANGED,"Calibrated 2019 IR is held by age, sex, cause and location; CF carries 80% of projected cause-mortality change since 2019; annual background mortality follows the WPP-scaled baseline."
IDN_NATIONAL,GBD_11,11,Indonesia,National,2032,54,Male,C_RHD,Rheumatic heart disease,CVD,1875088,0.01018309,1.43016721059838e-05,0.00517995335655824,0.010168788327894,2.66278170627087e-05,0.00522021011751683,2.21075781646894e-05,-0.353087344102364,0.8,0.717530124718109,0.500000000000582,0.624906744590431,1.33139085313698e-05,0.00234068695755041,0.989817897763575,1.33139085313698e-05,0.010168788327894,0.987490524714556,0.00234068695755041,0.010168788327894,UNCHANGED,"Calibrated 2019 IR is held by age, sex, cause and location; CF carries 80% of projected cause-mortality change since 2019; annual background mortality follows the WPP-scaled baseline."
IDN_NATIONAL,GBD_11,11,Indonesia,National,2039,67,Male,C_HHD,Hypertensive heart disease,CVD,1319411,0.03165192,0.000920151869589245,0.0163194813090598,0.0307317681304108,0.00242521382869051,0.120962336907727,0.000977655877363967,-0.058818249965181,0.8,0.952945400027855,0.677760579995556,0.862219548003387,0.00164371433114652,0.099388480591987,0.967624517538443,0.00164371433114652,0.0307317681304108,0.869879751277602,0.099388480591987,0.0307317681304108,UNCHANGED,"Calibrated 2019 IR is held by age, sex, cause and location; CF carries 80% of projected cause-mortality change since 2019; annual background mortality follows the WPP-scaled baseline."
IDN_NATIONAL,GBD_11,11,Indonesia,National,2027,52,Female,C_RHD,Rheumatic heart disease,CVD,1814840,0.00600324,2.48562556043751e-05,0.00336805220685289,0.00597838374439563,4.33972515914638e-05,0.00645965339251616,3.68065095165096e-05,-0.324677728725519,0.8,0.740257817019585,0.50000000046055,0.630292412861138,2.16986258157185e-05,0.00301393788142715,0.993999917629789,2.16986258157185e-05,0.00597838374439563,0.991007678374177,0.00301393788142715,0.00597838374439563,UNCHANGED,"Calibrated 2019 IR is held by age, sex, cause and location; CF carries 80% of projected cause-mortality change since 2019; annual background mortality follows the WPP-scaled baseline."
IDN_NATIONAL,GBD_11,11,Indonesia,National,2035,80,Female,C_IHD,Ischaemic heart disease,CVD,480362,0.08030701,0.0116135852047302,0.0423246351181698,0.0686934247952698,0.0114782090802154,0.0743007012110715,0.00695293746430373,0.670313484675246,0.8,1.5362507877402,0.500000255019161,1.00141411562457,0.00573910746727094,0.114305924301289,0.925567467737459,0.00573910746727094,0.0686934247952698,0.817000650903441,0.114305924301289,0.0686934247952698,UNCHANGED,"Calibrated 2019 IR is held by age, sex, cause and location; CF carries 80% of projected cause-mortality change since 2019; annual background mortality follows the WPP-scaled baseline."
IDN_NATIONAL,GBD_11,11,Indonesia,National,2043,33,Male,C_RHD,Rheumatic heart disease,CVD,2391788,0.00160657,7.25312244363172e-06,0.00119482056791098,0.00159931687755637,1.75621456592733e-05,0.00234108736685126,1.50073256475354e-05,-0.516694538788604,0.8,0.586644368969117,0.500000000000582,0.624906744590431,8.78107282964685e-06,0.000858237999994607,0.998391902049614,8.78107282964685e-06,0.00159931687755637,0.997542445122449,0.000858237999994607,0.00159931687755637,UNCHANGED,"Calibrated 2019 IR is held by age, sex, cause and location; CF carries 80% of projected cause-mortality change since 2019; annual background mortality follows the WPP-scaled baseline."
IDN_NATIONAL,GBD_11,11,Indonesia,National,2038,69,Male,C_RHD,Rheumatic heart disease,CVD,1162217,0.03831803,1.290480792462e-05,0.0197861497512438,0.0383051251920754,2.8293912612811e-05,0.00916372034534294,2.26892166047073e-05,-0.431236073530073,0.8,0.655011141175941,0.500000000000582,0.624906744590431,1.41469563064219e-05,0.00375090207493824,0.961680727851618,1.41469563064219e-05,0.0383051251920754,0.957943972732986,0.00375090207493824,0.0383051251920754,UNCHANGED,"Calibrated 2019 IR is held by age, sex, cause and location; CF carries 80% of projected cause-mortality change since 2019; annual background mortality follows the WPP-scaled baseline."
IDN_NATIONAL,GBD_11,11,Indonesia,National,2046,71,Male,C_ICH,Intracerebral haemorrhage,CVD,1208106,0.04191511,0.00422470910178966,0.0219954740027622,0.0376904008982103,0.0067666741077826,0.629591704075686,0.00532776028292897,-0.20703844065088,0.8,0.834369247479296,0.619800257687136,0.936190723053988,0.00419398635568852,0.491792180243124,0.958115612746101,0.00419398635568852,0.0376904008982103,0.470517418858666,0.491792180243124,0.0376904008982103,UNCHANGED,"Calibrated 2019 IR is held by age, sex, cause and location; CF carries 80% of projected cause-mortality change since 2019; annual background mortality follows the WPP-scaled baseline."
IDN_NATIONAL,GBD_11,11,Indonesia,National,2031,20,Male,C_HHD,Hypertensive heart disease,CVD,2510857,0.00141939,2.04170197405314e-06,0.00130295325281321,0.00141734829802595,1.07834141227886e-05,0.0453726301650115,2.39730876996792e-06,-0.148335834069275,0.8,0.88133133274458,0.677760579995556,0.862219548003387,7.30857301019344e-06,0.034478711724749,0.998575343128964,7.30857301019344e-06,0.00141734829802595,0.964103939977225,0.034478711724749,0.00141734829802595,UNCHANGED,"Calibrated 2019 IR is held by age, sex, cause and location; CF carries 80% of projected cause-mortality change since 2019; annual background mortality follows the WPP-scaled baseline."
IDN_NATIONAL,GBD_11,11,Indonesia,National,2040,53,Female,C_RHD,Rheumatic heart disease,CVD,1912396,0.00543609,1.25959223531958e-05,0.00293029682837799,0.00542349407764681,4.39945548555845e-05,0.00676987178915429,3.73292571987961e-05,-0.662572381600939,0.8,0.469942094719249,0.50000000046055,0.630292412861138,2.1997277448054e-05,0.00200524236586599,0.994554508644905,2.1997277448054e-05,0.00542349407764681,0.992571263556487,0.00200524236586599,0.00542349407764681,UNCHANGED,"Calibrated 2019 IR is held by age, sex, cause and location; CF carries 80% of projected cause-mortality change since 2019; annual background mortality follows the WPP-scaled baseline."
IDN_NATIONAL,GBD_11,11,Indonesia,National,2026,71,Male,C_RHD,Rheumatic heart disease,CVD,629501,0.05121714,2.41231532336078e-05,0.0270093829606515,0.0511930168467664,3.05388847420866e-05,0.0105313862912802,2.44149942594799e-05,-0.0119533522216057,0.8,0.990437318222716,0.500000000000582,0.624906744590431,1.52694423710611e-05,0.00651820103004082,0.948791713710863,1.52694423710611e-05,0.0511930168467664,0.942288782123193,0.00651820103004082,0.0511930168467664,UNCHANGED,"Calibrated 2019 IR is held by age, sex, cause and location; CF carries 80% of projected cause-mortality change since 2019; annual background mortality follows the WPP-scaled baseline."
IDN_NATIONAL,GBD_11,11,Indonesia,National,2041,27,Male,C_DM,Diabetes mellitus,Diabetes,2383422,0.00135807,2.465231056804e-05,0.00115146317803916,0.00133341768943196,0.00276679654735411,0.00111533699947575,2.34736166976713e-05,0.050213560421887,0.8,1.04017084833751,0.500000009256077,0.874818940170935,0.00138339829928674,0.00101491334887392,0.997283184011281,0.00138339829928674,0.00133341768943196,0.997651668961694,0.00101491334887392,0.00133341768943196,UNCHANGED,"Calibrated 2019 IR is held by age, sex, cause and location; CF carries 80% of projected cause-mortality change since 2019; annual background mortality follows the WPP-scaled baseline."
IDN_NATIONAL,GBD_11,11,Indonesia,National,2048,85,Female,C_ICH,Intracerebral haemorrhage,CVD,433859,0.1193432,0.00656464589599347,0.0693025734339092,0.112778554104007,0.00821819482965284,0.503818332419319,0.00618834653854889,0.0608077383999925,0.8,1.04864619071999,0.60226208656985,0.93800091950465,0.00494950716594427,0.495571376049115,0.882271938730049,0.00494950716594427,0.112778554104007,0.391650069846878,0.495571376049115,0.112778554104007,UNCHANGED,"Calibrated 2019 IR is held by age, sex, cause and location; CF carries 80% of projected cause-mortality change since 2019; annual background mortality follows the WPP-scaled baseline."
IDN_NATIONAL,GBD_11,11,Indonesia,National,2048,40,Female,C_IS,Ischaemic stroke,CVD,2217242,0.00177129,3.91488846558219e-05,0.00109029455802306,0.00173214111534418,0.00051871499317347,0.0133938828682034,6.15227779298785e-05,-0.363668449749743,0.8,0.709065240200206,0.50000001358769,0.953863781237352,0.000259357503634874,0.00905897479337095,0.998008501381021,0.000259357503634874,0.00173214111534418,0.989208884091285,0.00905897479337095,0.00173214111534418,UNCHANGED,"Calibrated 2019 IR is held by age, sex, cause and location; CF carries 80% of projected cause-mortality change since 2019; annual background mortality follows the WPP-scaled baseline."
IDN_NATIONAL,GBD_11,11,Indonesia,National,2045,68,Male,C_IHD,Ischaemic heart disease,CVD,1398802,0.03220228,0.00607121327039766,0.0164580051168249,0.0261310667296023,0.00950340859838328,0.0667358125913066,0.00545790378798059,0.112370885644356,0.8,1.08989670851548,0.520670577641515,0.939102798934496,0.00494814524448357,0.0683057758870334,0.968920788025914,0.00494814524448357,0.0261310667296023,0.905563157383364,0.0683057758870334,0.0261310667296023,UNCHANGED,"Calibrated 2019 IR is held by age, sex, cause and location; CF carries 80% of projected cause-mortality change since 2019; annual background mortality follows the WPP-scaled baseline."
IDN_NATIONAL,GBD_11,11,Indonesia,National,2030,50,Male,C_IS,Ischaemic stroke,CVD,1993932,0.0070887,0.000210197132603652,0.00365560829901624,0.00687850286739635,0.0021456303714895,0.0193095860158915,0.000281409317514175,-0.253055533269385,0.8,0.797555573384492,0.500000006541575,0.929903354452946,0.00107281519978055,0.0143209468038014,0.992048681932823,0.00107281519978055,0.00687850286739635,0.978800550328802,0.0143209468038014,0.00687850286739635,UNCHANGED,"Calibrated 2019 IR is held by age, sex, cause and location; CF carries 80% of projected cause-mortality change since 2019; annual background mortality follows the WPP-scaled baseline."
IDN_NATIONAL,GBD_11,11,Indonesia,National,2026,34,Male,C_ICH,Intracerebral haemorrhage,CVD,2145398,0.00194609,0.000105067005120249,0.00153341947301131,0.00184102299487975,0.000435345468094846,0.0701517726378282,0.000174005432011848,-0.396185487398487,0.8,0.68305161008121,0.619800257687136,0.936190723053988,0.000269827233308112,0.044859714180518,0.997889149771812,0.000269827233308112,0.00184102299487975,0.953299262824602,0.044859714180518,0.00184102299487975,UNCHANGED,"Calibrated 2019 IR is held by age, sex, cause and location; CF carries 80% of projected cause-mortality change since 2019; annual background mortality follows the WPP-scaled baseline."
IDN_NATIONAL,GBD_11,11,Indonesia,National,2046,82,Female,C_DM,Diabetes mellitus,Diabetes,615186,0.08836339,0.00639472345420569,0.0467489144735496,0.0819686665457943,0.00484123604658307,0.0317614534352194,0.00363212924094183,0.760599094912025,0.8,1.60847927592962,0.500000160693621,0.824704051606735,0.00242061880124728,0.0421321833848997,0.915610714652958,0.00242061880124728,0.0819686665457943,0.875899150069306,0.0421321833848997,0.0819686665457943,UNCHANGED,"Calibrated 2019 IR is held by age, sex, cause and location; CF carries 80% of projected cause-mortality change since 2019; annual background mortality follows the WPP-scaled baseline."
IDN_NATIONAL,GBD_11,11,Indonesia,National,2035,69,Male,C_RHD,Rheumatic heart disease,CVD,1075245,0.03961169,1.56352345251811e-05,0.0205474750120346,0.0395960547654748,2.8293912612811e-05,0.00916372034534294,2.26892166047073e-05,-0.310895796995599,0.8,0.751283362403521,0.500000000000582,0.624906744590431,1.41469563064219e-05,0.00430220212414526,0.960389798278219,1.41469563064219e-05,0.0395960547654748,0.95610174311038,0.00430220212414526,0.0395960547654748,UNCHANGED,"Calibrated 2019 IR is held by age, sex, cause and location; CF carries 80% of projected cause-mortality change since 2019; annual background mortality follows the WPP-scaled baseline."
IDN_NATIONAL,GBD_11,11,Indonesia,National,2050,22,Female,C_IHD,Ischaemic heart disease,CVD,2042302,0.00067711,5.66235758170079e-05,0.00055761957417171,0.000620486424182992,0.000411303992449062,0.0263917579507069,6.42967804616625e-05,-0.119340417818117,0.8,0.904527665745506,0.500000255019161,1.00141411562457,0.00020565210111493,0.0239058330886244,0.999173861474702,0.00020565210111493,0.000620486424182992,0.975473680487193,0.0239058330886244,0.000620486424182992,UNCHANGED,"Calibrated 2019 IR is held by age, sex, cause and location; CF carries 80% of projected cause-mortality change since 2019; annual background mortality follows the WPP-scaled baseline."
IDN_NATIONAL,GBD_11,11,Indonesia,National,2030,85,Male,C_IHD,Ischaemic heart disease,CVD,95801,0.17672777,0.0273380523685753,0.104075561760768,0.149389717631425,0.0233111304884461,0.138959939610425,0.0145502226956484,0.878875185652752,0.8,1.7031001485222,0.520670577641515,0.939102798934496,0.012137419776896,0.222250598140769,0.83847286259168,0.012137419776896,0.149389717631425,0.628359684227806,0.222250598140769,0.149389717631425,UNCHANGED,"Calibrated 2019 IR is held by age, sex, cause and location; CF carries 80% of projected cause-mortality change since 2019; annual background mortality follows the WPP-scaled baseline."
IDN_NATIONAL,GBD_11,11,Indonesia,National,2040,67,Male,C_IS,Ischaemic stroke,CVD,1350981,0.03127911,0.00193608267849162,0.0161032270437574,0.0293430273215084,0.0074013150187707,0.0470459783211582,0.00204770807556813,-0.0545123586747313,0.8,0.956390113060215,0.500000006541575,0.929903354452946,0.00370065755780161,0.0418403584292471,0.96695631512069,0.00370065755780161,0.0293430273215084,0.928816614249244,0.0418403584292471,0.0293430273215084,UNCHANGED,"Calibrated 2019 IR is held by age, sex, cause and location; CF carries 80% of projected cause-mortality change since 2019; annual background mortality follows the WPP-scaled baseline."
IDN_NATIONAL,GBD_11,11,Indonesia,National,2036,64,Male,C_CMD,Cardiomyopathy and myocarditis,CVD,1435178,0.02493854,7.72675660564254e-05,0.01244638923525,0.0248612724339436,0.000148231868479369,0.215772241791732,7.59864864047318e-05,0.0168593089680471,0.8,1.01348744717444,0.584103771403263,0.854319654386053,8.6582793420952e-05,0.186824722369949,0.975052144772635,8.6582793420952e-05,0.0248612724339436,0.788314005196107,0.186824722369949,0.0248612724339436,UNCHANGED,"Calibrated 2019 IR is held by age, sex, cause and location; CF carries 80% of projected cause-mortality change since 2019; annual background mortality follows the WPP-scaled baseline."
IDN_NATIONAL,GBD_11,11,Indonesia,National,2031,47,Male,C_RHD,Rheumatic heart disease,CVD,2102656,0.00523461,1.13350990304063e-05,0.00285325765400179,0.00522327490096959,2.44109765897448e-05,0.0038797181619863,2.02548827792937e-05,-0.440376962240727,0.8,0.647698430207419,0.500000000000582,0.624906744590431,1.22054882948866e-05,0.00157032026163833,0.994764519610736,1.22054882948866e-05,0.00522327490096959,0.993206404837392,0.00157032026163833,0.00522327490096959,UNCHANGED,"Calibrated 2019 IR is held by age, sex, cause and location; CF carries 80% of projected cause-mortality change since 2019; annual background mortality follows the WPP-scaled baseline."
IDN_NATIONAL,GBD_11,11,Indonesia,National,2037,87,Male,C_CMD,Cardiomyopathy and myocarditis,CVD,79417,0.20210008,0.000944534362066133,0.119400065525196,0.201155545637934,0.00122782023959665,0.180020160619386,0.000563140808377724,0.677261438017809,0.8,1.54180915041425,0.584103771403263,0.854319654386053,0.000717174432553663,0.23712217041673,0.798127279929513,0.000717174432553663,0.201155545637934,0.561722283945336,0.23712217041673,0.201155545637934,UNCHANGED,"Calibrated 2019 IR is held by age, sex, cause and location; CF carries 80% of projected cause-mortality change since 2019; annual background mortality follows the WPP-scaled baseline."
IDN_NATIONAL,GBD_11,11,Indonesia,National,2043,47,Male,C_IS,Ischaemic stroke,CVD,2172564,0.00460709,0.000112999783087072,0.00229390137190881,0.00449409021691293,0.00158770179587151,0.0176446835407935,0.000171651189671444,-0.341689484917848,0.8,0.726648412065721,0.500000006541575,0.929903354452946,0.000793850908321826,0.0119227384479054,0.994712058874765,0.000793850908321826,0.00449409021691293,0.983583171335182,0.0119227384479054,0.00449409021691293,UNCHANGED,"Calibrated 2019 IR is held by age, sex, cause and location; CF carries 80% of projected cause-mortality change since 2019; annual background mortality follows the WPP-scaled baseline."
IDN_NATIONAL,GBD_11,11,Indonesia,National,2045,65,Female,C_ICH,Intracerebral haemorrhage,CVD,1727143,0.01408799,0.00232649963413739,0.00669051115059486,0.0117614903658626,0.00395979527510939,0.378289720125667,0.00326031085487817,-0.286417848575264,0.8,0.770865721139789,0.60226208656985,0.93800091950465,0.00238483456477681,0.273530990211648,0.985853675069361,0.00238483456477681,0.0117614903658626,0.714707519422489,0.273530990211648,0.0117614903658626,UNCHANGED,"Calibrated 2019 IR is held by age, sex, cause and location; CF carries 80% of projected cause-mortality change since 2019; annual background mortality follows the WPP-scaled baseline."
IDN_NATIONAL,GBD_11,11,Indonesia,National,2030,83,Male,C_ICH,Intracerebral haemorrhage,CVD,138846,0.14760921,0.00978081992221207,0.0831234020759957,0.137828390077788,0.00836151673704737,0.854338658228012,0.00627732320605271,0.558119536171281,0.8,1.44649562893702,0.619800257687136,0.936190723053988,0.00518247022827726,0.857171609922212,0.856989139693935,0.00518247022827726,0.137828390077788,0.005,0.857171609922212,0.137828390077788,DISEASE_TRANSITION_CAPPED,"Calibrated 2019 IR is held by age, sex, cause and location; CF carries 80% of projected cause-mortality change since 2019; annual background mortality follows the WPP-scaled baseline."
IDN_NATIONAL,GBD_11,11,Indonesia,National,2046,21,Male,C_IS,Ischaemic stroke,CVD,2188823,0.00128453,3.27660854037472e-06,0.00116792374560177,0.00128125339145963,0.000156579566659596,0.00297094210147307,4.67432284329911e-06,-0.299019633384563,0.8,0.760784293292349,0.500000006541575,0.929903354452946,7.82897843540752e-05,0.0021018104182664,0.998640456824186,7.82897843540752e-05,0.00128125339145963,0.996616936190274,0.0021018104182664,0.00128125339145963,UNCHANGED,"Calibrated 2019 IR is held by age, sex, cause and location; CF carries 80% of projected cause-mortality change since 2019; annual background mortality follows the WPP-scaled baseline."
IDN_NATIONAL,GBD_11,11,Indonesia,National,2039,53,Male,C_IS,Ischaemic stroke,CVD,1942797,0.00860733,0.000271339613557326,0.00417662041723594,0.00833599038644267,0.00276633544475087,0.021686800483113,0.000392311017841531,-0.308355867622027,0.8,0.753315305902379,0.500000006541575,0.929903354452946,0.00138316774047163,0.015191829930001,0.990280841873086,0.00138316774047163,0.00833599038644267,0.976472179683556,0.015191829930001,0.00833599038644267,UNCHANGED,"Calibrated 2019 IR is held by age, sex, cause and location; CF carries 80% of projected cause-mortality change since 2019; annual background mortality follows the WPP-scaled baseline."
IDN_NATIONAL,GBD_11,11,Indonesia,National,2050,44,Female,C_HHD,Hypertensive heart disease,CVD,2179502,0.00232698,5.02392206554859e-05,0.0014243241231864,0.00227674077934451,0.000177271185566166,0.120024567869447,8.19526640114054e-05,-0.386972696232375,0.8,0.6904218430141,0.636902624129894,0.928853736440594,0.000112904483269709,0.0769718644294606,0.997610354737386,0.000112904483269709,0.00227674077934451,0.920751394791195,0.0769718644294606,0.00227674077934451,UNCHANGED,"Calibrated 2019 IR is held by age, sex, cause and location; CF carries 80% of projected cause-mortality change since 2019; annual background mortality follows the WPP-scaled baseline."
IDN_NATIONAL,GBD_11,11,Indonesia,National,2032,41,Male,C_DM,Diabetes mellitus,Diabetes,2127296,0.00299089,0.000130808208599293,0.00183341798818662,0.00286008179140071,0.00510857217732927,0.00288022441369224,0.000142381718904234,-0.0812850862737922,0.8,0.934971930980966,0.500000009256077,0.874818940170935,0.00255428613594997,0.0023558252777512,0.994585632072649,0.00255428613594997,0.00286008179140071,0.994784092930848,0.0023558252777512,0.00286008179140071,UNCHANGED,"Calibrated 2019 IR is held by age, sex, cause and location; CF carries 80% of projected cause-mortality change since 2019; annual background mortality follows the WPP-scaled baseline."
IDN_NATIONAL,GBD_11,11,Indonesia,National,2041,92,Male,C_HHD,Hypertensive heart disease,CVD,21105,0.2965732,0.00769746030330952,0.183969135750863,0.28887573969669,0.00719147069281024,0.20460319990219,0.00446997262092185,0.722037461097929,0.8,1.57762996887834,0.677760579995556,0.862219548003387,0.00487409534778011,0.278314244080346,0.706250164955529,0.00487409534778011,0.28887573969669,0.432810016222963,0.278314244080346,0.28887573969669,UNCHANGED,"Calibrated 2019 IR is held by age, sex, cause and location; CF carries 80% of projected cause-mortality change since 2019; annual background mortality follows the WPP-scaled baseline."
IDN_NATIONAL,GBD_11,11,Indonesia,National,2042,42,Female,C_ICH,Intracerebral haemorrhage,CVD,2076457,0.00221159,0.000270655676574467,0.00138548282706813,0.00194093432342553,0.000891177746220124,0.104753401720017,0.000509375155328753,-0.468651594521165,0.8,0.625078724383068,0.60226208656985,0.93800091950465,0.000536722568943148,0.0614194773215329,0.997522343107631,0.000536722568943148,0.00194093432342553,0.936639588355042,0.0614194773215329,0.00194093432342553,UNCHANGED,"Calibrated 2019 IR is held by age, sex, cause and location; CF carries 80% of projected cause-mortality change since 2019; annual background mortality follows the WPP-scaled baseline."
IDN_NATIONAL,GBD_11,11,Indonesia,National,2036,27,Male,C_RHD,Rheumatic heart disease,CVD,2371289,0.00140028,8.66329764063094e-06,0.00119804367788228,0.00139161670235937,0.000144166699764728,0.00250829847745498,1.42857277168028e-05,-0.393569735307136,0.8,0.685144211754292,0.500000000000582,0.624906744590431,7.20833498824479e-05,0.00107393110075956,0.998536299947758,7.20833498824479e-05,0.00139161670235937,0.997534452196881,0.00107393110075956,0.00139161670235937,UNCHANGED,"Calibrated 2019 IR is held by age, sex, cause and location; CF carries 80% of projected cause-mortality change since 2019; annual background mortality follows the WPP-scaled baseline."
IDN_NATIONAL,GBD_11,11,Indonesia,National,2037,21,Female,C_RHD,Rheumatic heart disease,CVD,2234004,0.00077501,1.14167579609256e-05,0.000659306292162366,0.000763593242039074,0.00041983266945219,0.00393763011017389,2.18945679529921e-05,-0.478557513195166,0.8,0.617153989443867,0.50000000046055,0.630292412861138,0.000209916334919449,0.00153168880236251,0.999026490423041,0.000209916334919449,0.000763593242039074,0.997704717955598,0.00153168880236251,0.000763593242039074,UNCHANGED,"Calibrated 2019 IR is held by age, sex, cause and location; CF carries 80% of projected cause-mortality change since 2019; annual background mortality follows the WPP-scaled baseline."
IDN_NATIONAL,GBD_11,11,Indonesia,National,2026,20,Female,C_IHD,Ischaemic heart disease,CVD,2254873,0.00095176,4.89526414807926e-05,0.000834427664887896,0.000902807358519207,0.000411303992449062,0.0263917579507069,6.42967804616625e-05,-0.238645525805433,0.8,0.809083579355654,0.500000255019161,1.00141411562457,0.00020565210111493,0.0213833337943087,0.998891540540366,0.00020565210111493,0.000902807358519207,0.977713858847172,0.0213833337943087,0.000902807358519207,UNCHANGED,"Calibrated 2019 IR is held by age, sex, cause and location; CF carries 80% of projected cause-mortality change since 2019; annual background mortality follows the WPP-scaled baseline."
IDN_NATIONAL,GBD_11,11,Indonesia,National,2040,21,Female,C_IHD,Ischaemic heart disease,CVD,2147742,0.00074856,5.3167998528197e-05,0.000631824777584373,0.000695392001471803,0.000411303992449062,0.0263917579507069,6.42967804616625e-05,-0.173084590761137,0.8,0.86153232739109,0.500000255019161,1.00141411562457,0.00020565210111493,0.0227695058968602,0.999098955897413,0.00020565210111493,0.000695392001471803,0.976535102101668,0.0227695058968602,0.000695392001471803,UNCHANGED,"Calibrated 2019 IR is held by age, sex, cause and location; CF carries 80% of projected cause-mortality change since 2019; annual background mortality follows the WPP-scaled baseline."
IDN_NATIONAL,GBD_11,11,Indonesia,National,2032,21,Male,C_IHD,Ischaemic heart disease,CVD,2501955,0.00143697,5.72799347676909e-05,0.00131818662255964,0.00137969006523231,0.000503239103223627,0.0302699414190198,5.78260563977002e-05,-0.00944421363015513,0.8,0.992444629095876,0.520670577641515,0.939102798934496,0.000262021794567244,0.0282118133040511,0.9983582881402,0.000262021794567244,0.00137969006523231,0.970408496630717,0.0282118133040511,0.00137969006523231,UNCHANGED,"Calibrated 2019 IR is held by age, sex, cause and location; CF carries 80% of projected cause-mortality change since 2019; annual background mortality follows the WPP-scaled baseline."
IDN_NATIONAL,GBD_11,11,Indonesia,National,2042,88,Male,C_IS,Ischaemic stroke,CVD,86158,0.21331334,0.0211706464408279,0.12624867123332,0.192142693559172,0.0226713339813919,0.175395290539529,0.0138852092836618,0.524690482392556,0.8,1.41975238591404,0.500000006541575,0.929903354452946,0.0113356671390022,0.231562563996619,0.796521639301826,0.0113356671390022,0.192142693559172,0.576294742444209,0.231562563996619,0.192142693559172,UNCHANGED,"Calibrated 2019 IR is held by age, sex, cause and location; CF carries 80% of projected cause-mortality change since 2019; annual background mortality follows the WPP-scaled baseline."
IDN_NATIONAL,GBD_11,11,Indonesia,National,2030,47,Male,C_DM,Diabetes mellitus,Diabetes,2096499,0.00528608,0.000232324055117825,0.00290345270870281,0.00505375594488218,0.00635235240338988,0.00489697611887595,0.000305867539236564,-0.240442265636626,0.8,0.807646187490699,0.500000009256077,0.874818940170935,0.0031761762604928,0.0034599299850766,0.991770067794625,0.0031761762604928,0.00505375594488218,0.991486314070041,0.0034599299850766,0.00505375594488218,UNCHANGED,"Calibrated 2019 IR is held by age, sex, cause and location; CF carries 80% of projected cause-mortality change since 2019; annual background mortality follows the WPP-scaled baseline."
IDN_NATIONAL,GBD_11,11,Indonesia,National,2031,21,Female,C_CMD,Cardiomyopathy and myocarditis,CVD,2317660,0.00084474,5.15081292354903e-06,0.000730367661787608,0.000839589187076451,7.34375079625887e-06,0.0418739655256386,6.55028018534456e-06,-0.213649984763501,0.8,0.829080012189199,0.531154605163038,0.930350003869953,3.90066705460263e-06,0.0322988381371177,0.999156510145869,3.90066705460263e-06,0.000839589187076451,0.966861572675806,0.0322988381371177,0.000839589187076451,UNCHANGED,"Calibrated 2019 IR is held by age, sex, cause and location; CF carries 80% of projected cause-mortality change since 2019; annual background mortality follows the WPP-scaled baseline."
IDN_NATIONAL,GBD_11,11,Indonesia,National,2040,51,Female,C_IHD,Ischaemic heart disease,CVD,1961012,0.0046531,0.00083937049095758,0.00250823002785562,0.00381372950904242,0.00273699115561738,0.0429343405386505,0.00102791471401291,-0.183423994700173,0.8,0.853260804239862,0.500000255019161,1.00141411562457,0.00136849627579388,0.036685994917901,0.994817774215164,0.00136849627579388,0.00381372950904242,0.959500275573057,0.036685994917901,0.00381372950904242,UNCHANGED,"Calibrated 2019 IR is held by age, sex, cause and location; CF carries 80% of projected cause-mortality change since 2019; annual background mortality follows the WPP-scaled baseline."
IDN_NATIONAL,GBD_11,11,Indonesia,National,2049,61,Male,C_RHD,Rheumatic heart disease,CVD,1808785,0.01599573,3.61090610711967e-06,0.00773820969494512,0.0159921190938929,2.61202439207572e-05,0.00639687625011246,2.14448903263367e-05,-0.831619278430859,0.8,0.334704577255313,0.500000000000582,0.624906744590431,1.30601219603938e-05,0.00133796518487733,0.983994820784147,1.30601219603938e-05,0.0159921190938929,0.98266991572123,0.00133796518487733,0.0159921190938929,UNCHANGED,"Calibrated 2019 IR is held by age, sex, cause and location; CF carries 80% of projected cause-mortality change since 2019; annual background mortality follows the WPP-scaled baseline."
IDN_NATIONAL,GBD_11,11,Indonesia,National,2040,62,Female,C_IHD,Ischaemic heart disease,CVD,1748503,0.01141859,0.002032662023762,0.00559976191284939,0.009385927976238,0.00509948019090544,0.0465479131202877,0.00223812455627244,-0.0918012055828729,0.8,0.926559035533702,0.500000255019161,1.00141411562457,0.00254974139591788,0.0431903794303917,0.988064330627844,0.00254974139591788,0.009385927976238,0.94742369259337,0.0431903794303917,0.009385927976238,UNCHANGED,"Calibrated 2019 IR is held by age, sex, cause and location; CF carries 80% of projected cause-mortality change since 2019; annual background mortality follows the WPP-scaled baseline."
IDN_NATIONAL,GBD_11,11,Indonesia,National,2032,49,Male,C_RHD,Rheumatic heart disease,CVD,2072896,0.00630327,1.33481187041491e-05,0.00340958223816591,0.00628992188129585,2.51360598984735e-05,0.00424999552116754,2.08065441892163e-05,-0.358465366340501,0.8,0.713227706927599,0.500000000000582,0.624906744590431,1.25680299492513e-05,0.00189422642285402,0.993697510088755,1.25680299492513e-05,0.00628992188129585,0.99181585169585,0.00189422642285402,0.00628992188129585,UNCHANGED,"Calibrated 2019 IR is held by age, sex, cause and location; CF carries 80% of projected cause-mortality change since 2019; annual background mortality follows the WPP-scaled baseline."
IDN_NATIONAL,GBD_11,11,Indonesia,National,2025,39,Male,C_ICH,Intracerebral haemorrhage,CVD,2079901,0.00275325,0.000233338346073507,0.0019674486502504,0.00251991165392649,0.000733713553676234,0.103380085393483,0.000328784549524824,-0.290300148195106,0.8,0.767759881443916,0.619800257687136,0.936190723053988,0.000454755849637074,0.0743064707457965,0.997025332496436,0.000454755849637074,0.00251991165392649,0.923173617600277,0.0743064707457965,0.00251991165392649,UNCHANGED,"Calibrated 2019 IR is held by age, sex, cause and location; CF carries 80% of projected cause-mortality change since 2019; annual background mortality follows the WPP-scaled baseline."
IDN_NATIONAL,GBD_11,11,Indonesia,National,2049,21,Male,C_ICH,Intracerebral haemorrhage,CVD,2159469,0.00124972,2.30560804411053e-05,0.00113433399645586,0.00122666391955889,0.000124868459146832,0.0269005152893578,3.33130310954111e-05,-0.307896048994435,0.8,0.753683160804452,0.619800257687136,0.936190723053988,7.73935031562017e-05,0.0189807664135137,0.998695942577285,7.73935031562017e-05,0.00122666391955889,0.979792569666927,0.0189807664135137,0.00122666391955889,UNCHANGED,"Calibrated 2019 IR is held by age, sex, cause and location; CF carries 80% of projected cause-mortality change since 2019; annual background mortality follows the WPP-scaled baseline."
IDN_NATIONAL,GBD_11,11,Indonesia,National,2043,37,Male,C_IS,Ischaemic stroke,CVD,2307309,0.00201865,2.06846601585532e-05,0.00134723403254256,0.00199796533984145,0.000524867045860624,0.00619638139638131,2.73100008823359e-05,-0.242597601967416,0.8,0.805921918426068,0.500000006541575,0.929903354452946,0.000262433526363769,0.00464375098301973,0.997739601133795,0.000262433526363769,0.00199796533984145,0.993358283677139,0.00464375098301973,0.00199796533984145,UNCHANGED,"Calibrated 2019 IR is held by age, sex, cause and location; CF carries 80% of projected cause-mortality change since 2019; annual background mortality follows the WPP-scaled baseline."
IDN_NATIONAL,GBD_11,11,Indonesia,National,2033,70,Male,C_CMD,Cardiomyopathy and myocarditis,CVD,929401,0.0443055,0.000114820066934397,0.023334429384621,0.0441906799330656,0.000231946963314738,0.152510370473474,0.000106847889244347,0.0746124022330421,0.8,1.05968992178643,0.584103771403263,0.854319654386053,0.000135481096037672,0.138069762513961,0.955673838970897,0.000135481096037672,0.0441906799330656,0.817739557552974,0.138069762513961,0.0441906799330656,UNCHANGED,"Calibrated 2019 IR is held by age, sex, cause and location; CF carries 80% of projected cause-mortality change since 2019; annual background mortality follows the WPP-scaled baseline."
IDN_NATIONAL,GBD_11,11,Indonesia,National,2025,43,Female,C_DM,Diabetes mellitus,Diabetes,2054228,0.00303006,7.81447749066295e-05,0.00200402084648108,0.00295191522509337,0.00512463843023763,0.00236799146883016,0.000115559132096693,-0.323768070175165,0.8,0.740985543859868,0.500000160693621,0.824704051606735,0.00256232003861552,0.00144706485817648,0.994485764736291,0.00256232003861552,0.00295191522509337,0.99560101991673,0.00144706485817648,0.00295191522509337,UNCHANGED,"Calibrated 2019 IR is held by age, sex, cause and location; CF carries 80% of projected cause-mortality change since 2019; annual background mortality follows the WPP-scaled baseline."
IDN_NATIONAL,GBD_11,11,Indonesia,National,2033,51,Male,C_IHD,Ischaemic heart disease,CVD,2030840,0.00757271,0.00168340713765364,0.00382592611918465,0.00588930286234636,0.00474295147418378,0.0614375697513962,0.00204505086980422,-0.176838501912278,0.8,0.858529198470177,0.520670577641515,0.939102798934496,0.00246951528378895,0.0495338669434333,0.991641181853865,0.00246951528378895,0.00588930286234636,0.94457683019422,0.0495338669434333,0.00588930286234636,UNCHANGED,"Calibrated 2019 IR is held by age, sex, cause and location; CF carries 80% of projected cause-mortality change since 2019; annual background mortality follows the WPP-scaled baseline."
IDN_NATIONAL,GBD_11,11,Indonesia,National,2038,95,Male,C_IS,Ischaemic stroke,CVD,16879,0.414597345373541,0.0328324655316522,0.263376785435141,0.381764879841889,0.031174642657385,0.260320861488617,0.0266415174697044,0.232379708437699,0.8,1.18590376675016,0.500000006541575,0.929903354452946,0.0155873215326238,0.287075569911353,0.602647798625488,0.0155873215326238,0.381764879841889,0.331159550246758,0.287075569911353,0.381764879841889,UNCHANGED,"Calibrated 2019 IR is held by age, sex, cause and location; CF carries 80% of projected cause-mortality change since 2019; annual background mortality follows the WPP-scaled baseline."
IDN_NATIONAL,GBD_11,11,Indonesia,National,2042,46,Male,C_CMD,Cardiomyopathy and myocarditis,CVD,2181889,0.00423716,2.55992263491888e-05,0.00212534472741828,0.00421156077365081,4.214216354077e-05,0.163884818360955,3.51984136677144e-05,-0.272716475496464,0.8,0.781826819602829,0.584103771403263,0.854319654386053,2.46153966592568e-05,0.109463589729029,0.99576382382969,2.46153966592568e-05,0.00421156077365081,0.886324849497321,0.109463589729029,0.00421156077365081,UNCHANGED,"Calibrated 2019 IR is held by age, sex, cause and location; CF carries 80% of projected cause-mortality change since 2019; annual background mortality follows the WPP-scaled baseline."
IDN_NATIONAL,GBD_11,11,Indonesia,National,2041,58,Female,C_ICH,Intracerebral haemorrhage,CVD,1912753,0.0079639,0.00130795562178062,0.00409425560752546,0.00665594437821939,0.00250905904744748,0.243468914559046,0.00190800663573152,-0.314491051924903,0.8,0.748407158460078,0.60226208656985,0.93800091950465,0.00151111113724268,0.170916785596857,0.991832944484538,0.00151111113724268,0.00665594437821939,0.822427270024924,0.170916785596857,0.00665594437821939,UNCHANGED,"Calibrated 2019 IR is held by age, sex, cause and location; CF carries 80% of projected cause-mortality change since 2019; annual background mortality follows the WPP-scaled baseline."
IDN_NATIONAL,GBD_11,11,Indonesia,National,2037,38,Male,C_HHD,Hypertensive heart disease,CVD,2202553,0.00227423,2.77489542633523e-05,0.00155156792053319,0.00224648104573665,0.000113382711537079,0.140951765296122,3.93869036321448e-05,-0.295477640930739,0.8,0.763617887255409,0.677760579995556,0.862219548003387,7.68463323328392e-05,0.0928035259816839,0.99767667262193,7.68463323328392e-05,0.00224648104573665,0.904949992972579,0.0928035259816839,0.00224648104573665,UNCHANGED,"Calibrated 2019 IR is held by age, sex, cause and location; CF carries 80% of projected cause-mortality change since 2019; annual background mortality follows the WPP-scaled baseline."
IDN_NATIONAL,GBD_11,11,Indonesia,National,2048,52,Female,C_HHD,Hypertensive heart disease,CVD,2056173,0.00449194,0.000139732318029103,0.00236699640714578,0.0043522076819709,0.000242817358586371,0.145699532883747,0.000171879405046586,-0.187032803661206,0.8,0.850373757071036,0.636902624129894,0.928853736440594,0.000154651012867949,0.115084104062532,0.995493141305161,0.000154651012867949,0.0043522076819709,0.880563688255497,0.115084104062532,0.0043522076819709,UNCHANGED,"Calibrated 2019 IR is held by age, sex, cause and location; CF carries 80% of projected cause-mortality change since 2019; annual background mortality follows the WPP-scaled baseline."
IDN_NATIONAL,GBD_11,11,Indonesia,National,2042,74,Male,C_ICH,Intracerebral haemorrhage,CVD,891781,0.05829946,0.0060089423743202,0.0306311295022875,0.0522905176256798,0.0074335373376089,0.727007040651119,0.0058289964115663,0.0308708309370114,0.8,1.02469666474961,0.619800257687136,0.936190723053988,0.00460730835737694,0.697426223025769,0.943102174016943,0.00460730835737694,0.0522905176256798,0.250283259348551,0.697426223025769,0.0522905176256798,UNCHANGED,"Calibrated 2019 IR is held by age, sex, cause and location; CF carries 80% of projected cause-mortality change since 2019; annual background mortality follows the WPP-scaled baseline."
IDN_NATIONAL,GBD_11,11,Indonesia,National,2043,20,Male,C_IHD,Ischaemic heart disease,CVD,2215480,0.00128347,5.93593763322758e-05,0.0011690413453064,0.00122411062366772,0.000503239103223627,0.0302699414190198,5.78260563977002e-05,0.0265160730316816,0.8,1.02121285842535,0.520670577641515,0.939102798934496,0.000262021794567244,0.0290295958695837,0.998513867581765,0.000262021794567244,0.00122411062366772,0.969746293506749,0.0290295958695837,0.00122411062366772,UNCHANGED,"Calibrated 2019 IR is held by age, sex, cause and location; CF carries 80% of projected cause-mortality change since 2019; annual background mortality follows the WPP-scaled baseline."
IDN_NATIONAL,GBD_11,11,Indonesia,National,2035,76,Female,C_ICH,Intracerebral haemorrhage,CVD,757232,0.0520808,0.00580701025117079,0.0264516290408383,0.0462737897488292,0.00570178810732307,0.476494180859665,0.00472420129324434,0.229204661426023,0.8,1.18336372914082,0.60226208656985,0.93800091950465,0.00343397080269555,0.528906761545227,0.950292239448475,0.00343397080269555,0.0462737897488292,0.424819448705944,0.528906761545227,0.0462737897488292,UNCHANGED,"Calibrated 2019 IR is held by age, sex, cause and location; CF carries 80% of projected cause-mortality change since 2019; annual background mortality follows the WPP-scaled baseline."
IDN_NATIONAL,GBD_11,11,Indonesia,National,2040,21,Female,C_DM,Diabetes mellitus,Diabetes,2147742,0.00074856,1.10393742308932e-05,0.000631824777584373,0.000737520625769107,0.00171916022309132,0.000955075081208034,1.23288016071661e-05,-0.104586594655186,0.8,0.916330724275852,0.500000160693621,0.824704051606735,0.000859580387803741,0.000721751825174153,0.998402898986427,0.000859580387803741,0.000737520625769107,0.998540727549057,0.000721751825174153,0.000737520625769107,UNCHANGED,"Calibrated 2019 IR is held by age, sex, cause and location; CF carries 80% of projected cause-mortality change since 2019; annual background mortality follows the WPP-scaled baseline."
IDN_NATIONAL,GBD_11,11,Indonesia,National,2044,85,Female,C_RHD,Rheumatic heart disease,CVD,360027,0.12401182,1.98059550879571e-05,0.0718438748942705,0.123992014044912,5.44441941531225e-05,0.0248468647024826,3.99225517323454e-05,-0.503890552368919,0.8,0.596887558104865,0.50000000046055,0.630292412861138,2.72220971016355e-05,0.00934773088335984,0.875980763857987,2.72220971016355e-05,0.123992014044912,0.866660255071728,0.00934773088335984,0.123992014044912,UNCHANGED,"Calibrated 2019 IR is held by age, sex, cause and location; CF carries 80% of projected cause-mortality change since 2019; annual background mortality follows the WPP-scaled baseline."
IDN_NATIONAL,GBD_11,11,Indonesia,National,2046,52,Female,C_DM,Diabetes mellitus,Diabetes,1998320,0.00461922,0.000221704343519887,0.00244749446946801,0.00439751565648011,0.00726286049000576,0.004482224275609,0.000335686822802754,-0.33955005540936,0.8,0.728359955672512,0.500000160693621,0.824704051606735,0.00363143141209823,0.00269238878199227,0.991971052931422,0.00363143141209823,0.00439751565648011,0.992910095561528,0.00269238878199227,0.00439751565648011,UNCHANGED,"Calibrated 2019 IR is held by age, sex, cause and location; CF carries 80% of projected cause-mortality change since 2019; annual background mortality follows the WPP-scaled baseline."
IDN_NATIONAL,GBD_11,11,Indonesia,National,2026,46,Male,C_IHD,Ischaemic heart disease,CVD,2041217,0.00500567,0.000994305450786305,0.0028349623705313,0.0040113645492137,0.0033336351190183,0.0566374824483921,0.0012527692847726,-0.206313993428733,0.8,0.834948805257013,0.520670577641515,0.939102798934496,0.0017357257230653,0.0444096063063225,0.994252909727721,0.0017357257230653,0.0040113645492137,0.951579029144464,0.0444096063063225,0.0040113645492137,UNCHANGED,"Calibrated 2019 IR is held by age, sex, cause and location; CF carries 80% of projected cause-mortality change since 2019; annual background mortality follows the WPP-scaled baseline."
IDN_NATIONAL,GBD_11,11,Indonesia,National,2049,48,Female,C_IHD,Ischaemic heart disease,CVD,2047413,0.00322858,0.000602214656579014,0.00182419542497748,0.00262636534342099,0.00225947678876455,0.0433894786714082,0.000834175871243858,-0.278072313838282,0.8,0.777542148929375,0.500000255019161,1.00141411562457,0.00112973897059215,0.033784856715896,0.996243895685987,0.00112973897059215,0.00262636534342099,0.963588777940683,0.033784856715896,0.00262636534342099,UNCHANGED,"Calibrated 2019 IR is held by age, sex, cause and location; CF carries 80% of projected cause-mortality change since 2019; annual background mortality follows the WPP-scaled baseline."
IDN_NATIONAL,GBD_11,11,Indonesia,National,2049,67,Female,C_CMD,Cardiomyopathy and myocarditis,CVD,1716686,0.01629925,3.72127124133648e-05,0.00767402079703319,0.0162620372875866,9.44280140719506e-05,0.134710115798626,3.73212210816313e-05,-0.00290742545720002,0.8,0.99767405963424,0.531154605163038,0.930350003869953,5.01558745307167e-05,0.125036052331376,0.983687806837883,5.01558745307167e-05,0.0162620372875866,0.858701910381037,0.125036052331376,0.0162620372875866,UNCHANGED,"Calibrated 2019 IR is held by age, sex, cause and location; CF carries 80% of projected cause-mortality change since 2019; annual background mortality follows the WPP-scaled baseline."
IDN_NATIONAL,GBD_11,11,Indonesia,National,2027,77,Female,C_ICH,Intracerebral haemorrhage,CVD,441721,0.06266925,0.00758110739091108,0.032044319261545,0.0550881426090889,0.00586764496077113,0.480572090805574,0.00485685590160842,0.560908444576352,0.8,1.44872675566108,0.60226208656985,0.93800091950465,0.00353386009732509,0.653052792098995,0.941377997293586,0.00353386009732509,0.0550881426090889,0.291859065291916,0.653052792098995,0.0550881426090889,UNCHANGED,"Calibrated 2019 IR is held by age, sex, cause and location; CF carries 80% of projected cause-mortality change since 2019; annual background mortality follows the WPP-scaled baseline."
IDN_NATIONAL,GBD_11,11,Indonesia,National,2040,31,Female,C_RHD,Rheumatic heart disease,CVD,2257045,0.00108361,1.55513422141791e-05,0.000795590314260984,0.00106805865778582,8.27727816002687e-05,0.00392491065202995,3.1847481331875e-05,-0.511693183767901,0.8,0.59064545298568,0.50000000046055,0.630292412861138,4.13863908382554e-05,0.00146116317734912,0.998890554951376,4.13863908382554e-05,0.00106805865778582,0.997470778164865,0.00146116317734912,0.00106805865778582,UNCHANGED,"Calibrated 2019 IR is held by age, sex, cause and location; CF carries 80% of projected cause-mortality change since 2019; annual background mortality follows the WPP-scaled baseline."
IDN_NATIONAL,GBD_11,11,Indonesia,National,2040,26,Male,C_RHD,Rheumatic heart disease,CVD,2385778,0.00135229,7.96315645366829e-06,0.0011486001317647,0.00134432684354633,0.000173329181488685,0.00261005453718609,1.41174541221352e-05,-0.435935375827953,0.8,0.651251699337638,0.500000000000582,0.624906744590431,8.66645907444432e-05,0.00106221801716755,0.998569008565709,8.66645907444432e-05,0.00134432684354633,0.997593455139286,0.00106221801716755,0.00134432684354633,UNCHANGED,"Calibrated 2019 IR is held by age, sex, cause and location; CF carries 80% of projected cause-mortality change since 2019; annual background mortality follows the WPP-scaled baseline."
IDN_NATIONAL,GBD_11,11,Indonesia,National,2046,55,Male,C_HHD,Hypertensive heart disease,CVD,1969628,0.00949449,0.000272231957684377,0.00450530662826133,0.00922225804231562,0.000747459789568491,0.312487810915354,0.000414045284872884,-0.342506803892345,0.8,0.725994556886124,0.677760579995556,0.862219548003387,0.000506598780501297,0.195606963379947,0.990271143177183,0.000506598780501297,0.00922225804231562,0.795170778577738,0.195606963379947,0.00922225804231562,UNCHANGED,"Calibrated 2019 IR is held by age, sex, cause and location; CF carries 80% of projected cause-mortality change since 2019; annual background mortality follows the WPP-scaled baseline."
IDN_NATIONAL,GBD_11,11,Indonesia,National,2035,58,Female,C_ICH,Intracerebral haemorrhage,CVD,1779557,0.00871741,0.00145875479357141,0.00456203140490363,0.00725865520642859,0.00250905904744748,0.243468914559046,0.00190800663573152,-0.235456121455187,0.8,0.81163510283585,0.60226208656985,0.93800091950465,0.00151111113724268,0.185356408321525,0.991230233656329,0.00151111113724268,0.00725865520642859,0.807384936472047,0.185356408321525,0.00725865520642859,UNCHANGED,"Calibrated 2019 IR is held by age, sex, cause and location; CF carries 80% of projected cause-mortality change since 2019; annual background mortality follows the WPP-scaled baseline."
IDN_NATIONAL,GBD_11,11,Indonesia,National,2039,92,Male,C_HHD,Hypertensive heart disease,CVD,19740,0.29954301,0.00782019867817193,0.185587103608984,0.291722811321828,0.00719147069281024,0.20460319990219,0.00446997262092185,0.749495878692687,0.8,1.59959670295415,0.677760579995556,0.862219548003387,0.00487409534778011,0.282189458870776,0.703403093330392,0.00487409534778011,0.291722811321828,0.426087729807396,0.282189458870776,0.291722811321828,UNCHANGED,"Calibrated 2019 IR is held by age, sex, cause and location; CF carries 80% of projected cause-mortality change since 2019; annual background mortality follows the WPP-scaled baseline."
IDN_NATIONAL,GBD_11,11,Indonesia,National,2037,48,Male,C_RHD,Rheumatic heart disease,CVD,2057498,0.00542424,1.02493784668675e-05,0.00282457955721361,0.00541399062153313,2.47735182441091e-05,0.00406485684157692,2.0530713484255e-05,-0.500778262054666,0.8,0.599377390356268,0.500000000000582,0.624906744590431,1.2386759122069e-05,0.00152251234775143,0.994573622619345,1.2386759122069e-05,0.00541399062153313,0.993063497030715,0.00152251234775143,0.00541399062153313,UNCHANGED,"Calibrated 2019 IR is held by age, sex, cause and location; CF carries 80% of projected cause-mortality change since 2019; annual background mortality follows the WPP-scaled baseline."
IDN_NATIONAL,GBD_11,11,Indonesia,National,2046,67,Female,C_CMD,Cardiomyopathy and myocarditis,CVD,1656693,0.01699133,3.83269735165821e-05,0.00805160676571038,0.0169530030264834,9.44280140719506e-05,0.134710115798626,3.73212210816313e-05,0.0269485404229133,0.8,1.02155883233833,0.531154605163038,0.930350003869953,5.01558745307167e-05,0.128029472538018,0.982996841098986,5.01558745307167e-05,0.0169530030264834,0.855017524435499,0.128029472538018,0.0169530030264834,UNCHANGED,"Calibrated 2019 IR is held by age, sex, cause and location; CF carries 80% of projected cause-mortality change since 2019; annual background mortality follows the WPP-scaled baseline."
IDN_NATIONAL,GBD_11,11,Indonesia,National,2045,40,Female,C_IHD,Ischaemic heart disease,CVD,2171795,0.0018367,0.000322819259909749,0.00114039552656187,0.00151388074009025,0.00123286145392691,0.0399282634768329,0.000431040074638382,-0.251069033011429,0.8,0.799144773590857,0.500000255019161,1.00141411562457,0.000616431041366747,0.0319535853322615,0.997869688218543,0.000616431041366747,0.00151388074009025,0.966532533927648,0.0319535853322615,0.00151388074009025,UNCHANGED,"Calibrated 2019 IR is held by age, sex, cause and location; CF carries 80% of projected cause-mortality change since 2019; annual background mortality follows the WPP-scaled baseline."
IDN_NATIONAL,GBD_11,11,Indonesia,National,2027,85,Male,C_IS,Ischaemic stroke,CVD,90158,0.17917681,0.0193374050297012,0.105341178594525,0.159839404970299,0.0188022172790857,0.138510677468199,0.0122193826164646,0.58251898943287,0.8,1.4660151915463,0.500000006541575,0.929903354452946,0.00940110876253898,0.188825019619877,0.830759486267162,0.00940110876253898,0.159839404970299,0.651335575409824,0.188825019619877,0.159839404970299,UNCHANGED,"Calibrated 2019 IR is held by age, sex, cause and location; CF carries 80% of projected cause-mortality change since 2019; annual background mortality follows the WPP-scaled baseline."
IDN_NATIONAL,GBD_11,11,Indonesia,National,2042,25,Male,C_DM,Diabetes mellitus,Diabetes,2273097,0.00132711,2.42393820832269e-05,0.00112323740377513,0.00130287061791677,0.00253734487925231,0.00109490557213697,1.94306860935333e-05,0.247479474813496,0.8,1.1979835798508,0.500000009256077,0.874818940170935,0.00126867246311201,0.00114748154243697,0.997428456918971,0.00126867246311201,0.00130287061791677,0.997549647839646,0.00114748154243697,0.00130287061791677,UNCHANGED,"Calibrated 2019 IR is held by age, sex, cause and location; CF carries 80% of projected cause-mortality change since 2019; annual background mortality follows the WPP-scaled baseline."
IDN_NATIONAL,GBD_11,11,Indonesia,National,2043,58,Female,C_IS,Ischaemic stroke,CVD,1872907,0.00771717,0.000288051425262903,0.00394463754011915,0.0074291185747371,0.00227443666849615,0.0281476101473241,0.000441908058188067,-0.348164352458325,0.8,0.72146851803334,0.50000001358769,0.953863781237352,0.00113721836515242,0.019370698030398,0.99143366306011,0.00113721836515242,0.0074291185747371,0.973200183394865,0.019370698030398,0.0074291185747371,UNCHANGED,"Calibrated 2019 IR is held by age, sex, cause and location; CF carries 80% of projected cause-mortality change since 2019; annual background mortality follows the WPP-scaled baseline."
IDN_NATIONAL,GBD_11,11,Indonesia,National,2041,33,Female,C_CMD,Cardiomyopathy and myocarditis,CVD,2235637,0.00118965,1.06397413931486e-05,0.000869837132014638,0.00117901025860685,1.31475642119702e-05,0.0873477333047802,1.15019142505574e-05,-0.0749590753875629,0.8,0.94003273968995,0.531154605163038,0.930350003869953,6.98338927786475e-06,0.0763907867340319,0.998814006352115,6.98338927786475e-06,0.00117901025860685,0.922430203007361,0.0763907867340319,0.00117901025860685,UNCHANGED,"Calibrated 2019 IR is held by age, sex, cause and location; CF carries 80% of projected cause-mortality change since 2019; annual background mortality follows the WPP-scaled baseline."
IDN_NATIONAL,GBD_11,11,Indonesia,National,2046,44,Male,C_CMD,Cardiomyopathy and myocarditis,CVD,2161026,0.00337703,2.25921842795709e-05,0.0019111674254353,0.00335443781572043,3.76297091053525e-05,0.141371899010641,2.82681623297029e-05,-0.20079048591595,0.8,0.83936761126724,0.584103771403263,0.854319654386053,2.19796550052441e-05,0.101376127315865,0.996623582529274,2.19796550052441e-05,0.00335443781572043,0.895269434868414,0.101376127315865,0.00335443781572043,UNCHANGED,"Calibrated 2019 IR is held by age, sex, cause and location; CF carries 80% of projected cause-mortality change since 2019; annual background mortality follows the WPP-scaled baseline."
IDN_NATIONAL,GBD_11,11,Indonesia,National,2050,79,Male,C_DM,Diabetes mellitus,Diabetes,677270,0.08616418,0.00793842769191344,0.0452355436065856,0.0782257523080866,0.00793505309604045,0.0371376091989,0.00439039608663632,0.808134741208605,0.8,1.64650779296688,0.500000009256077,0.874818940170935,0.00396752662146769,0.0534928712572941,0.917806721070446,0.00396752662146769,0.0782257523080866,0.868281376434619,0.0534928712572941,0.0782257523080866,UNCHANGED,"Calibrated 2019 IR is held by age, sex, cause and location; CF carries 80% of projected cause-mortality change since 2019; annual background mortality follows the WPP-scaled baseline."
IDN_NATIONAL,GBD_11,11,Indonesia,National,2027,74,Male,C_IS,Ischaemic stroke,CVD,470993,0.06691122,0.00600060574148203,0.0352805756969387,0.060910614258518,0.0114990616592621,0.0694550751000715,0.00480921334374239,0.247731242634482,0.8,1.19818499410759,0.500000006541575,0.929903354452946,0.00574953090485305,0.0773865838918502,0.933339854836629,0.00574953090485305,0.060910614258518,0.861702801849632,0.0773865838918502,0.060910614258518,UNCHANGED,"Calibrated 2019 IR is held by age, sex, cause and location; CF carries 80% of projected cause-mortality change since 2019; annual background mortality follows the WPP-scaled baseline."
IDN_NATIONAL,GBD_11,11,Indonesia,National,2042,39,Male,C_DM,Diabetes mellitus,Diabetes,2191133,0.00234705,7.79107393591016e-05,0.00157204617324176,0.0022691392606409,0.00474260300635223,0.00241000013942728,0.000108034183717416,-0.278832526166979,0.8,0.776933979066417,0.500000009256077,0.874818940170935,0.00237130154707401,0.00163802060472616,0.995359559192285,0.00237130154707401,0.0022691392606409,0.996092840134633,0.00163802060472616,0.0022691392606409,UNCHANGED,"Calibrated 2019 IR is held by age, sex, cause and location; CF carries 80% of projected cause-mortality change since 2019; annual background mortality follows the WPP-scaled baseline."
IDN_NATIONAL,GBD_11,11,Indonesia,National,2027,88,Male,C_CMD,Cardiomyopathy and myocarditis,CVD,45844,0.23164651,0.00117473688207301,0.136189032390455,0.230471773117927,0.00143221312440182,0.207155766026022,0.000688011205411335,0.707438589420467,0.8,1.56595087153637,0.584103771403263,0.854319654386053,0.000836561087416355,0.277137667033864,0.768691665794657,0.000836561087416355,0.230471773117927,0.492390559848209,0.277137667033864,0.230471773117927,UNCHANGED,"Calibrated 2019 IR is held by age, sex, cause and location; CF carries 80% of projected cause-mortality change since 2019; annual background mortality follows the WPP-scaled baseline."
IDN_NATIONAL,GBD_11,11,Indonesia,National,2040,23,Female,C_IS,Ischaemic stroke,CVD,2171582,0.00077133,5.88153157460615e-06,0.000651043878505604,0.000765448468425394,0.000130221511298941,0.00508428940078491,8.59208448537477e-06,-0.31547093320398,0.8,0.747623253436816,0.50000001358769,0.953863781237352,6.511075741888e-05,0.00362576308036895,0.999169440774156,6.511075741888e-05,0.000765448468425394,0.995608788451206,0.00362576308036895,0.000765448468425394,UNCHANGED,"Calibrated 2019 IR is held by age, sex, cause and location; CF carries 80% of projected cause-mortality change since 2019; annual background mortality follows the WPP-scaled baseline."
IDN_NATIONAL,GBD_11,11,Indonesia,National,2048,72,Female,C_IS,Ischaemic stroke,CVD,1404230,0.02825447,0.00321012059331127,0.013177734378967,0.0250443494066887,0.00704401577473591,0.076765406853555,0.00338366806186826,-0.0512897439653599,0.8,0.958968204827712,0.50000001358769,0.953863781237352,0.00352200798307985,0.0702192396968553,0.971433642610231,0.00352200798307985,0.0250443494066887,0.904736410896456,0.0702192396968553,0.0250443494066887,UNCHANGED,"Calibrated 2019 IR is held by age, sex, cause and location; CF carries 80% of projected cause-mortality change since 2019; annual background mortality follows the WPP-scaled baseline."
IDN_NATIONAL,GBD_11,11,Indonesia,National,2034,76,Male,C_CMD,Cardiomyopathy and myocarditis,CVD,533848,0.07630244,0.000209089725202767,0.0405437746991387,0.0760933502747972,0.000422695436119951,0.13981832934796,0.000155315833405491,0.346222858405463,0.8,1.27697828672437,0.584103771403263,0.854319654386053,0.00024689799839261,0.152534477629542,0.92365975172681,0.00024689799839261,0.0760933502747972,0.77137217209566,0.152534477629542,0.0760933502747972,UNCHANGED,"Calibrated 2019 IR is held by age, sex, cause and location; CF carries 80% of projected cause-mortality change since 2019; annual background mortality follows the WPP-scaled baseline."
IDN_NATIONAL,GBD_11,11,Indonesia,National,2050,55,Male,C_IHD,Ischaemic heart disease,CVD,2030285,0.00903512,0.0022528750019716,0.00421654392485218,0.0067822449980284,0.0059669493255401,0.0627274661292404,0.00270982689100952,-0.168627704800615,0.8,0.865097836159508,0.520670577641515,0.939102798934496,0.00310681495208661,0.0509607845327963,0.990110940049885,0.00310681495208661,0.0067822449980284,0.942256970469175,0.0509607845327963,0.0067822449980284,UNCHANGED,"Calibrated 2019 IR is held by age, sex, cause and location; CF carries 80% of projected cause-mortality change since 2019; annual background mortality follows the WPP-scaled baseline."
IDN_NATIONAL,GBD_11,11,Indonesia,National,2039,43,Female,C_ICH,Intracerebral haemorrhage,CVD,2118499,0.002479,0.000303631235891388,0.00156731280640242,0.00217536876410861,0.000967489122085738,0.111064643059774,0.000578069787302428,-0.474749861416753,0.8,0.620200110866598,0.60226208656985,0.93800091950465,0.000582682017400989,0.0646116644324097,0.99724194921849,0.000582682017400989,0.00217536876410861,0.933212966803482,0.0646116644324097,0.00217536876410861,UNCHANGED,"Calibrated 2019 IR is held by age, sex, cause and location; CF carries 80% of projected cause-mortality change since 2019; annual background mortality follows the WPP-scaled baseline."
IDN_NATIONAL,GBD_11,11,Indonesia,National,2038,21,Male,C_RHD,Rheumatic heart disease,CVD,2296739,0.00137286,7.16992931767554e-06,0.00125437364556853,0.00136569007068232,0.000289979108384511,0.00301707877611052,1.34443597434644e-05,-0.466696112385643,0.8,0.626643110091485,0.500000000000582,0.624906744590431,0.000144989554192424,0.00118146845565629,0.998489320375125,0.000144989554192424,0.00136569007068232,0.997452841473661,0.00118146845565629,0.00136569007068232,UNCHANGED,"Calibrated 2019 IR is held by age, sex, cause and location; CF carries 80% of projected cause-mortality change since 2019; annual background mortality follows the WPP-scaled baseline."
IDN_NATIONAL,GBD_11,11,Indonesia,National,2036,45,Female,C_IS,Ischaemic stroke,CVD,2015395,0.00302889,8.01493530160796e-05,0.00177248736749378,0.00294874064698392,0.000810899432235721,0.017006559111371,0.000113172690557423,-0.291795992290098,0.8,0.766563206167922,0.50000001358769,0.953863781237352,0.000405449727136111,0.0124351429344365,0.99664580962588,0.000405449727136111,0.00294874064698392,0.98461611641858,0.0124351429344365,0.00294874064698392,UNCHANGED,"Calibrated 2019 IR is held by age, sex, cause and location; CF carries 80% of projected cause-mortality change since 2019; annual background mortality follows the WPP-scaled baseline."
IDN_NATIONAL,GBD_11,11,Indonesia,National,2037,37,Male,C_DM,Diabetes mellitus,Diabetes,2191221,0.00211975,6.80401144704164e-05,0.00144617567244747,0.00205170988552958,0.00437663383537519,0.00193977586516233,7.36866485305984e-05,-0.0766289982348322,0.8,0.938696801412134,0.500000009256077,0.874818940170935,0.00218831695819806,0.00159292404021994,0.995759973156272,0.00218831695819806,0.00205170988552958,0.996355366074251,0.00159292404021994,0.00205170988552958,UNCHANGED,"Calibrated 2019 IR is held by age, sex, cause and location; CF carries 80% of projected cause-mortality change since 2019; annual background mortality follows the WPP-scaled baseline."
IDN_NATIONAL,GBD_11,11,Indonesia,National,2033,42,Male,C_DM,Diabetes mellitus,Diabetes,2121193,0.00321856,0.000141595714305845,0.00196140691097104,0.00307696428569416,0.00529155676281779,0.00311533655082472,0.000159555486497643,-0.112561295045556,0.8,0.909950963963555,0.500000009256077,0.874818940170935,0.00264577843038795,0.00247993979127043,0.994277257283918,0.00264577843038795,0.00307696428569416,0.994443095923035,0.00247993979127043,0.00307696428569416,UNCHANGED,"Calibrated 2019 IR is held by age, sex, cause and location; CF carries 80% of projected cause-mortality change since 2019; annual background mortality follows the WPP-scaled baseline."
IDN_NATIONAL,GBD_11,11,Indonesia,National,2050,84,Female,C_IS,Ischaemic stroke,CVD,551866,0.10534148,0.0134867804543672,0.0557728376618728,0.0918546995456328,0.014730257014834,0.192176292525556,0.0103434539138259,0.303895252662128,0.8,1.2431162021297,0.50000001358769,0.953863781237352,0.00736512870756718,0.227875637293367,0.9007801717468,0.00736512870756718,0.0918546995456328,0.680269663161,0.227875637293367,0.0918546995456328,UNCHANGED,"Calibrated 2019 IR is held by age, sex, cause and location; CF carries 80% of projected cause-mortality change since 2019; annual background mortality follows the WPP-scaled baseline."
IDN_NATIONAL,GBD_11,11,Indonesia,National,2030,67,Female,C_DM,Diabetes mellitus,Diabetes,1189619,0.02120557,0.00151295758842853,0.0104336272599764,0.0196926124115715,0.00771944122620604,0.0117914883678492,0.00138496946772973,0.0924122326744143,0.8,1.07392978613953,0.500000160693621,0.824704051606735,0.00385972185356798,0.0104434175667056,0.976447665734861,0.00385972185356798,0.0196926124115715,0.969863970021723,0.0104434175667056,0.0196926124115715,UNCHANGED,"Calibrated 2019 IR is held by age, sex, cause and location; CF carries 80% of projected cause-mortality change since 2019; annual background mortality follows the WPP-scaled baseline."
IDN_NATIONAL,GBD_11,11,Indonesia,National,2034,88,Male,C_DM,Diabetes mellitus,Diabetes,54612,0.22417099,0.0135948029424367,0.132272227089278,0.210576187057563,0.00976688622569908,0.0714047581608184,0.00657997136308921,1.06608846638721,0.8,1.85287077310977,0.500000009256077,0.874818940170935,0.00488344320325259,0.115741860873504,0.784540369739184,0.00488344320325259,0.210576187057563,0.673681952068933,0.115741860873504,0.210576187057563,UNCHANGED,"Calibrated 2019 IR is held by age, sex, cause and location; CF carries 80% of projected cause-mortality change since 2019; annual background mortality follows the WPP-scaled baseline."
IDN_NATIONAL,GBD_11,11,Indonesia,National,2041,47,Male,C_IS,Ischaemic stroke,CVD,2114750,0.00471425,0.00011409971068024,0.00238226788749486,0.00460015028931976,0.00158770179587151,0.0176446835407935,0.000171651189671444,-0.335281561994198,0.8,0.731774750404641,0.500000006541575,0.929903354452946,0.000793850908321826,0.012006850640536,0.994605998802358,0.000793850908321826,0.00460015028931976,0.983392999070144,0.012006850640536,0.00460015028931976,UNCHANGED,"Calibrated 2019 IR is held by age, sex, cause and location; CF carries 80% of projected cause-mortality change since 2019; annual background mortality follows the WPP-scaled baseline."
IDN_NATIONAL,GBD_11,11,Indonesia,National,2044,61,Female,C_RHD,Rheumatic heart disease,CVD,1862922,0.00981985,1.01490754191302e-05,0.00476321712138652,0.00980970092458087,4.33654925834213e-05,0.00848464152742205,3.65527693491093e-05,-0.722344555560262,0.8,0.422124355551791,0.50000000046055,0.630292412861138,2.16827463116826e-05,0.00225743881546914,0.990168616329107,2.16827463116826e-05,0.00980970092458087,0.98793286025995,0.00225743881546914,0.00980970092458087,UNCHANGED,"Calibrated 2019 IR is held by age, sex, cause and location; CF carries 80% of projected cause-mortality change since 2019; annual background mortality follows the WPP-scaled baseline."
IDN_NATIONAL,GBD_11,11,Indonesia,National,2037,36,Female,C_IS,Ischaemic stroke,CVD,2099489,0.00151558,2.39274243159704e-05,0.00106114532930257,0.00149165257568403,0.000345747453561998,0.00999430295992598,3.15148637173626e-05,-0.240757487306282,0.8,0.807394010154974,0.50000001358769,0.953863781237352,0.000172873731478908,0.00769705149406727,0.998335473692837,0.000172873731478908,0.00149165257568403,0.990811295930249,0.00769705149406727,0.00149165257568403,UNCHANGED,"Calibrated 2019 IR is held by age, sex, cause and location; CF carries 80% of projected cause-mortality change since 2019; annual background mortality follows the WPP-scaled baseline."
IDN_NATIONAL,GBD_11,11,Indonesia,National,2032,20,Female,C_IHD,Ischaemic heart disease,CVD,2397743,0.00082018,4.92483834613059e-05,0.000707190926900976,0.000770931616538694,0.000411303992449062,0.0263917579507069,6.42967804616625e-05,-0.234045886781677,0.8,0.812763290574658,0.500000255019161,1.00141411562457,0.00020565210111493,0.0214805851726215,0.999023416282346,0.00020565210111493,0.000770931616538694,0.97774848321084,0.0214805851726215,0.000770931616538694,UNCHANGED,"Calibrated 2019 IR is held by age, sex, cause and location; CF carries 80% of projected cause-mortality change since 2019; annual background mortality follows the WPP-scaled baseline."
IDN_NATIONAL,GBD_11,11,Indonesia,National,2025,86,Male,C_RHD,Rheumatic heart disease,CVD,70293,0.19732565,6.58374670454438e-05,0.115868783695372,0.197259812532955,5.64791823450692e-05,0.0334504253301731,3.88461009939408e-05,0.694828190240073,0.8,1.55586255219206,0.500000000000582,0.624906744590431,2.82395911725675e-05,0.0325228116696539,0.802711947875873,2.82395911725675e-05,0.197259812532955,0.770217375797392,0.0325228116696539,0.197259812532955,UNCHANGED,"Calibrated 2019 IR is held by age, sex, cause and location; CF carries 80% of projected cause-mortality change since 2019; annual background mortality follows the WPP-scaled baseline."
IDN_NATIONAL,GBD_11,11,Indonesia,National,2042,61,Male,C_HHD,Hypertensive heart disease,CVD,1777435,0.01751212,0.000536869054781351,0.00861081256612672,0.0169752509452186,0.00169967981707885,0.237644232655637,0.000742187437515501,-0.276639528447775,0.8,0.77868837724178,0.677760579995556,0.862219548003387,0.0011519759786301,0.159554418761093,0.981872773076151,0.0011519759786301,0.0169752509452186,0.823470330293689,0.159554418761093,0.0169752509452186,UNCHANGED,"Calibrated 2019 IR is held by age, sex, cause and location; CF carries 80% of projected cause-mortality change since 2019; annual background mortality follows the WPP-scaled baseline."
IDN_NATIONAL,GBD_11,11,Indonesia,National,2042,91,Female,C_CMD,Cardiomyopathy and myocarditis,CVD,77508,0.22435487,0.00183068281700687,0.137789811659022,0.222524187182993,0.00237967911756897,0.208063699665896,0.000969457399708834,0.888358186297502,0.8,1.710686549038,0.531154605163038,0.930350003869953,0.00126397752210707,0.33114112579399,0.7762118352949,0.00126397752210707,0.222524187182993,0.446334687023017,0.33114112579399,0.222524187182993,UNCHANGED,"Calibrated 2019 IR is held by age, sex, cause and location; CF carries 80% of projected cause-mortality change since 2019; annual background mortality follows the WPP-scaled baseline."
IDN_NATIONAL,GBD_11,11,Indonesia,National,2025,78,Male,C_HHD,Hypertensive heart disease,CVD,253152,0.09719658,0.00340315119069566,0.0519854189538476,0.0937934288093043,0.00377320443055429,0.117100721805544,0.00208373944060752,0.633194210550363,0.8,1.50655536844029,0.677760579995556,0.862219548003387,0.00255732922329427,0.152111669952706,0.903649241967401,0.00255732922329427,0.0937934288093043,0.75409490123799,0.152111669952706,0.0937934288093043,UNCHANGED,"Calibrated 2019 IR is held by age, sex, cause and location; CF carries 80% of projected cause-mortality change since 2019; annual background mortality follows the WPP-scaled baseline."
IDN_NATIONAL,GBD_11,11,Indonesia,National,2027,58,Female,C_IS,Ischaemic stroke,CVD,1591335,0.00969342,0.000344247372538049,0.00519890141154432,0.00934917262746195,0.00227443666849615,0.0281476101473241,0.000441908058188067,-0.220997747926234,0.8,0.823201801659013,0.50000001358769,0.953863781237352,0.00113721836515242,0.0221021335227262,0.989513609007386,0.00113721836515242,0.00934917262746195,0.968548693849812,0.0221021335227262,0.00934917262746195,UNCHANGED,"Calibrated 2019 IR is held by age, sex, cause and location; CF carries 80% of projected cause-mortality change since 2019; annual background mortality follows the WPP-scaled baseline."
IDN_NATIONAL,GBD_11,11,Indonesia,National,2038,55,Male,C_HHD,Hypertensive heart disease,CVD,1974008,0.01046067,0.000305725004427208,0.00514258331910359,0.0101549449955728,0.000747459789568491,0.312487810915354,0.000414045284872884,-0.261614573099005,0.8,0.790708341520796,0.677760579995556,0.862219548003387,0.000506598780501297,0.213042998927522,0.989338456223926,0.000506598780501297,0.0101549449955728,0.776802056076906,0.213042998927522,0.0101549449955728,UNCHANGED,"Calibrated 2019 IR is held by age, sex, cause and location; CF carries 80% of projected cause-mortality change since 2019; annual background mortality follows the WPP-scaled baseline."
IDN_NATIONAL,GBD_11,11,Indonesia,National,2041,95,Female,C_ICH,Intracerebral haemorrhage,CVD,61768,0.364297153204248,0.0138726163674926,0.233940685634193,0.350424536836756,0.0123840236466674,0.586537746731729,0.011459542500193,0.210573316278466,0.8,1.16845865302277,0.60226208656985,0.93800091950465,0.00745842792157227,0.642854339130603,0.642117035241672,0.00745842792157227,0.350424536836756,0.00672112403264119,0.642854339130603,0.350424536836756,UNCHANGED,"Calibrated 2019 IR is held by age, sex, cause and location; CF carries 80% of projected cause-mortality change since 2019; annual background mortality follows the WPP-scaled baseline."
IDN_NATIONAL,GBD_11,11,Indonesia,National,2029,84,Male,C_IS,Ischaemic stroke,CVD,113429,0.16241972,0.0194189634363595,0.0913863030803969,0.143000756563641,0.0179305725124318,0.130684067301169,0.0117904243557346,0.647011409467587,0.8,1.51760912757407,0.500000006541575,0.929903354452946,0.00896528637351008,0.184425252575597,0.848033957062849,0.00896528637351008,0.143000756563641,0.672573990860763,0.184425252575597,0.143000756563641,UNCHANGED,"Calibrated 2019 IR is held by age, sex, cause and location; CF carries 80% of projected cause-mortality change since 2019; annual background mortality follows the WPP-scaled baseline."
IDN_NATIONAL,GBD_11,11,Indonesia,National,2042,20,Male,C_CMD,Cardiomyopathy and myocarditis,CVD,2231634,0.00129519,5.77870564703515e-06,0.00118043594667259,0.00128941129435297,8.61792280811759e-06,0.0344307635326988,6.63211883648002e-06,-0.128678814491481,0.8,0.897056948406815,0.584103771403263,0.854319654386053,5.03376121388368e-06,0.0263868206977871,0.998705554944433,5.03376121388368e-06,0.00128941129435297,0.97232376800786,0.0263868206977871,0.00128941129435297,UNCHANGED,"Calibrated 2019 IR is held by age, sex, cause and location; CF carries 80% of projected cause-mortality change since 2019; annual background mortality follows the WPP-scaled baseline."
IDN_NATIONAL,GBD_11,11,Indonesia,National,2037,43,Male,C_DM,Diabetes mellitus,Diabetes,2147624,0.00339252,0.000152635146649518,0.00201975216873456,0.00323988485335048,0.00550371589093221,0.00347166446443497,0.000188817897045427,-0.191627758608095,0.8,0.846697793113524,0.500000009256077,0.874818940170935,0.00275185799640892,0.00257148709397876,0.994008257150241,0.00275185799640892,0.00323988485335048,0.994188628052671,0.00257148709397876,0.00323988485335048,UNCHANGED,"Calibrated 2019 IR is held by age, sex, cause and location; CF carries 80% of projected cause-mortality change since 2019; annual background mortality follows the WPP-scaled baseline."
IDN_NATIONAL,GBD_11,11,Indonesia,National,2042,29,Male,C_HHD,Hypertensive heart disease,CVD,2417325,0.00140228,4.92752127065982e-06,0.00118685967746893,0.00139735247872934,2.94052007154483e-05,0.0908819513969416,9.87842033316614e-06,-0.501183275820326,0.8,0.599053379343739,0.677760579995556,0.862219548003387,1.9929685891788e-05,0.0469419396538143,0.998582717835379,1.9929685891788e-05,0.00139735247872934,0.951660707867456,0.0469419396538143,0.00139735247872934,UNCHANGED,"Calibrated 2019 IR is held by age, sex, cause and location; CF carries 80% of projected cause-mortality change since 2019; annual background mortality follows the WPP-scaled baseline."
IDN_NATIONAL,GBD_11,11,Indonesia,National,2045,93,Female,C_DM,Diabetes mellitus,Diabetes,51663,0.2616862,0.013097752211982,0.161147323931039,0.248588447788018,0.00763429646141546,0.0728453206806864,0.0058398287938853,1.24283154083151,0.8,1.99426523266521,0.500000160693621,0.824704051606735,0.00381714945749047,0.119807141298071,0.747594402754492,0.00381714945749047,0.248588447788018,0.631604410913911,0.119807141298071,0.248588447788018,UNCHANGED,"Calibrated 2019 IR is held by age, sex, cause and location; CF carries 80% of projected cause-mortality change since 2019; annual background mortality follows the WPP-scaled baseline."
IDN_NATIONAL,GBD_11,11,Indonesia,National,2045,88,Male,C_IHD,Ischaemic heart disease,CVD,105099,0.20896832,0.0331774250106198,0.123786892471262,0.17579089498938,0.0311310241129315,0.180422164217679,0.0179237687098388,0.851029521063165,0.8,1.68082361685053,0.520670577641515,0.939102798934496,0.016209008307452,0.284790281290795,0.808000096703168,0.016209008307452,0.17579089498938,0.539418823719825,0.284790281290795,0.17579089498938,UNCHANGED,"Calibrated 2019 IR is held by age, sex, cause and location; CF carries 80% of projected cause-mortality change since 2019; annual background mortality follows the WPP-scaled baseline."
IDN_NATIONAL,GBD_11,11,Indonesia,National,2050,34,Male,C_DM,Diabetes mellitus,Diabetes,2305913,0.00159303,3.96573599302592e-05,0.00115915736477309,0.00155337264006974,0.00386374928053529,0.00159180057061353,5.43712219447918e-05,-0.270618564163831,0.8,0.783505148668935,0.500000009256077,0.874818940170935,0.00193187467603081,0.00109106013497713,0.996514752683899,0.00193187467603081,0.00155337264006974,0.997355567224953,0.00109106013497713,0.00155337264006974,UNCHANGED,"Calibrated 2019 IR is held by age, sex, cause and location; CF carries 80% of projected cause-mortality change since 2019; annual background mortality follows the WPP-scaled baseline."
IDN_NATIONAL,GBD_11,11,Indonesia,National,2049,56,Male,C_ICH,Intracerebral haemorrhage,CVD,1963459,0.00999297,0.00147064048577318,0.00468266204706487,0.00852232951422682,0.00314822102443629,0.331116340325018,0.00237422303055874,-0.380580313287969,0.8,0.695535749369625,0.619800257687136,0.936190723053988,0.00195126820220167,0.215607767914659,0.989526402283571,0.00195126820220167,0.00852232951422682,0.775869902571114,0.215607767914659,0.00852232951422682,UNCHANGED,"Calibrated 2019 IR is held by age, sex, cause and location; CF carries 80% of projected cause-mortality change since 2019; annual background mortality follows the WPP-scaled baseline."
IDN_NATIONAL,GBD_11,11,Indonesia,National,2038,79,Female,C_ICH,Intracerebral haemorrhage,CVD,632299,0.06970525,0.00754993688690553,0.0353070286067999,0.0621553131130945,0.00637093571839078,0.484081862931328,0.00509105879289268,0.482979708944933,0.8,1.38638376715595,0.60226208656985,0.93800091950465,0.00383697303916042,0.629514213165499,0.934007713847745,0.00383697303916042,0.0621553131130945,0.308330473721407,0.629514213165499,0.0621553131130945,UNCHANGED,"Calibrated 2019 IR is held by age, sex, cause and location; CF carries 80% of projected cause-mortality change since 2019; annual background mortality follows the WPP-scaled baseline."
IDN_NATIONAL,GBD_11,11,Indonesia,National,2031,33,Female,C_ICH,Intracerebral haemorrhage,CVD,2153268,0.00134086,8.9360864419214e-05,0.00102290984038251,0.00125149913558079,0.0003483019762522,0.0471637313293974,0.000137579375184534,-0.350477756572485,0.8,0.719617794742012,0.60226208656985,0.93800091950465,0.000209769074974052,0.031835620198399,0.998538731789445,0.000209769074974052,0.00125149913558079,0.96691288066602,0.031835620198399,0.00125149913558079,UNCHANGED,"Calibrated 2019 IR is held by age, sex, cause and location; CF carries 80% of projected cause-mortality change since 2019; annual background mortality follows the WPP-scaled baseline."
IDN_NATIONAL,GBD_11,11,Indonesia,National,2026,78,Female,C_ICH,Intracerebral haemorrhage,CVD,391686,0.07024948,0.0085885266126649,0.0359479230867242,0.0616609533873351,0.00611929033958096,0.482326976868451,0.00497395734725055,0.726698886433428,0.8,1.58135910914674,0.60226208656985,0.93800091950465,0.00368541656824275,0.715443465969497,0.934653630044422,0.00368541656824275,0.0616609533873351,0.222895580643168,0.715443465969497,0.0616609533873351,UNCHANGED,"Calibrated 2019 IR is held by age, sex, cause and location; CF carries 80% of projected cause-mortality change since 2019; annual background mortality follows the WPP-scaled baseline."
IDN_NATIONAL,GBD_11,11,Indonesia,National,2035,62,Male,C_CMD,Cardiomyopathy and myocarditis,CVD,1536083,0.02093679,6.49680303297672e-05,0.0104758979218661,0.0208718219696702,0.00013179304231002,0.250445512500832,7.44901555527382e-05,-0.127830652954261,0.8,0.897735477636591,0.584103771403263,0.854319654386053,7.69808130579924e-05,0.192079952923259,0.979051197217272,7.69808130579924e-05,0.0208718219696702,0.787048225107071,0.192079952923259,0.0208718219696702,UNCHANGED,"Calibrated 2019 IR is held by age, sex, cause and location; CF carries 80% of projected cause-mortality change since 2019; annual background mortality follows the WPP-scaled baseline."
IDN_NATIONAL,GBD_11,11,Indonesia,National,2032,46,Female,C_ICH,Intracerebral haemorrhage,CVD,1961913,0.00347954,0.000534796607543382,0.00205993709101175,0.00294474339245662,0.00119642324968258,0.129998367079046,0.000784153683223453,-0.317995159641447,0.8,0.745603872286842,0.60226208656985,0.93800091950465,0.000720560362774511,0.0909178832853166,0.996334696244769,0.000720560362774511,0.00294474339245662,0.906137373322227,0.0909178832853166,0.00294474339245662,UNCHANGED,"Calibrated 2019 IR is held by age, sex, cause and location; CF carries 80% of projected cause-mortality change since 2019; annual background mortality follows the WPP-scaled baseline."
IDN_NATIONAL,GBD_11,11,Indonesia,National,2047,63,Female,C_DM,Diabetes mellitus,Diabetes,1828600,0.01129438,0.000757879841154656,0.00543512583776281,0.0105365001588453,0.00814262413666117,0.00935629299774605,0.00104524216799083,-0.274924161726602,0.8,0.780060670618718,0.500000160693621,0.824704051606735,0.00407131337679834,0.00601908288471797,0.985392186464356,0.00407131337679834,0.0105365001588453,0.983444416956437,0.00601908288471797,0.0105365001588453,UNCHANGED,"Calibrated 2019 IR is held by age, sex, cause and location; CF carries 80% of projected cause-mortality change since 2019; annual background mortality follows the WPP-scaled baseline."
IDN_NATIONAL,GBD_11,11,Indonesia,National,2037,53,Female,C_DM,Diabetes mellitus,Diabetes,1981042,0.00566965,0.000267668179006936,0.00308365806718833,0.00540198182099306,0.00745029799036073,0.00485417781212097,0.000382347742554272,-0.299935244239236,0.8,0.760051804608612,0.500000160693621,0.824704051606735,0.00372515019239573,0.00304268507006863,0.990872867986611,0.00372515019239573,0.00540198182099306,0.991555333108938,0.00304268507006863,0.00540198182099306,UNCHANGED,"Calibrated 2019 IR is held by age, sex, cause and location; CF carries 80% of projected cause-mortality change since 2019; annual background mortality follows the WPP-scaled baseline."
IDN_NATIONAL,GBD_11,11,Indonesia,National,2046,39,Male,C_CMD,Cardiomyopathy and myocarditis,CVD,2335969,0.00225967,1.86300472021869e-05,0.00149221009568839,0.00224103995279781,3.0169056725761e-05,0.103726795576397,1.95408097124363e-05,-0.0466082277885241,0.8,0.962713417769181,0.584103771403263,0.854319654386053,1.7621859813196e-05,0.0853116583367914,0.997741338187389,1.7621859813196e-05,0.00224103995279781,0.912447301710411,0.0853116583367914,0.00224103995279781,UNCHANGED,"Calibrated 2019 IR is held by age, sex, cause and location; CF carries 80% of projected cause-mortality change since 2019; annual background mortality follows the WPP-scaled baseline."
IDN_NATIONAL,GBD_11,11,Indonesia,National,2044,31,Male,C_RHD,Rheumatic heart disease,CVD,2413369,0.00146916,6.51242531446509e-06,0.00108912379271785,0.00146264757468553,4.29244328860916e-05,0.00238077209069901,1.48441490488819e-05,-0.561279983580089,0.8,0.550976013135929,0.500000000000582,0.624906744590431,2.14622164430708e-05,0.000819720369072803,0.998515890208872,2.14622164430708e-05,0.00146264757468553,0.997717632056242,0.000819720369072803,0.00146264757468553,UNCHANGED,"Calibrated 2019 IR is held by age, sex, cause and location; CF carries 80% of projected cause-mortality change since 2019; annual background mortality follows the WPP-scaled baseline."
IDN_NATIONAL,GBD_11,11,Indonesia,National,2033,66,Male,C_HHD,Hypertensive heart disease,CVD,1224581,0.03093436,0.000937645873593648,0.0160956744917182,0.0299967141264064,0.00231764785532299,0.139583346595278,0.000944079155939553,-0.00681434634525158,0.8,0.994548522923799,0.677760579995556,0.862219548003387,0.00157081035464917,0.119695396621304,0.968432475518945,0.00157081035464917,0.0299967141264064,0.85030788925229,0.119695396621304,0.0299967141264064,UNCHANGED,"Calibrated 2019 IR is held by age, sex, cause and location; CF carries 80% of projected cause-mortality change since 2019; annual background mortality follows the WPP-scaled baseline."
IDN_NATIONAL,GBD_11,11,Indonesia,National,2038,30,Male,C_ICH,Intracerebral haemorrhage,CVD,2346782,0.0014792,8.46635368162649e-05,0.00111833494417718,0.00139453646318374,0.000288648568136804,0.0522339852269619,9.89625000305248e-05,-0.144488702385747,0.8,0.884409038091403,0.619800257687136,0.936190723053988,0.000178904456912214,0.0432484619599141,0.998426559079904,0.000178904456912214,0.00139453646318374,0.955357001576902,0.0432484619599141,0.00139453646318374,UNCHANGED,"Calibrated 2019 IR is held by age, sex, cause and location; CF carries 80% of projected cause-mortality change since 2019; annual background mortality follows the WPP-scaled baseline."
IDN_NATIONAL,GBD_11,11,Indonesia,National,2036,33,Male,C_RHD,Rheumatic heart disease,CVD,2211906,0.00168335,8.63642344725431e-06,0.00128128089203117,0.00167471357655275,1.75621456592733e-05,0.00234108736685126,1.50073256475354e-05,-0.424519488009336,0.8,0.660384409592531,0.500000000000582,0.624906744590431,8.78107282964685e-06,0.000966116824597272,0.998316505350618,8.78107282964685e-06,0.00167471357655275,0.99735916959885,0.000966116824597272,0.00167471357655275,UNCHANGED,"Calibrated 2019 IR is held by age, sex, cause and location; CF carries 80% of projected cause-mortality change since 2019; annual background mortality follows the WPP-scaled baseline."
IDN_NATIONAL,GBD_11,11,Indonesia,National,2043,22,Male,C_CMD,Cardiomyopathy and myocarditis,CVD,2225885,0.00132628,5.95130420555214e-06,0.00120803459017583,0.00132032869579445,8.61792280811759e-06,0.0344307635326988,6.63211883648002e-06,-0.102654166445729,0.8,0.917876666843417,0.584103771403263,0.854319654386053,5.03376121388368e-06,0.0269992301756254,0.998674637542992,5.03376121388368e-06,0.00132032869579445,0.97168044112858,0.0269992301756254,0.00132032869579445,UNCHANGED,"Calibrated 2019 IR is held by age, sex, cause and location; CF carries 80% of projected cause-mortality change since 2019; annual background mortality follows the WPP-scaled baseline."
IDN_NATIONAL,GBD_11,11,Indonesia,National,2038,42,Female,C_DM,Diabetes mellitus,Diabetes,2123325,0.00232182,6.39637982823976e-05,0.00147250232521986,0.0022578562017176,0.00487667650997237,0.00218256558870638,0.000100101460733453,-0.361010340770964,0.8,0.711191727383229,0.500000160693621,0.824704051606735,0.00243833903863699,0.00128012425992456,0.995303804759645,0.00243833903863699,0.0022578562017176,0.996462019538358,0.00128012425992456,0.0022578562017176,UNCHANGED,"Calibrated 2019 IR is held by age, sex, cause and location; CF carries 80% of projected cause-mortality change since 2019; annual background mortality follows the WPP-scaled baseline."
IDN_NATIONAL,GBD_11,11,Indonesia,National,2045,70,Female,C_CMD,Cardiomyopathy and myocarditis,CVD,1456334,0.02361066,5.99181105841574e-05,0.0110714371727975,0.0235507418894158,0.000136021933751746,0.129873163411835,5.48748824672552e-05,0.0919041260801152,0.8,1.07352330086409,0.531154605163038,0.930350003869953,7.22486765154218e-05,0.129711134577002,0.976377009434069,7.22486765154218e-05,0.0235507418894158,0.846738123533583,0.129711134577002,0.0235507418894158,UNCHANGED,"Calibrated 2019 IR is held by age, sex, cause and location; CF carries 80% of projected cause-mortality change since 2019; annual background mortality follows the WPP-scaled baseline."
IDN_NATIONAL,GBD_11,11,Indonesia,National,2034,67,Male,C_IS,Ischaemic stroke,CVD,1185975,0.03347784,0.00207103323504724,0.0173923271788478,0.0314068067649528,0.0074013150187707,0.0470459783211582,0.00204770807556813,0.0113908616943044,0.8,1.00911268935544,0.500000006541575,0.929903354452946,0.00370065755780161,0.0441468769297858,0.964892535677246,0.00370065755780161,0.0314068067649528,0.924446316305261,0.0441468769297858,0.0314068067649528,UNCHANGED,"Calibrated 2019 IR is held by age, sex, cause and location; CF carries 80% of projected cause-mortality change since 2019; annual background mortality follows the WPP-scaled baseline."
IDN_NATIONAL,GBD_11,11,Indonesia,National,2029,67,Male,C_ICH,Intracerebral haemorrhage,CVD,1012239,0.03511996,0.00468893746009852,0.0183870963663602,0.0304310225399015,0.00563653287257919,0.521079928263751,0.00447275071112413,0.0483341824610777,0.8,1.03866734596886,0.619800257687136,0.936190723053988,0.00349352452688659,0.506693293726944,0.966075452933212,0.00349352452688659,0.0304310225399015,0.462875683733155,0.506693293726944,0.0304310225399015,UNCHANGED,"Calibrated 2019 IR is held by age, sex, cause and location; CF carries 80% of projected cause-mortality change since 2019; annual background mortality follows the WPP-scaled baseline."
IDN_NATIONAL,GBD_11,11,Indonesia,National,2026,60,Female,C_CMD,Cardiomyopathy and myocarditis,CVD,1459006,0.0115527,2.64047399217734e-05,0.00590217264174678,0.0115262952600782,5.28920471772e-05,0.194559475483086,2.83188520370124e-05,-0.067591444481479,0.8,0.945926844414817,0.531154605163038,0.930350003869953,2.80938544346704e-05,0.171220712919053,0.988445610885487,2.80938544346704e-05,0.0115262952600782,0.817252991820869,0.171220712919053,0.0115262952600782,UNCHANGED,"Calibrated 2019 IR is held by age, sex, cause and location; CF carries 80% of projected cause-mortality change since 2019; annual background mortality follows the WPP-scaled baseline."
IDN_NATIONAL,GBD_11,11,Indonesia,National,2044,67,Male,C_IHD,Ischaemic heart disease,CVD,1442566,0.02978239,0.00559069555564318,0.0152431011608374,0.0241916944443568,0.0091834303792973,0.0649626675731556,0.005040805236334,0.109087793225095,0.8,1.08727023458008,0.520670577641515,0.939102798934496,0.00478154200031937,0.0663306852394803,0.971026763555324,0.00478154200031937,0.0241916944443568,0.909477620316163,0.0663306852394803,0.0241916944443568,UNCHANGED,"Calibrated 2019 IR is held by age, sex, cause and location; CF carries 80% of projected cause-mortality change since 2019; annual background mortality follows the WPP-scaled baseline."
IDN_NATIONAL,GBD_11,11,Indonesia,National,2027,29,Female,C_IHD,Ischaemic heart disease,CVD,2160392,0.00119292,8.37742637093018e-05,0.000997917972968825,0.0011091457362907,0.000564638389750446,0.0262035323540494,0.000124323990984675,-0.326161724331806,0.8,0.739070620534555,0.500000255019161,1.00141411562457,0.000282319338868831,0.0193936470492569,0.998608534924841,0.000282319338868831,0.0011091457362907,0.979497207214452,0.0193936470492569,0.0011091457362907,UNCHANGED,"Calibrated 2019 IR is held by age, sex, cause and location; CF carries 80% of projected cause-mortality change since 2019; annual background mortality follows the WPP-scaled baseline."
IDN_NATIONAL,GBD_11,11,Indonesia,National,2038,62,Female,C_CMD,Cardiomyopathy and myocarditis,CVD,1687937,0.01175683,2.93323830790112e-05,0.00579816903576571,0.011727497616921,6.35307090646077e-05,0.180007795045695,3.17769088737611e-05,-0.0769277403431902,0.8,0.938457807725448,0.531154605163038,0.930350003869953,3.37446286889396e-05,0.157163766318229,0.98823875775439,3.37446286889396e-05,0.011727497616921,0.83110873606485,0.157163766318229,0.011727497616921,UNCHANGED,"Calibrated 2019 IR is held by age, sex, cause and location; CF carries 80% of projected cause-mortality change since 2019; annual background mortality follows the WPP-scaled baseline."
IDN_NATIONAL,GBD_11,11,Indonesia,National,2028,94,Male,C_IS,Ischaemic stroke,CVD,6238,0.36082352,0.0333786375692217,0.221700285860767,0.327444882430778,0.031174642657385,0.260320861488617,0.0234666282686731,0.422387451109909,0.8,1.33790996088793,0.500000006541575,0.929903354452946,0.0155873215326238,0.323872202180882,0.656967796036598,0.0155873215326238,0.327444882430778,0.348682915388339,0.323872202180882,0.327444882430778,UNCHANGED,"Calibrated 2019 IR is held by age, sex, cause and location; CF carries 80% of projected cause-mortality change since 2019; annual background mortality follows the WPP-scaled baseline."
IDN_NATIONAL,GBD_11,11,Indonesia,National,2027,29,Female,C_ICH,Intracerebral haemorrhage,CVD,2160392,0.00119292,4.90256506052524e-05,0.000997917972968825,0.00114389434939475,0.000230726751046378,0.0329959075069659,8.07435538905253e-05,-0.392822730199331,0.8,0.685741815840536,0.60226208656985,0.93800091950465,0.000138957974512674,0.0212238405756584,0.998717147676093,0.000138957974512674,0.00114389434939475,0.977632265074947,0.0212238405756584,0.00114389434939475,UNCHANGED,"Calibrated 2019 IR is held by age, sex, cause and location; CF carries 80% of projected cause-mortality change since 2019; annual background mortality follows the WPP-scaled baseline."
IDN_NATIONAL,GBD_11,11,Indonesia,National,2031,63,Male,C_CMD,Cardiomyopathy and myocarditis,CVD,1359831,0.02402408,7.50207794100096e-05,0.0121461536401881,0.02394905922059,0.000140012455394695,0.233108877146282,7.5238320978735e-05,-0.00289136660541467,0.8,0.997686906715668,0.584103771403263,0.854319654386053,8.17818032394722e-05,0.198688843997642,0.97596915897617,8.17818032394722e-05,0.02394905922059,0.777362096781768,0.198688843997642,0.02394905922059,UNCHANGED,"Calibrated 2019 IR is held by age, sex, cause and location; CF carries 80% of projected cause-mortality change since 2019; annual background mortality follows the WPP-scaled baseline."
IDN_NATIONAL,GBD_11,11,Indonesia,National,2047,69,Male,C_DM,Diabetes mellitus,Diabetes,1390597,0.03443101,0.00296599162244306,0.0175473437436038,0.0314650183775569,0.00911506611795468,0.0211137831422547,0.00255874510263268,0.159158690481272,0.8,1.12732695238502,0.500000009256077,0.874818940170935,0.0045575331433471,0.0208225600918707,0.963977448479096,0.0045575331433471,0.0314650183775569,0.947712421530573,0.0208225600918707,0.0314650183775569,UNCHANGED,"Calibrated 2019 IR is held by age, sex, cause and location; CF carries 80% of projected cause-mortality change since 2019; annual background mortality follows the WPP-scaled baseline."
IDN_NATIONAL,GBD_11,11,Indonesia,National,2042,70,Female,C_DM,Diabetes mellitus,Diabetes,1385065,0.02462662,0.00184539661967637,0.0116121235009544,0.0227812233803236,0.00682089223463514,0.0144290847239349,0.00178676298142563,0.0328155658362443,0.8,1.026252452669,0.500000160693621,0.824704051606735,0.00341044721339144,0.0122121215905028,0.973808329406285,0.00341044721339144,0.0227812233803236,0.965006655029174,0.0122121215905028,0.0227812233803236,UNCHANGED,"Calibrated 2019 IR is held by age, sex, cause and location; CF carries 80% of projected cause-mortality change since 2019; annual background mortality follows the WPP-scaled baseline."
IDN_NATIONAL,GBD_11,11,Indonesia,National,2038,68,Female,C_IS,Ischaemic stroke,CVD,1401829,0.02108918,0.00134582473422125,0.0101771515776316,0.0197433552657787,0.00518278071524122,0.0572951278366083,0.00166661639256779,-0.192480801087218,0.8,0.846015359130226,0.50000001358769,0.953863781237352,0.00259139042804263,0.0462362176061637,0.977665254306179,0.00259139042804263,0.0197433552657787,0.934020427128057,0.0462362176061637,0.0197433552657787,UNCHANGED,"Calibrated 2019 IR is held by age, sex, cause and location; CF carries 80% of projected cause-mortality change since 2019; annual background mortality follows the WPP-scaled baseline."
IDN_NATIONAL,GBD_11,11,Indonesia,National,2030,63,Female,C_IS,Ischaemic stroke,CVD,1435883,0.01442175,0.000815147585043085,0.00728002429139941,0.0136066024149569,0.00344855041008676,0.0394543759328246,0.000916706862700851,-0.110787081225231,0.8,0.911370335019815,0.50000001358769,0.953863781237352,0.00172427525190121,0.0342986025198781,0.984669122333142,0.00172427525190121,0.0136066024149569,0.952094795065165,0.0342986025198781,0.0136066024149569,UNCHANGED,"Calibrated 2019 IR is held by age, sex, cause and location; CF carries 80% of projected cause-mortality change since 2019; annual background mortality follows the WPP-scaled baseline."
IDN_NATIONAL,GBD_11,11,Indonesia,National,2028,22,Male,C_RHD,Rheumatic heart disease,CVD,2354956,0.0015111,9.99533917695494e-06,0.00139004707313798,0.00150110466082305,0.000289979108384511,0.00301707877611052,1.34443597434644e-05,-0.256540336045838,0.8,0.794767731163329,0.500000000000582,0.624906744590431,0.000144989554192424,0.00149844941853091,0.998353905784984,0.000144989554192424,0.00150110466082305,0.997000445920646,0.00149844941853091,0.00150110466082305,UNCHANGED,"Calibrated 2019 IR is held by age, sex, cause and location; CF carries 80% of projected cause-mortality change since 2019; annual background mortality follows the WPP-scaled baseline."
IDN_NATIONAL,GBD_11,11,Indonesia,National,2032,43,Female,C_HHD,Hypertensive heart disease,CVD,2017086,0.00271054,5.10736014722048e-05,0.00175209291002246,0.0026594663985278,0.000167502776427934,0.119210325219796,7.2227246710889e-05,-0.292876251026956,0.8,0.765698999178435,0.636902624129894,0.928853736440594,0.000106682957855994,0.0847850507913445,0.997233850643616,0.000106682957855994,0.0026594663985278,0.912555482810128,0.0847850507913445,0.0026594663985278,UNCHANGED,"Calibrated 2019 IR is held by age, sex, cause and location; CF carries 80% of projected cause-mortality change since 2019; annual background mortality follows the WPP-scaled baseline."
IDN_NATIONAL,GBD_11,11,Indonesia,National,2038,87,Male,C_DM,Diabetes mellitus,Diabetes,85393,0.20072658,0.0127503137449332,0.118634477499768,0.187976266255067,0.00905016688494742,0.0642338211704043,0.00616362271461101,1.06863955425245,0.8,1.85491164340196,0.500000009256077,0.874818940170935,0.00452508352624275,0.104232982012652,0.807498650218691,0.00452508352624275,0.187976266255067,0.707790751732281,0.104232982012652,0.187976266255067,UNCHANGED,"Calibrated 2019 IR is held by age, sex, cause and location; CF carries 80% of projected cause-mortality change since 2019; annual background mortality follows the WPP-scaled baseline."
IDN_NATIONAL,GBD_11,11,Indonesia,National,2046,66,Male,C_IS,Ischaemic stroke,CVD,1574968,0.02654411,0.00164382210435008,0.0135469417017217,0.0249002878956499,0.00701611817109504,0.0451487934960926,0.00193749747571625,-0.151574582701121,0.8,0.878740333839103,0.500000006541575,0.929903354452946,0.00350805913144399,0.0368930469365461,0.971591652972906,0.00350805913144399,0.0249002878956499,0.938206665167804,0.0368930469365461,0.0249002878956499,UNCHANGED,"Calibrated 2019 IR is held by age, sex, cause and location; CF carries 80% of projected cause-mortality change since 2019; annual background mortality follows the WPP-scaled baseline."
IDN_NATIONAL,GBD_11,11,Indonesia,National,2029,26,Male,C_IHD,Ischaemic heart disease,CVD,2226665,0.00146927,9.83401495694334e-05,0.00127391025607406,0.00137092985043057,0.000706297918186344,0.0302844648090289,9.93620746266536e-05,-0.0102848603057061,0.8,0.991772111755435,0.520670577641515,0.939102798934496,0.000367748545049083,0.028206222667959,0.99826132160452,0.000367748545049083,0.00137092985043057,0.970422847481611,0.028206222667959,0.00137092985043057,UNCHANGED,"Calibrated 2019 IR is held by age, sex, cause and location; CF carries 80% of projected cause-mortality change since 2019; annual background mortality follows the WPP-scaled baseline."
IDN_NATIONAL,GBD_11,11,Indonesia,National,2042,88,Male,C_ICH,Intracerebral haemorrhage,CVD,86158,0.21331334,0.0111244381069698,0.12624867123332,0.20218890189303,0.0105221388028715,0.902204451483031,0.00734616804634098,0.514318490510261,0.8,1.41145479240821,0.619800257687136,0.936190723053988,0.00652162434143956,0.79281109810697,0.79128947376553,0.00652162434143956,0.20218890189303,0.00499999999999998,0.79281109810697,0.20218890189303,DISEASE_TRANSITION_CAPPED,"Calibrated 2019 IR is held by age, sex, cause and location; CF carries 80% of projected cause-mortality change since 2019; annual background mortality follows the WPP-scaled baseline."
IDN_NATIONAL,GBD_11,11,Indonesia,National,2034,94,Male,C_IS,Ischaemic stroke,CVD,8260,0.35370484,0.0309917289558098,0.218398065569538,0.32271311104419,0.031174642657385,0.260320861488617,0.0234666282686731,0.320672428990677,0.8,1.25653794319254,0.500000006541575,0.929903354452946,0.0155873215326238,0.304174214022235,0.661699567423186,0.0155873215326238,0.32271311104419,0.373112674933574,0.304174214022235,0.32271311104419,UNCHANGED,"Calibrated 2019 IR is held by age, sex, cause and location; CF carries 80% of projected cause-mortality change since 2019; annual background mortality follows the WPP-scaled baseline."
IDN_NATIONAL,GBD_11,11,Indonesia,National,2043,26,Male,C_IHD,Ischaemic heart disease,CVD,2270347,0.00132311,0.00011085453436187,0.00111790630343869,0.00121225546563813,0.000706297918186344,0.0302844648090289,9.93620746266536e-05,0.115662437387693,0.8,1.09252994991015,0.520670577641515,0.939102798934496,0.000367748545049083,0.031071798322737,0.998419995989313,0.000367748545049083,0.00121225546563813,0.967715946211625,0.031071798322737,0.00121225546563813,UNCHANGED,"Calibrated 2019 IR is held by age, sex, cause and location; CF carries 80% of projected cause-mortality change since 2019; annual background mortality follows the WPP-scaled baseline."
IDN_NATIONAL,GBD_11,11,Indonesia,National,2039,71,Female,C_IS,Ischaemic stroke,CVD,1246551,0.02857868,0.00324270932817558,0.0135525082242037,0.0253359706718244,0.00657870700986223,0.0718978370993183,0.00295440514454314,0.0975845117806353,0.8,1.07806760942451,0.50000001358769,0.953863781237352,0.00328935359432055,0.0739346773980439,0.971374675733855,0.00328935359432055,0.0253359706718244,0.900729351930132,0.0739346773980439,0.0253359706718244,UNCHANGED,"Calibrated 2019 IR is held by age, sex, cause and location; CF carries 80% of projected cause-mortality change since 2019; annual background mortality follows the WPP-scaled baseline."
IDN_NATIONAL,GBD_11,11,Indonesia,National,2042,47,Male,C_IHD,Ischaemic heart disease,CVD,2139783,0.00466102,0.00115964516079519,0.00233795143005956,0.00350137483920481,0.00358560394625395,0.0593690242832152,0.00140517672264154,-0.174733581826478,0.8,0.860213134538818,0.520670577641515,0.939102798934496,0.00186691847788974,0.0479599935333846,0.994631706682905,0.00186691847788974,0.00350137483920481,0.948538631627411,0.0479599935333846,0.00350137483920481,UNCHANGED,"Calibrated 2019 IR is held by age, sex, cause and location; CF carries 80% of projected cause-mortality change since 2019; annual background mortality follows the WPP-scaled baseline."
IDN_NATIONAL,GBD_11,11,Indonesia,National,2025,87,Male,C_ICH,Intracerebral haemorrhage,CVD,55650,0.2149285,0.0131493187513535,0.126205102461189,0.201779181248647,0.00966742554219637,0.902755564353789,0.00707821635717799,0.857716420043985,0.8,1.68617313603519,0.619800257687136,0.936190723053988,0.00599187284222451,0.793220818751354,0.792228945909129,0.00599187284222451,0.201779181248647,0.00499999999999995,0.793220818751354,0.201779181248647,DISEASE_TRANSITION_CAPPED,"Calibrated 2019 IR is held by age, sex, cause and location; CF carries 80% of projected cause-mortality change since 2019; annual background mortality follows the WPP-scaled baseline."
IDN_NATIONAL,GBD_11,11,Indonesia,National,2033,41,Male,C_HHD,Hypertensive heart disease,CVD,2115245,0.00295845,5.45587879805002e-05,0.00180289454779848,0.0029038912120195,0.000175534037908744,0.163865727026993,6.17656766187706e-05,-0.11668112506486,0.8,0.906655099948112,0.677760579995556,0.862219548003387,0.000118970051341992,0.128099697094123,0.996977138736639,0.000118970051341992,0.0029038912120195,0.868996411693857,0.128099697094123,0.0029038912120195,UNCHANGED,"Calibrated 2019 IR is held by age, sex, cause and location; CF carries 80% of projected cause-mortality change since 2019; annual background mortality follows the WPP-scaled baseline."
IDN_NATIONAL,GBD_11,11,Indonesia,National,2050,84,Male,C_CMD,Cardiomyopathy and myocarditis,CVD,333355,0.13896722,0.000449279300799785,0.0792427043798756,0.1385179406992,0.00100199374284864,0.163971334345349,0.000427855920383497,0.0500714829353883,0.8,1.04005718634831,0.584103771403263,0.854319654386053,0.000585268324120359,0.145695301923249,0.86089679097668,0.000585268324120359,0.1385179406992,0.715786757377551,0.145695301923249,0.1385179406992,UNCHANGED,"Calibrated 2019 IR is held by age, sex, cause and location; CF carries 80% of projected cause-mortality change since 2019; annual background mortality follows the WPP-scaled baseline."
IDN_NATIONAL,GBD_11,11,Indonesia,National,2025,80,Male,C_IHD,Ischaemic heart disease,CVD,196411,0.11589149,0.0178202007257151,0.0649702454909278,0.0980712892742849,0.0161787525290833,0.10267374037084,0.0108615862466608,0.640662820423083,0.8,1.51253025633847,0.520670577641515,0.939102798934496,0.00842380042483694,0.145839977753356,0.893504910300878,0.00842380042483694,0.0980712892742849,0.756088732972359,0.145839977753356,0.0980712892742849,UNCHANGED,"Calibrated 2019 IR is held by age, sex, cause and location; CF carries 80% of projected cause-mortality change since 2019; annual background mortality follows the WPP-scaled baseline."
IDN_NATIONAL,GBD_11,11,Indonesia,National,2026,61,Male,C_RHD,Rheumatic heart disease,CVD,1313505,0.02076472,1.5595396883626e-05,0.0106389800447633,0.0207491246031164,2.61202439207572e-05,0.00639687625011246,2.14448903263367e-05,-0.272768634098671,0.8,0.781785092721063,0.500000000000582,0.624906744590431,1.30601219603938e-05,0.00312514768902902,0.979237815274923,1.30601219603938e-05,0.0207491246031164,0.976125727707855,0.00312514768902902,0.0207491246031164,UNCHANGED,"Calibrated 2019 IR is held by age, sex, cause and location; CF carries 80% of projected cause-mortality change since 2019; annual background mortality follows the WPP-scaled baseline."
IDN_NATIONAL,GBD_11,11,Indonesia,National,2047,94,Male,C_IHD,Ischaemic heart disease,CVD,15750,0.33450722,0.0565214152063804,0.208154244704718,0.27798580479362,0.0488657301986547,0.273767648824356,0.0387015348762499,0.460443762427265,0.8,1.36835500994181,0.520670577641515,0.939102798934496,0.025442947969408,0.351798552111209,0.696571247236973,0.025442947969408,0.27798580479362,0.370215643095172,0.351798552111209,0.27798580479362,UNCHANGED,"Calibrated 2019 IR is held by age, sex, cause and location; CF carries 80% of projected cause-mortality change since 2019; annual background mortality follows the WPP-scaled baseline."
IDN_NATIONAL,GBD_11,11,Indonesia,National,2043,26,Female,C_DM,Diabetes mellitus,Diabetes,2162548,0.00083648,1.49072880050086e-05,0.000661550472721895,0.000821572711994991,0.00205985315752353,0.000908683770955071,1.57751332196464e-05,-0.0550134951353023,0.8,0.955989203891758,0.500000160693621,0.824704051606735,0.00102992690976703,0.000716413708732792,0.998148500378238,0.00102992690976703,0.000821572711994991,0.998462013579272,0.000716413708732792,0.000821572711994991,UNCHANGED,"Calibrated 2019 IR is held by age, sex, cause and location; CF carries 80% of projected cause-mortality change since 2019; annual background mortality follows the WPP-scaled baseline."
IDN_NATIONAL,GBD_11,11,Indonesia,National,2047,40,Male,C_HHD,Hypertensive heart disease,CVD,2331125,0.00241227,4.63381101307021e-05,0.00135779258155629,0.0023659318898693,0.000154816929118189,0.156227739783369,5.43060856232287e-05,-0.146723436261043,0.8,0.882621250991166,0.677760579995556,0.862219548003387,0.000104928811672275,0.118891387192887,0.997529139298458,0.000104928811672275,0.0023659318898693,0.878742680917244,0.118891387192887,0.0023659318898693,UNCHANGED,"Calibrated 2019 IR is held by age, sex, cause and location; CF carries 80% of projected cause-mortality change since 2019; annual background mortality follows the WPP-scaled baseline."
IDN_NATIONAL,GBD_11,11,Indonesia,National,2035,68,Male,C_ICH,Intracerebral haemorrhage,CVD,1145584,0.03620736,0.00468009043979714,0.0187815724310612,0.0315272695602029,0.00591906818138004,0.548207872216735,0.00468650310407534,-0.00136832604946435,0.8,0.998905339160429,0.619800257687136,0.936190723053988,0.00366863998408707,0.512665314639724,0.96480409045571,0.00366863998408707,0.0315272695602029,0.455807415800073,0.512665314639724,0.0315272695602029,UNCHANGED,"Calibrated 2019 IR is held by age, sex, cause and location; CF carries 80% of projected cause-mortality change since 2019; annual background mortality follows the WPP-scaled baseline."
IDN_NATIONAL,GBD_11,11,Indonesia,National,2044,94,Male,C_HHD,Hypertensive heart disease,CVD,12317,0.33897294,0.00872374527545558,0.210619424459104,0.330249194724545,0.00719147069281024,0.20460319990219,0.00608169307850163,0.434427085163738,0.8,1.34754166813099,0.677760579995556,0.862219548003387,0.00487409534778011,0.237723704627195,0.664876709927675,0.00487409534778011,0.330249194724545,0.432027100648261,0.237723704627195,0.330249194724545,UNCHANGED,"Calibrated 2019 IR is held by age, sex, cause and location; CF carries 80% of projected cause-mortality change since 2019; annual background mortality follows the WPP-scaled baseline."
IDN_NATIONAL,GBD_11,11,Indonesia,National,2036,37,Male,C_HHD,Hypertensive heart disease,CVD,2206670,0.0021348,2.60137178028015e-05,0.00146192825189746,0.0021087862821972,9.26656027465234e-05,0.133313778052499,3.19273126366029e-05,-0.185220563381265,0.8,0.851823549294988,0.677760579995556,0.862219548003387,6.28050926631215e-05,0.0979134928698783,0.99782840862514,6.28050926631215e-05,0.0021087862821972,0.899977720847924,0.0979134928698783,0.0021087862821972,UNCHANGED,"Calibrated 2019 IR is held by age, sex, cause and location; CF carries 80% of projected cause-mortality change since 2019; annual background mortality follows the WPP-scaled baseline."
IDN_NATIONAL,GBD_11,11,Indonesia,National,2038,20,Female,C_ICH,Intracerebral haemorrhage,CVD,2163565,0.00075488,2.77017693281811e-05,0.000640489870858877,0.000727178230671819,0.000128880581789322,0.0202209395538477,4.02634481693883e-05,-0.311987159876627,0.8,0.750410272098699,0.60226208656985,0.93800091950465,7.76198881067732e-05,0.0142332266585914,0.999195201881222,7.76198881067732e-05,0.000727178230671819,0.985039595110737,0.0142332266585914,0.000727178230671819,UNCHANGED,"Calibrated 2019 IR is held by age, sex, cause and location; CF carries 80% of projected cause-mortality change since 2019; annual background mortality follows the WPP-scaled baseline."
IDN_NATIONAL,GBD_11,11,Indonesia,National,2049,80,Male,C_CMD,Cardiomyopathy and myocarditis,CVD,587288,0.09553789,0.000311455114746752,0.0544533668178656,0.0952264348852532,0.000695081545033053,0.147371528741201,0.000267664931039943,0.163600750896553,0.8,1.13088060071724,0.584103771403263,0.854319654386053,0.000405999751886613,0.142380574393615,0.90436756536286,0.000405999751886613,0.0952264348852532,0.762392990721132,0.142380574393615,0.0952264348852532,UNCHANGED,"Calibrated 2019 IR is held by age, sex, cause and location; CF carries 80% of projected cause-mortality change since 2019; annual background mortality follows the WPP-scaled baseline."
IDN_NATIONAL,GBD_11,11,Indonesia,National,2048,63,Male,C_ICH,Intracerebral haemorrhage,CVD,1729216,0.01962451,0.00257812516382112,0.00951501983372507,0.0170463848361789,0.00472133507339847,0.451828040872391,0.00380499466758475,-0.322436589521529,0.8,0.742050728382777,0.619800257687136,0.936190723053988,0.00292628469511968,0.313885395412954,0.980027330468701,0.00292628469511968,0.0170463848361789,0.669068219750867,0.313885395412954,0.0170463848361789,UNCHANGED,"Calibrated 2019 IR is held by age, sex, cause and location; CF carries 80% of projected cause-mortality change since 2019; annual background mortality follows the WPP-scaled baseline."
IDN_NATIONAL,GBD_11,11,Indonesia,National,2026,35,Female,C_IS,Ischaemic stroke,CVD,2057110,0.00169159,2.4095256107015e-05,0.00123344085460287,0.00166749474389299,0.000320591754242008,0.00937673556476589,2.86860004602274e-05,-0.160034312192716,0.8,0.871972550245827,0.50000001358769,0.953863781237352,0.000160295881477105,0.00779903448683514,0.99817220937463,0.000160295881477105,0.00166749474389299,0.990533470769272,0.00779903448683514,0.00166749474389299,UNCHANGED,"Calibrated 2019 IR is held by age, sex, cause and location; CF carries 80% of projected cause-mortality change since 2019; annual background mortality follows the WPP-scaled baseline."
IDN_NATIONAL,GBD_11,11,Indonesia,National,2040,81,Female,C_CMD,Cardiomyopathy and myocarditis,CVD,542649,0.08462795,0.000368179049667978,0.0446958861956723,0.084259770950332,0.000712939088651995,0.140902294781779,0.000224520100747014,0.639848942001132,0.8,1.51187915360091,0.531154605163038,0.930350003869953,0.000378680880138247,0.198189895582011,0.91536154816953,0.000378680880138247,0.084259770950332,0.717550333467657,0.198189895582011,0.084259770950332,UNCHANGED,"Calibrated 2019 IR is held by age, sex, cause and location; CF carries 80% of projected cause-mortality change since 2019; annual background mortality follows the WPP-scaled baseline."
IDN_NATIONAL,GBD_11,11,Indonesia,National,2043,79,Female,C_HHD,Hypertensive heart disease,CVD,772728,0.0657545,0.00290295530761534,0.0331513919984619,0.0628515446923846,0.00396422608676145,0.0929485450484698,0.00176979376775258,0.640278862153376,0.8,1.5122230897227,0.636902624129894,0.928853736440594,0.00252482599730255,0.130558692873676,0.934623629310313,0.00252482599730255,0.0628515446923846,0.80658976243394,0.130558692873676,0.0628515446923846,UNCHANGED,"Calibrated 2019 IR is held by age, sex, cause and location; CF carries 80% of projected cause-mortality change since 2019; annual background mortality follows the WPP-scaled baseline."
IDN_NATIONAL,GBD_11,11,Indonesia,National,2029,24,Female,C_DM,Diabetes mellitus,Diabetes,2206919,0.00091905,1.21229925886935e-05,0.000799020983540839,0.000906927007411307,0.00188950669030743,0.000931879426081553,1.40519674134062e-05,-0.137274359380623,0.8,0.890180512495501,0.500000160693621,0.824704051606735,0.000944753648785385,0.000684125745403955,0.998148319343803,0.000944753648785385,0.000906927007411307,0.998408947247185,0.000684125745403955,0.000906927007411307,UNCHANGED,"Calibrated 2019 IR is held by age, sex, cause and location; CF carries 80% of projected cause-mortality change since 2019; annual background mortality follows the WPP-scaled baseline."
IDN_NATIONAL,GBD_11,11,Indonesia,National,2026,61,Male,C_IHD,Ischaemic heart disease,CVD,1313505,0.02076472,0.00391399421615142,0.0106389800447633,0.0168507257838486,0.00765184399411609,0.0628522137336855,0.00409807435550109,-0.0449186918979576,0.8,0.964065046481634,0.520670577641515,0.939102798934496,0.00398409003243919,0.0569036403508215,0.979165184183712,0.00398409003243919,0.0168507257838486,0.92624563386533,0.0569036403508215,0.0168507257838486,UNCHANGED,"Calibrated 2019 IR is held by age, sex, cause and location; CF carries 80% of projected cause-mortality change since 2019; annual background mortality follows the WPP-scaled baseline."
IDN_NATIONAL,GBD_11,11,Indonesia,National,2037,77,Female,C_HHD,Hypertensive heart disease,CVD,749529,0.05672238,0.00244332751810074,0.028757208150638,0.0542790524818993,0.00326479030350765,0.0871628192577325,0.00138320161431034,0.766429053308307,0.8,1.61314324264665,0.636902624129894,0.928853736440594,0.00207935351153786,0.130602513329505,0.943641594006563,0.00207935351153786,0.0542790524818993,0.815118434188596,0.130602513329505,0.0542790524818993,UNCHANGED,"Calibrated 2019 IR is held by age, sex, cause and location; CF carries 80% of projected cause-mortality change since 2019; annual background mortality follows the WPP-scaled baseline."
IDN_NATIONAL,GBD_11,11,Indonesia,National,2041,44,Male,C_IS,Ischaemic stroke,CVD,2216906,0.00356563,5.05366511327346e-05,0.00207476831332697,0.00351509334886727,0.00119983779443512,0.0131885571558494,0.000100912303182932,-0.499202282192267,0.8,0.600638174246186,0.500000006541575,0.929903354452946,0.000599918905066389,0.00736627674603933,0.995884987746066,0.000599918905066389,0.00351509334886727,0.989118629905093,0.00736627674603933,0.00351509334886727,UNCHANGED,"Calibrated 2019 IR is held by age, sex, cause and location; CF carries 80% of projected cause-mortality change since 2019; annual background mortality follows the WPP-scaled baseline."
IDN_NATIONAL,GBD_11,11,Indonesia,National,2031,55,Male,C_ICH,Intracerebral haemorrhage,CVD,1785246,0.01130185,0.00169403155355678,0.00574112602998782,0.00960781844644322,0.00298078610548319,0.316835818011367,0.00223730971483275,-0.242826532989236,0.8,0.805738773608611,0.619800257687136,0.936190723053988,0.00184749199628871,0.238997230717482,0.988544689557268,0.00184749199628871,0.00960781844644322,0.751394950836074,0.238997230717482,0.00960781844644322,UNCHANGED,"Calibrated 2019 IR is held by age, sex, cause and location; CF carries 80% of projected cause-mortality change since 2019; annual background mortality follows the WPP-scaled baseline."
IDN_NATIONAL,GBD_11,11,Indonesia,National,2033,48,Female,C_DM,Diabetes mellitus,Diabetes,1981529,0.00404295,0.000142212785688095,0.00238649450531257,0.00390073721431191,0.0063457609870401,0.00338420084658204,0.000209049218600273,-0.31971625323306,0.8,0.744226997413552,0.500000160693621,0.824704051606735,0.00317288151324336,0.00207711086896588,0.992926381272445,0.00317288151324336,0.00390073721431191,0.994022151916722,0.00207711086896588,0.00390073721431191,UNCHANGED,"Calibrated 2019 IR is held by age, sex, cause and location; CF carries 80% of projected cause-mortality change since 2019; annual background mortality follows the WPP-scaled baseline."
IDN_NATIONAL,GBD_11,11,Indonesia,National,2046,95,Female,C_IHD,Ischaemic heart disease,CVD,76654,0.355307962993321,0.0471279233984387,0.229720671057526,0.308180039594882,0.0283531447730142,0.171331934181759,0.026794017709095,0.758897225123562,0.8,1.60711778009885,0.500000255019161,1.00141411562457,0.0141765796171023,0.275739975304704,0.677643380788016,0.0141765796171023,0.308180039594882,0.416079985100414,0.275739975304704,0.308180039594882,UNCHANGED,"Calibrated 2019 IR is held by age, sex, cause and location; CF carries 80% of projected cause-mortality change since 2019; annual background mortality follows the WPP-scaled baseline."
IDN_NATIONAL,GBD_11,11,Indonesia,National,2025,53,Male,C_IS,Ischaemic stroke,CVD,1715780,0.00986056,0.000281181544989875,0.00526333061915781,0.00957937845501013,0.00276633544475087,0.021686800483113,0.000392311017841531,-0.28326880408071,0.8,0.773384956735432,0.500000006541575,0.929903354452946,0.00138316774047163,0.0155965671228091,0.989037453804518,0.00138316774047163,0.00957937845501013,0.974824054422181,0.0155965671228091,0.00957937845501013,UNCHANGED,"Calibrated 2019 IR is held by age, sex, cause and location; CF carries 80% of projected cause-mortality change since 2019; annual background mortality follows the WPP-scaled baseline."
IDN_NATIONAL,GBD_11,11,Indonesia,National,2047,34,Female,C_HHD,Hypertensive heart disease,CVD,2298320,0.00117946,1.34082836095468e-05,0.000841791050309296,0.00116605171639045,5.7897731034015e-05,0.0882812339925754,1.86487122839961e-05,-0.281007535246632,0.8,0.775193971802695,0.636902624129894,0.928853736440594,3.6875216826731e-05,0.0635661801464792,0.998797073066783,3.6875216826731e-05,0.00116605171639045,0.93526776813713,0.0635661801464792,0.00116605171639045,UNCHANGED,"Calibrated 2019 IR is held by age, sex, cause and location; CF carries 80% of projected cause-mortality change since 2019; annual background mortality follows the WPP-scaled baseline."
IDN_NATIONAL,GBD_11,11,Indonesia,National,2026,68,Female,C_DM,Diabetes mellitus,Diabetes,968822,0.02425366,0.00171123079399365,0.0120532839283147,0.0225424292060063,0.00741992489568241,0.0126706871532111,0.0015189006389617,0.126624579711438,0.8,1.10129966376915,0.500000160693621,0.824704051606735,0.0037099636401758,0.0115081046587587,0.973747607153818,0.0037099636401758,0.0225424292060063,0.965949466135235,0.0115081046587587,0.0225424292060063,UNCHANGED,"Calibrated 2019 IR is held by age, sex, cause and location; CF carries 80% of projected cause-mortality change since 2019; annual background mortality follows the WPP-scaled baseline."
IDN_NATIONAL,GBD_11,11,Indonesia,National,2041,34,Female,C_ICH,Intracerebral haemorrhage,CVD,2249612,0.00126381,9.35958079739515e-05,0.000924060745438927,0.00117021419202605,0.000391533344182068,0.0522277233650593,0.000158654726780612,-0.410066060601043,0.8,0.671947151519165,0.60226208656985,0.93800091950465,0.000235805688828764,0.032918457478207,0.998593980119145,0.000235805688828764,0.00117021419202605,0.965911328329767,0.032918457478207,0.00117021419202605,UNCHANGED,"Calibrated 2019 IR is held by age, sex, cause and location; CF carries 80% of projected cause-mortality change since 2019; annual background mortality follows the WPP-scaled baseline."
IDN_NATIONAL,GBD_11,11,Indonesia,National,2036,33,Female,C_HHD,Hypertensive heart disease,CVD,2109650,0.00125598,1.2533347354976e-05,0.000937784276515104,0.00124344665264502,4.94848381983914e-05,0.084469496062914,1.61325156818567e-05,-0.223100252797426,0.8,0.821519797762059,0.636902624129894,0.928853736440594,3.15170233031987e-05,0.06445628480644,0.998725036324052,3.15170233031987e-05,0.00124344665264502,0.934300268540915,0.06445628480644,0.00124344665264502,UNCHANGED,"Calibrated 2019 IR is held by age, sex, cause and location; CF carries 80% of projected cause-mortality change since 2019; annual background mortality follows the WPP-scaled baseline."
IDN_NATIONAL,GBD_11,11,Indonesia,National,2028,21,Female,C_IHD,Ischaemic heart disease,CVD,2284405,0.00090524,4.9184336033059e-05,0.0007892083666844,0.000856055663966941,0.000411303992449062,0.0263917579507069,6.42967804616625e-05,-0.235042008637034,0.8,0.811966393090373,0.500000255019161,1.00141411562457,0.00020565210111493,0.0214595239060959,0.998938292234918,0.00020565210111493,0.000856055663966941,0.977684420429937,0.0214595239060959,0.000856055663966941,UNCHANGED,"Calibrated 2019 IR is held by age, sex, cause and location; CF carries 80% of projected cause-mortality change since 2019; annual background mortality follows the WPP-scaled baseline."
IDN_NATIONAL,GBD_11,11,Indonesia,National,2048,84,Female,C_DM,Diabetes mellitus,Diabetes,506689,0.10739726,0.00787831506795541,0.0568420495117858,0.0995189449320446,0.00528311053098278,0.0374079728110833,0.00390435885298809,1.01782555461724,0.8,1.81426044369379,0.500000160693621,0.824704051606735,0.00264155611445355,0.0559708540457372,0.897839498953502,0.00264155611445355,0.0995189449320446,0.844510201022218,0.0559708540457372,0.0995189449320446,UNCHANGED,"Calibrated 2019 IR is held by age, sex, cause and location; CF carries 80% of projected cause-mortality change since 2019; annual background mortality follows the WPP-scaled baseline."
IDN_NATIONAL,GBD_11,11,Indonesia,National,2032,24,Male,C_ICH,Intracerebral haemorrhage,CVD,2362447,0.00142099,2.57899035406373e-05,0.00130352756758389,0.00139520009645936,0.000154001204160616,0.0318984172832892,4.25199338662784e-05,-0.393463225466334,0.8,0.685229419626932,0.619800257687136,0.936190723053988,9.54499860228789e-05,0.0204630077622495,0.998509349917518,9.54499860228789e-05,0.00139520009645936,0.978141792141291,0.0204630077622495,0.00139520009645936,UNCHANGED,"Calibrated 2019 IR is held by age, sex, cause and location; CF carries 80% of projected cause-mortality change since 2019; annual background mortality follows the WPP-scaled baseline."
IDN_NATIONAL,GBD_11,11,Indonesia,National,2044,56,Male,C_ICH,Intracerebral haemorrhage,CVD,1930382,0.01064996,0.00157449226751307,0.00509726407896558,0.00907546773248693,0.00314822102443629,0.331116340325018,0.00237422303055874,-0.33683893751863,0.8,0.730528849985096,0.619800257687136,0.936190723053988,0.00195126820220167,0.226455210800166,0.988973264065311,0.00195126820220167,0.00907546773248693,0.764469321467348,0.226455210800166,0.00907546773248693,UNCHANGED,"Calibrated 2019 IR is held by age, sex, cause and location; CF carries 80% of projected cause-mortality change since 2019; annual background mortality follows the WPP-scaled baseline."
IDN_NATIONAL,GBD_11,11,Indonesia,National,2028,63,Female,C_RHD,Rheumatic heart disease,CVD,1360632,0.0146883,2.86916231550048e-05,0.00745904074801048,0.014659608376845,4.20662858138015e-05,0.00877478087272458,3.53448787912685e-05,-0.188238179441921,0.8,0.849409456446463,0.50000000046055,0.630292412861138,2.10331429262744e-05,0.00469781003118118,0.985319358480229,2.10331429262744e-05,0.014659608376845,0.980642581591974,0.00469781003118118,0.014659608376845,UNCHANGED,"Calibrated 2019 IR is held by age, sex, cause and location; CF carries 80% of projected cause-mortality change since 2019; annual background mortality follows the WPP-scaled baseline."
IDN_NATIONAL,GBD_11,11,Indonesia,National,2032,35,Male,C_HHD,Hypertensive heart disease,CVD,2264137,0.00193198,2.34144628751918e-05,0.0013433678807716,0.00190856553712481,7.35919354184406e-05,0.125909746787157,2.55875903523607e-05,-0.0849289615490664,0.8,0.932056830760747,0.677760579995556,0.862219548003387,4.98777128321978e-05,0.101185809158726,0.998041556750043,4.98777128321978e-05,0.00190856553712481,0.89690562530415,0.101185809158726,0.00190856553712481,UNCHANGED,"Calibrated 2019 IR is held by age, sex, cause and location; CF carries 80% of projected cause-mortality change since 2019; annual background mortality follows the WPP-scaled baseline."
IDN_NATIONAL,GBD_11,11,Indonesia,National,2026,23,Female,C_RHD,Rheumatic heart disease,CVD,2129942,0.00096784,1.45937189084641e-05,0.000848525333261643,0.000953246281091536,0.000380851563606451,0.00388944225829381,2.28645371305437e-05,-0.36173127734263,0.8,0.710614978125896,0.50000000046055,0.630292412861138,0.000190425781978627,0.00174206263165402,0.99885632793693,0.000190425781978627,0.000953246281091536,0.997304691087255,0.00174206263165402,0.000953246281091536,UNCHANGED,"Calibrated 2019 IR is held by age, sex, cause and location; CF carries 80% of projected cause-mortality change since 2019; annual background mortality follows the WPP-scaled baseline."
IDN_NATIONAL,GBD_11,11,Indonesia,National,2046,70,Female,C_RHD,Rheumatic heart disease,CVD,1477931,0.02329402,9.91313427586468e-06,0.0109031374729008,0.0232841068657241,3.99637867295425e-05,0.0105068196325168,3.31666146739114e-05,-0.701111060826408,0.8,0.439111151338873,0.50000000046055,0.630292412861138,1.99818933831766e-05,0.00290795594342694,0.976695911240893,1.99818933831766e-05,0.0232841068657241,0.973807937190849,0.00290795594342694,0.0232841068657241,UNCHANGED,"Calibrated 2019 IR is held by age, sex, cause and location; CF carries 80% of projected cause-mortality change since 2019; annual background mortality follows the WPP-scaled baseline."
IDN_NATIONAL,GBD_11,11,Indonesia,National,2030,78,Male,C_RHD,Rheumatic heart disease,CVD,322559,0.09453509,3.05481002705666e-05,0.0503813057134854,0.0945045418997294,3.54902797817608e-05,0.0158239197603672,2.63558389670806e-05,0.159063853316232,0.8,1.12725108265299,0.500000000000582,0.624906744590431,1.7745139890901e-05,0.0111467932298255,0.90547771296038,1.7745139890901e-05,0.0945045418997294,0.894348664870445,0.0111467932298255,0.0945045418997294,UNCHANGED,"Calibrated 2019 IR is held by age, sex, cause and location; CF carries 80% of projected cause-mortality change since 2019; annual background mortality follows the WPP-scaled baseline."
IDN_NATIONAL,GBD_11,11,Indonesia,National,2039,28,Male,C_HHD,Hypertensive heart disease,CVD,2469003,0.00139902,4.83490984196274e-06,0.00119042412235563,0.00139418509015804,2.42131228118256e-05,0.0829080352328742,7.81189146888905e-06,-0.381083331582649,0.8,0.695133334733881,0.677760579995556,0.862219548003387,1.64107001604465e-05,0.0496915568456547,0.998589404209681,1.64107001604465e-05,0.00139418509015804,0.948914258064187,0.0496915568456547,0.00139418509015804,UNCHANGED,"Calibrated 2019 IR is held by age, sex, cause and location; CF carries 80% of projected cause-mortality change since 2019; annual background mortality follows the WPP-scaled baseline."
IDN_NATIONAL,GBD_11,11,Indonesia,National,2038,94,Female,C_IS,Ischaemic stroke,CVD,26658,0.29822661,0.0327447382893648,0.182435855819594,0.265481871710635,0.0264242765436352,0.395946675881146,0.0217362297394458,0.506458971122362,0.8,1.40516717689789,0.50000001358769,0.953863781237352,0.0132121386308625,0.530702405997166,0.721305989658502,0.0132121386308625,0.265481871710635,0.203815722292199,0.530702405997166,0.265481871710635,UNCHANGED,"Calibrated 2019 IR is held by age, sex, cause and location; CF carries 80% of projected cause-mortality change since 2019; annual background mortality follows the WPP-scaled baseline."
IDN_NATIONAL,GBD_11,11,Indonesia,National,2045,56,Male,C_ICH,Intracerebral haemorrhage,CVD,1935088,0.01051461,0.00155301379542514,0.00501077063596432,0.00896159620457486,0.00314822102443629,0.331116340325018,0.00237422303055874,-0.345885464239784,0.8,0.723291628608173,0.619800257687136,0.936190723053988,0.00195126820220167,0.224211758686601,0.989087135593224,0.00195126820220167,0.00896159620457486,0.766826645108824,0.224211758686601,0.00896159620457486,UNCHANGED,"Calibrated 2019 IR is held by age, sex, cause and location; CF carries 80% of projected cause-mortality change since 2019; annual background mortality follows the WPP-scaled baseline."
IDN_NATIONAL,GBD_11,11,Indonesia,National,2027,39,Female,C_ICH,Intracerebral haemorrhage,CVD,2032844,0.00218864,0.000199813249428681,0.00158986142481725,0.00198882675057132,0.000669207567271053,0.0823531803712335,0.000336878531072809,-0.406868556472376,0.8,0.674505154822099,0.60226208656985,0.93800091950465,0.000403038345812998,0.0521037417827725,0.997608134903616,0.000403038345812998,0.00198882675057132,0.945907431466656,0.0521037417827725,0.00198882675057132,UNCHANGED,"Calibrated 2019 IR is held by age, sex, cause and location; CF carries 80% of projected cause-mortality change since 2019; annual background mortality follows the WPP-scaled baseline."
IDN_NATIONAL,GBD_11,11,Indonesia,National,2045,75,Female,C_IHD,Ischaemic heart disease,CVD,1138893,0.04104919,0.0065610148631434,0.020656837080062,0.0344881751368566,0.00941498832674118,0.0593105621638951,0.0047584712871943,0.378807282246293,0.8,1.30304582579703,0.500000255019161,1.00141411562457,0.00470749656437301,0.077393669503273,0.96080432829877,0.00470749656437301,0.0344881751368566,0.88811815535987,0.077393669503273,0.0344881751368566,UNCHANGED,"Calibrated 2019 IR is held by age, sex, cause and location; CF carries 80% of projected cause-mortality change since 2019; annual background mortality follows the WPP-scaled baseline."
IDN_NATIONAL,GBD_11,11,Indonesia,National,2037,58,Male,C_DM,Diabetes mellitus,Diabetes,1817555,0.01398965,0.000894620761254265,0.00690911382254094,0.0130950292387457,0.00856598801177596,0.0109241605619688,0.00106090692122158,-0.156739631574692,0.8,0.874608294740246,0.500000009256077,0.874818940170935,0.00428299408517542,0.0083583363494514,0.982621976676079,0.00428299408517542,0.0130950292387457,0.978546634411803,0.0083583363494514,0.0130950292387457,UNCHANGED,"Calibrated 2019 IR is held by age, sex, cause and location; CF carries 80% of projected cause-mortality change since 2019; annual background mortality follows the WPP-scaled baseline."
IDN_NATIONAL,GBD_11,11,Indonesia,National,2038,72,Male,C_IS,Ischaemic stroke,CVD,940680,0.05044601,0.004461408029537,0.0265352045221684,0.045984601970463,0.0104354710964784,0.0622795775475108,0.00437600966817647,0.0195151217287222,0.8,1.01561209738298,0.500000006541575,0.929903354452946,0.00521773561650364,0.0588181468970115,0.948797662413033,0.00521773561650364,0.045984601970463,0.895197251132526,0.0588181468970115,0.045984601970463,UNCHANGED,"Calibrated 2019 IR is held by age, sex, cause and location; CF carries 80% of projected cause-mortality change since 2019; annual background mortality follows the WPP-scaled baseline."
IDN_NATIONAL,GBD_11,11,Indonesia,National,2042,84,Male,C_DM,Diabetes mellitus,Diabetes,226009,0.14825722,0.0106775197084698,0.0841943230763887,0.13757970029153,0.00843106399697013,0.0521894098448291,0.00544547004621829,0.960807720517171,0.8,1.76864617641374,0.500000009256077,0.874818940170935,0.00421553207652364,0.0807498124947992,0.858204767631946,0.00421553207652364,0.13757970029153,0.781670487213671,0.0807498124947992,0.13757970029153,UNCHANGED,"Calibrated 2019 IR is held by age, sex, cause and location; CF carries 80% of projected cause-mortality change since 2019; annual background mortality follows the WPP-scaled baseline."
IDN_NATIONAL,GBD_11,11,Indonesia,National,2038,72,Female,C_CMD,Cardiomyopathy and myocarditis,CVD,1152007,0.03227951,8.0349095070885e-05,0.0153369743476513,0.0321991609049291,0.000163751213538277,0.126648528487308,6.65773233910045e-05,0.206853790126102,0.8,1.16548303210088,0.531154605163038,0.930350003869953,8.69772111718919e-05,0.137325904143106,0.967713861883899,8.69772111718919e-05,0.0321991609049291,0.830474934951965,0.137325904143106,0.0321991609049291,UNCHANGED,"Calibrated 2019 IR is held by age, sex, cause and location; CF carries 80% of projected cause-mortality change since 2019; annual background mortality follows the WPP-scaled baseline."
IDN_NATIONAL,GBD_11,11,Indonesia,National,2049,92,Female,C_ICH,Intracerebral haemorrhage,CVD,95162,0.2330034,0.00997636479647434,0.143944794884757,0.223027035203526,0.0123840236466674,0.586537746731729,0.00826843941738599,0.206559580698761,0.8,1.16524766455901,0.60226208656985,0.93800091950465,0.00745842792157227,0.641087740148698,0.769514536874902,0.00745842792157227,0.223027035203526,0.135885224647777,0.641087740148698,0.223027035203526,UNCHANGED,"Calibrated 2019 IR is held by age, sex, cause and location; CF carries 80% of projected cause-mortality change since 2019; annual background mortality follows the WPP-scaled baseline."
IDN_NATIONAL,GBD_11,11,Indonesia,National,2050,90,Female,C_CMD,Cardiomyopathy and myocarditis,CVD,174853,0.19242393,0.00153725039660793,0.118963700512769,0.190886679603392,0.00212524778223207,0.192447493786512,0.000848970312527931,0.810723383283623,0.8,1.6485787066269,0.531154605163038,0.930350003869953,0.0011288351466451,0.295167345494085,0.807984485249963,0.0011288351466451,0.190886679603392,0.513945974902524,0.295167345494085,0.190886679603392,UNCHANGED,"Calibrated 2019 IR is held by age, sex, cause and location; CF carries 80% of projected cause-mortality change since 2019; annual background mortality follows the WPP-scaled baseline."
IDN_NATIONAL,GBD_11,11,Indonesia,National,2046,22,Male,C_HHD,Hypertensive heart disease,CVD,2193315,0.00129253,1.95019951486055e-06,0.00117519752664606,0.00129057980048514,1.07834141227886e-05,0.0453726301650115,2.39730876996792e-06,-0.186504659186375,0.8,0.8507962726509,0.677760579995556,0.862219548003387,7.30857301019344e-06,0.0332841444883961,0.998702111626505,7.30857301019344e-06,0.00129057980048514,0.965425275711119,0.0332841444883961,0.00129057980048514,UNCHANGED,"Calibrated 2019 IR is held by age, sex, cause and location; CF carries 80% of projected cause-mortality change since 2019; annual background mortality follows the WPP-scaled baseline."
IDN_NATIONAL,GBD_11,11,Indonesia,National,2031,40,Female,C_DM,Diabetes mellitus,Diabetes,2040046,0.00218928,5.83219695605495e-05,0.00141973665557831,0.00213095803043945,0.00442594534288834,0.00189049164400806,7.86570954741382e-05,-0.258528817915412,0.8,0.79317694566767,0.500000160693621,0.824704051606735,0.00221297338266535,0.00123663909714892,0.995656068586895,0.00221297338266535,0.00213095803043945,0.996632402872412,0.00123663909714892,0.00213095803043945,UNCHANGED,"Calibrated 2019 IR is held by age, sex, cause and location; CF carries 80% of projected cause-mortality change since 2019; annual background mortality follows the WPP-scaled baseline."
IDN_NATIONAL,GBD_11,11,Indonesia,National,2044,33,Female,C_RHD,Rheumatic heart disease,CVD,2346711,0.00114946,1.59410992630059e-05,0.000830228789520579,0.00113351890073699,4.65585397930795e-05,0.00413519070366144,3.38423295141068e-05,-0.528959752715573,0.8,0.576832197827542,0.50000000046055,0.630292412861138,2.32792699179823e-05,0.00150344351513404,0.998843201829345,2.32792699179823e-05,0.00113351890073699,0.997363037584129,0.00150344351513404,0.00113351890073699,UNCHANGED,"Calibrated 2019 IR is held by age, sex, cause and location; CF carries 80% of projected cause-mortality change since 2019; annual background mortality follows the WPP-scaled baseline."
IDN_NATIONAL,GBD_11,11,Indonesia,National,2045,26,Male,C_DM,Diabetes mellitus,Diabetes,2235567,0.00130249,2.42145707215085e-05,0.00109672715674886,0.00127827542927849,0.00265207071330321,0.00110512128580636,2.14521513956023e-05,0.128771202242794,0.8,1.10301696179424,0.500000009256077,0.874818940170935,0.00132603538119938,0.00106637587664737,0.997395689189522,0.00132603538119938,0.00127827542927849,0.997655348694074,0.00106637587664737,0.00127827542927849,UNCHANGED,"Calibrated 2019 IR is held by age, sex, cause and location; CF carries 80% of projected cause-mortality change since 2019; annual background mortality follows the WPP-scaled baseline."
IDN_NATIONAL,GBD_11,11,Indonesia,National,2047,34,Female,C_CMD,Cardiomyopathy and myocarditis,CVD,2298320,0.00117946,1.13506951816126e-05,0.000841791050309296,0.00116810930481839,1.36667714608763e-05,0.0890261550395714,1.14751820046924e-05,-0.0108483528216723,0.8,0.991321317742662,0.531154605163038,0.930350003869953,7.25916859915525e-06,0.0821066676298747,0.998824631526583,7.25916859915525e-06,0.00116810930481839,0.916725223065307,0.0821066676298747,0.00116810930481839,UNCHANGED,"Calibrated 2019 IR is held by age, sex, cause and location; CF carries 80% of projected cause-mortality change since 2019; annual background mortality follows the WPP-scaled baseline."
IDN_NATIONAL,GBD_11,11,Indonesia,National,2032,72,Male,C_RHD,Rheumatic heart disease,CVD,755979,0.05371618,1.87642391883572e-05,0.028297014654942,0.0536974157608116,3.16613708067244e-05,0.0112152192642488,2.52778830868662e-05,-0.257681542244863,0.8,0.79385476620411,0.500000000000582,0.624906744590431,1.58306854033806e-05,0.0055637042651261,0.946286753553785,1.58306854033806e-05,0.0536974157608116,0.940738879974062,0.0055637042651261,0.0536974157608116,UNCHANGED,"Calibrated 2019 IR is held by age, sex, cause and location; CF carries 80% of projected cause-mortality change since 2019; annual background mortality follows the WPP-scaled baseline."
IDN_NATIONAL,GBD_11,11,Indonesia,National,2050,72,Male,C_DM,Diabetes mellitus,Diabetes,1237981,0.04398839,0.00375967405951073,0.0230537020410844,0.0402287159404893,0.00870248825929193,0.0246278634089424,0.00307666971211121,0.221994692739001,0.8,1.1775957541912,0.500000009256077,0.874818940170935,0.00435124421019687,0.0253712079250856,0.955420039849314,0.00435124421019687,0.0402287159404893,0.934400076134425,0.0253712079250856,0.0402287159404893,UNCHANGED,"Calibrated 2019 IR is held by age, sex, cause and location; CF carries 80% of projected cause-mortality change since 2019; annual background mortality follows the WPP-scaled baseline."
IDN_NATIONAL,GBD_11,11,Indonesia,National,2036,70,Female,C_DM,Diabetes mellitus,Diabetes,1221486,0.02673707,0.00195497413649132,0.012753004425431,0.0247820958635087,0.00682089223463514,0.0144290847239349,0.00178676298142563,0.0941429595387493,0.8,1.075314367631,0.500000160693621,0.824704051606735,0.00341044721339144,0.0127959448685088,0.9718074569231,0.00341044721339144,0.0247820958635087,0.962421959267983,0.0127959448685088,0.0247820958635087,UNCHANGED,"Calibrated 2019 IR is held by age, sex, cause and location; CF carries 80% of projected cause-mortality change since 2019; annual background mortality follows the WPP-scaled baseline."
IDN_NATIONAL,GBD_11,11,Indonesia,National,2038,35,Male,C_CMD,Cardiomyopathy and myocarditis,CVD,2206233,0.00185214,1.45465899155068e-05,0.00125889137607732,0.00183759341008449,2.57850231201099e-05,0.091328257891023,1.65143954461624e-05,-0.11915698258957,0.8,0.904674413928344,0.584103771403263,0.854319654386053,1.50611292501765e-05,0.0705858874007759,0.998147345460665,1.50611292501765e-05,0.00183759341008449,0.92757651918914,0.0705858874007759,0.00183759341008449,UNCHANGED,"Calibrated 2019 IR is held by age, sex, cause and location; CF carries 80% of projected cause-mortality change since 2019; annual background mortality follows the WPP-scaled baseline."
IDN_NATIONAL,GBD_11,11,Indonesia,National,2033,36,Male,C_CMD,Cardiomyopathy and myocarditis,CVD,2260589,0.0020372,1.54492058694609e-05,0.00141109813211559,0.00202175079413054,2.69943072748775e-05,0.0924834653724007,1.74285688195477e-05,-0.113570022334066,0.8,0.909143982132747,0.584103771403263,0.854319654386053,1.57674766856745e-05,0.0718318680275702,0.997962481729184,1.57674766856745e-05,0.00202175079413054,0.926146381178299,0.0718318680275702,0.00202175079413054,UNCHANGED,"Calibrated 2019 IR is held by age, sex, cause and location; CF carries 80% of projected cause-mortality change since 2019; annual background mortality follows the WPP-scaled baseline."
IDN_NATIONAL,GBD_11,11,Indonesia,National,2043,36,Female,C_IHD,Ischaemic heart disease,CVD,2245010,0.0014111,0.00020285419405431,0.000967479091674032,0.00120824580594569,0.000830073878791157,0.0332070828827629,0.000243658347153129,-0.167464622392666,0.8,0.866028302085867,0.500000255019161,1.00141411562457,0.000415037151080322,0.0287989411302259,0.998376717042974,0.000415037151080322,0.00120824580594569,0.969992813063828,0.0287989411302259,0.00120824580594569,UNCHANGED,"Calibrated 2019 IR is held by age, sex, cause and location; CF carries 80% of projected cause-mortality change since 2019; annual background mortality follows the WPP-scaled baseline."
IDN_NATIONAL,GBD_11,11,Indonesia,National,2038,87,Female,C_CMD,Cardiomyopathy and myocarditis,CVD,165723,0.16026462,0.000895017835887214,0.0924527330455773,0.159369602164113,0.00136195377622138,0.145598876148357,0.000487509050985221,0.835899936787732,0.8,1.66871994943019,0.531154605163038,0.930350003869953,0.000723408020259176,0.226041325048836,0.839906989815628,0.000723408020259176,0.159369602164113,0.614589072787052,0.226041325048836,0.159369602164113,UNCHANGED,"Calibrated 2019 IR is held by age, sex, cause and location; CF carries 80% of projected cause-mortality change since 2019; annual background mortality follows the WPP-scaled baseline."
IDN_NATIONAL,GBD_11,11,Indonesia,National,2037,89,Male,C_HHD,Hypertensive heart disease,CVD,46010,0.23932464,0.00679460830832556,0.141392213688357,0.232530031691674,0.00566928160872974,0.16491501878052,0.00373574023900721,0.818811767846915,0.8,1.65504941427753,0.677760579995556,0.862219548003387,0.00384241559129081,0.235336363497452,0.763627552717035,0.00384241559129081,0.232530031691674,0.532133604810874,0.235336363497452,0.232530031691674,UNCHANGED,"Calibrated 2019 IR is held by age, sex, cause and location; CF carries 80% of projected cause-mortality change since 2019; annual background mortality follows the WPP-scaled baseline."
IDN_NATIONAL,GBD_11,11,Indonesia,National,2049,68,Male,C_DM,Diabetes mellitus,Diabetes,1508715,0.03067737,0.0026821926216158,0.0155910684531752,0.0279951773783842,0.00925259207084227,0.0199424230533588,0.00238610356613983,0.124088937159996,0.8,1.099271149728,0.500000009256077,0.874818940170935,0.00462629612106384,0.0191778948112812,0.967378526500552,0.00462629612106384,0.0279951773783842,0.952826927810335,0.0191778948112812,0.0279951773783842,UNCHANGED,"Calibrated 2019 IR is held by age, sex, cause and location; CF carries 80% of projected cause-mortality change since 2019; annual background mortality follows the WPP-scaled baseline."
IDN_NATIONAL,GBD_11,11,Indonesia,National,2047,46,Male,C_RHD,Rheumatic heart disease,CVD,2142526,0.00399945,5.94547118917756e-06,0.00193428268693103,0.00399350452881082,2.3493537143605e-05,0.00366892432557074,1.94971651347477e-05,-0.695059710061049,0.8,0.443952231951161,0.500000000000582,0.624906744590431,1.17467685718162e-05,0.00101786506755579,0.995994748702617,1.17467685718162e-05,0.00399350452881082,0.994988630403633,0.00101786506755579,0.00399350452881082,UNCHANGED,"Calibrated 2019 IR is held by age, sex, cause and location; CF carries 80% of projected cause-mortality change since 2019; annual background mortality follows the WPP-scaled baseline."
IDN_NATIONAL,GBD_11,11,Indonesia,National,2035,78,Female,C_IS,Ischaemic stroke,CVD,614051,0.06478416,0.00699952129285029,0.0329036145382236,0.0577846387071497,0.009638535128974,0.11415125090028,0.00527962403838694,0.325761312161315,0.8,1.26060904972905,0.50000001358769,0.953863781237352,0.00481926769545242,0.13726109343278,0.937396093597398,0.00481926769545242,0.0577846387071497,0.804954267860071,0.13726109343278,0.0577846387071497,UNCHANGED,"Calibrated 2019 IR is held by age, sex, cause and location; CF carries 80% of projected cause-mortality change since 2019; annual background mortality follows the WPP-scaled baseline."
IDN_NATIONAL,GBD_11,11,Indonesia,National,2026,43,Male,C_IS,Ischaemic stroke,CVD,2133071,0.00378359,4.77869377883709e-05,0.00240332733301324,0.00373580306221163,0.00107054979395632,0.0117031816942014,7.73326743534286e-05,-0.382060193987688,0.8,0.694351844809849,0.500000006541575,0.929903354452946,0.000535274903981243,0.00755651163967433,0.995728922033807,0.000535274903981243,0.00373580306221163,0.988707685298114,0.00755651163967433,0.00373580306221163,UNCHANGED,"Calibrated 2019 IR is held by age, sex, cause and location; CF carries 80% of projected cause-mortality change since 2019; annual background mortality follows the WPP-scaled baseline."
IDN_NATIONAL,GBD_11,11,Indonesia,National,2028,88,Female,C_IHD,Ischaemic heart disease,CVD,99610,0.18955018,0.0231594536393247,0.108328477441247,0.166390726360675,0.0188117174794414,0.121045150144327,0.0113367172041661,1.04287124943136,0.8,1.83429699954509,0.500000255019161,1.00141411562457,0.0094058635370691,0.222346735708251,0.824203410102255,0.0094058635370691,0.166390726360675,0.611262537931073,0.222346735708251,0.166390726360675,UNCHANGED,"Calibrated 2019 IR is held by age, sex, cause and location; CF carries 80% of projected cause-mortality change since 2019; annual background mortality follows the WPP-scaled baseline."
IDN_NATIONAL,GBD_11,11,Indonesia,National,2030,54,Male,C_DM,Diabetes mellitus,Diabetes,1804540,0.01038559,0.000563955442464205,0.00535579852359108,0.0098216345575358,0.00782825489844491,0.00847229153478638,0.000740098318693289,-0.237999292499516,0.8,0.809600566000387,0.500000009256077,0.874818940170935,0.00391412752168138,0.00600053359863411,0.986264237920783,0.00391412752168138,0.0098216345575358,0.98417783184383,0.00600053359863411,0.0098216345575358,UNCHANGED,"Calibrated 2019 IR is held by age, sex, cause and location; CF carries 80% of projected cause-mortality change since 2019; annual background mortality follows the WPP-scaled baseline."
IDN_NATIONAL,GBD_11,11,Indonesia,National,2032,25,Male,C_ICH,Intracerebral haemorrhage,CVD,2376271,0.00141797,4.28432407966474e-05,0.00122233907708761,0.00137512675920335,0.000168567576667508,0.0343973682802549,4.7123385251712e-05,-0.090828458783298,0.8,0.927337232973361,0.619800257687136,0.936190723053988,0.000104478227456217,0.029862574538341,0.998520395013341,0.000104478227456217,0.00137512675920335,0.968762298702456,0.029862574538341,0.00137512675920335,UNCHANGED,"Calibrated 2019 IR is held by age, sex, cause and location; CF carries 80% of projected cause-mortality change since 2019; annual background mortality follows the WPP-scaled baseline."
IDN_NATIONAL,GBD_11,11,Indonesia,National,2030,37,Female,C_IHD,Ischaemic heart disease,CVD,2061317,0.00179112,0.000216431238541222,0.00128656216679234,0.00157468876145878,0.000877072598891937,0.0344905942088291,0.000261198889858751,-0.171392961668934,0.8,0.862885630664853,0.500000255019161,1.00141411562457,0.000438536523116287,0.0298035242505685,0.997986774715425,0.000438536523116287,0.00157468876145878,0.968621786987973,0.0298035242505685,0.00157468876145878,UNCHANGED,"Calibrated 2019 IR is held by age, sex, cause and location; CF carries 80% of projected cause-mortality change since 2019; annual background mortality follows the WPP-scaled baseline."
IDN_NATIONAL,GBD_11,11,Indonesia,National,2041,51,Female,C_DM,Diabetes mellitus,Diabetes,1945613,0.00458891,0.000218312937569577,0.00246638074953647,0.00437059706243042,0.00703358561426435,0.00420771841835226,0.000304027421752134,-0.28193010909535,0.8,0.77445591272372,0.500000160693621,0.824704051606735,0.00351679393738451,0.00268745683195742,0.992112609000185,0.00351679393738451,0.00437059706243042,0.992941946105612,0.00268745683195742,0.00437059706243042,UNCHANGED,"Calibrated 2019 IR is held by age, sex, cause and location; CF carries 80% of projected cause-mortality change since 2019; annual background mortality follows the WPP-scaled baseline."
IDN_NATIONAL,GBD_11,11,Indonesia,National,2040,85,Male,C_ICH,Intracerebral haemorrhage,CVD,161919,0.16528669,0.00877186756918951,0.0977594357747531,0.156514822430811,0.00901447113962187,0.8785471112909,0.00667776978161535,0.313592390282673,0.8,1.25087391222614,0.619800257687136,0.936190723053988,0.00558717153525088,0.83848517756919,0.837898006033939,0.00558717153525088,0.156514822430811,0.005,0.83848517756919,0.156514822430811,DISEASE_TRANSITION_CAPPED,"Calibrated 2019 IR is held by age, sex, cause and location; CF carries 80% of projected cause-mortality change since 2019; annual background mortality follows the WPP-scaled baseline."
IDN_NATIONAL,GBD_11,11,Indonesia,National,2049,45,Male,C_CMD,Cardiomyopathy and myocarditis,CVD,2181172,0.00356688,2.23815554255621e-05,0.00170071725685611,0.00354449844457444,3.98859363230612e-05,0.152628358685798,3.17332879987086e-05,-0.294697876045089,0.8,0.764241699163929,0.584103771403263,0.854319654386053,2.32975258322504e-05,0.0996520786518257,0.996432204029593,2.32975258322504e-05,0.00354449844457444,0.8968034229036,0.0996520786518257,0.00354449844457444,UNCHANGED,"Calibrated 2019 IR is held by age, sex, cause and location; CF carries 80% of projected cause-mortality change since 2019; annual background mortality follows the WPP-scaled baseline."
IDN_NATIONAL,GBD_11,11,Indonesia,National,2050,27,Female,C_HHD,Hypertensive heart disease,CVD,2071609,0.00081662,5.09781728754406e-06,0.000631462766193947,0.000811522182712456,1.82708403571225e-05,0.0542587780642739,5.23821254127032e-06,-0.026802130043432,0.8,0.978558295965254,0.636902624129894,0.928853736440594,1.16367461685097e-05,0.0493178396891807,0.999176841071119,1.16367461685097e-05,0.000811522182712456,0.949870638128107,0.0493178396891807,0.000811522182712456,UNCHANGED,"Calibrated 2019 IR is held by age, sex, cause and location; CF carries 80% of projected cause-mortality change since 2019; annual background mortality follows the WPP-scaled baseline."
IDN_NATIONAL,GBD_11,11,Indonesia,National,2045,29,Male,C_DM,Diabetes mellitus,Diabetes,2315920,0.00137108,2.54897263125597e-05,0.00115448154694103,0.00134559027368744,0.00306880842600261,0.00121312901605118,3.06818783736377e-05,-0.169225364817925,0.8,0.86461970814566,0.500000009256077,0.874818940170935,0.00153440424140643,0.000917593436030329,0.997120005484906,0.00153440424140643,0.00134559027368744,0.997736816290282,0.000917593436030329,0.00134559027368744,UNCHANGED,"Calibrated 2019 IR is held by age, sex, cause and location; CF carries 80% of projected cause-mortality change since 2019; annual background mortality follows the WPP-scaled baseline."
IDN_NATIONAL,GBD_11,11,Indonesia,National,2033,59,Male,C_DM,Diabetes mellitus,Diabetes,1631221,0.01611724,0.00100375766897478,0.00810986718238834,0.0151134823310252,0.00870310530580289,0.0117004529409802,0.00117208790553339,-0.143615709849002,0.8,0.885107432120799,0.500000009256077,0.874818940170935,0.00435155273345806,0.00905976304091469,0.980534964935517,0.00435155273345806,0.0151134823310252,0.97582675462806,0.00905976304091469,0.0151134823310252,UNCHANGED,"Calibrated 2019 IR is held by age, sex, cause and location; CF carries 80% of projected cause-mortality change since 2019; annual background mortality follows the WPP-scaled baseline."
IDN_NATIONAL,GBD_11,11,Indonesia,National,2041,40,Male,C_CMD,Cardiomyopathy and myocarditis,CVD,2181523,0.00255625,1.65830289140122e-05,0.00148743041228116,0.00253966697108599,3.1151789373819e-05,0.108770856937707,2.0139843472188e-05,-0.176605869012215,0.8,0.858715304790228,0.584103771403263,0.854319654386053,1.81958776592078e-05,0.0797961891731072,0.997442137151255,1.81958776592078e-05,0.00253966697108599,0.917664143855807,0.0797961891731072,0.00253966697108599,UNCHANGED,"Calibrated 2019 IR is held by age, sex, cause and location; CF carries 80% of projected cause-mortality change since 2019; annual background mortality follows the WPP-scaled baseline."
IDN_NATIONAL,GBD_11,11,Indonesia,National,2030,23,Male,C_IS,Ischaemic stroke,CVD,2385720,0.0014587,3.56254664668491e-06,0.00133996545387056,0.00145513745335332,0.000169741156342254,0.0031336016188938,5.35281211710868e-06,-0.334453261436492,0.8,0.732437390850807,0.500000006541575,0.929903354452946,8.48705792815017e-05,0.00213428348647916,0.998459991967365,8.48705792815017e-05,0.00145513745335332,0.996410579060167,0.00213428348647916,0.00145513745335332,UNCHANGED,"Calibrated 2019 IR is held by age, sex, cause and location; CF carries 80% of projected cause-mortality change since 2019; annual background mortality follows the WPP-scaled baseline."
IDN_NATIONAL,GBD_11,11,Indonesia,National,2026,43,Male,C_DM,Diabetes mellitus,Diabetes,2133071,0.00378359,0.000159360000187588,0.00240332733301324,0.00362422999981241,0.00550371589093221,0.00347166446443497,0.000188817897045427,-0.156012207098951,0.8,0.875190234320839,0.500000009256077,0.874818940170935,0.00275185799640892,0.00265802085541816,0.993623912003779,0.00275185799640892,0.00362422999981241,0.99371774914477,0.00265802085541816,0.00362422999981241,UNCHANGED,"Calibrated 2019 IR is held by age, sex, cause and location; CF carries 80% of projected cause-mortality change since 2019; annual background mortality follows the WPP-scaled baseline."
IDN_NATIONAL,GBD_11,11,Indonesia,National,2045,66,Male,C_IHD,Ischaemic heart disease,CVD,1552602,0.02686853,0.00506562193397727,0.0137320215904452,0.0218029080660227,0.00893020247004406,0.0645210555184572,0.00490484451724484,0.0327793095514355,0.8,1.02622344764115,0.520670577641515,0.939102798934496,0.00464969367853353,0.0621808324450915,0.973547398255444,0.00464969367853353,0.0218029080660227,0.916016259488886,0.0621808324450915,0.0218029080660227,UNCHANGED,"Calibrated 2019 IR is held by age, sex, cause and location; CF carries 80% of projected cause-mortality change since 2019; annual background mortality follows the WPP-scaled baseline."
IDN_NATIONAL,GBD_11,11,Indonesia,National,2039,80,Male,C_CMD,Cardiomyopathy and myocarditis,CVD,392319,0.10492637,0.000373535367932773,0.0594782289343065,0.104552834632067,0.000695081545033053,0.147371528741201,0.000267664931039943,0.395533462233909,0.8,1.31642676978713,0.584103771403263,0.854319654386053,0.000405999751886613,0.165741281184367,0.895041165616046,0.000405999751886613,0.104552834632067,0.729705884183566,0.165741281184367,0.104552834632067,UNCHANGED,"Calibrated 2019 IR is held by age, sex, cause and location; CF carries 80% of projected cause-mortality change since 2019; annual background mortality follows the WPP-scaled baseline."
IDN_NATIONAL,GBD_11,11,Indonesia,National,2030,89,Male,C_IHD,Ischaemic heart disease,CVD,37843,0.2481055,0.0383794870038341,0.146110140406548,0.209726012996166,0.0355647006343623,0.203758535369348,0.0197946597078669,0.93888086838801,0.8,1.75110469471041,0.520670577641515,0.939102798934496,0.018517493222941,0.335074252592046,0.771756493780893,0.018517493222941,0.209726012996166,0.455199734411788,0.335074252592046,0.209726012996166,UNCHANGED,"Calibrated 2019 IR is held by age, sex, cause and location; CF carries 80% of projected cause-mortality change since 2019; annual background mortality follows the WPP-scaled baseline."
IDN_NATIONAL,GBD_11,11,Indonesia,National,2040,25,Female,C_DM,Diabetes mellitus,Diabetes,2241898,0.00082479,1.43553066682585e-05,0.000658932073896711,0.000810434693331742,0.00197467992391548,0.000920281598518312,1.49135503165263e-05,-0.0374319753794123,0.8,0.97005441969647,0.500000160693621,0.824704051606735,0.000987340279276207,0.000736232466400474,0.998202225027392,0.000987340279276207,0.000810434693331742,0.998453332840268,0.000736232466400474,0.000810434693331742,UNCHANGED,"Calibrated 2019 IR is held by age, sex, cause and location; CF carries 80% of projected cause-mortality change since 2019; annual background mortality follows the WPP-scaled baseline."
IDN_NATIONAL,GBD_11,11,Indonesia,National,2042,71,Female,C_DM,Diabetes mellitus,Diabetes,1325717,0.02744323,0.00205645938724036,0.0129402319938788,0.0253867706127596,0.0065213759041115,0.0153082835092968,0.0019206941526576,0.0706855041938366,0.8,1.05654840335507,0.500000160693621,0.824704051606735,0.00326068899999926,0.0133387159100842,0.971352540387241,0.00326068899999926,0.0253867706127596,0.961274513477156,0.0133387159100842,0.0253867706127596,UNCHANGED,"Calibrated 2019 IR is held by age, sex, cause and location; CF carries 80% of projected cause-mortality change since 2019; annual background mortality follows the WPP-scaled baseline."
IDN_NATIONAL,GBD_11,11,Indonesia,National,2030,51,Female,C_CMD,Cardiomyopathy and myocarditis,CVD,1934264,0.00535305,1.38692880479334e-05,0.00297494630079316,0.00533918071195207,1.90784736476249e-05,0.146683774654599,1.67492000793642e-05,-0.1719432580532,0.8,0.86244539355744,0.531154605163038,0.930350003869953,1.01336191374176e-05,0.117695551407834,0.99465068566891,1.01336191374176e-05,0.00533918071195207,0.876965267880214,0.117695551407834,0.00533918071195207,UNCHANGED,"Calibrated 2019 IR is held by age, sex, cause and location; CF carries 80% of projected cause-mortality change since 2019; annual background mortality follows the WPP-scaled baseline."
IDN_NATIONAL,GBD_11,11,Indonesia,National,2048,63,Male,C_CMD,Cardiomyopathy and myocarditis,CVD,1729216,0.01962451,5.97994514464655e-05,0.00951501983372507,0.0195647105485535,0.000140012455394695,0.233108877146282,7.5238320978735e-05,-0.205199548998881,0.8,0.835840360800895,0.584103771403263,0.854319654386053,8.17818032394722e-05,0.166457186053291,0.980353507648207,8.17818032394722e-05,0.0195647105485535,0.813978103398156,0.166457186053291,0.0195647105485535,UNCHANGED,"Calibrated 2019 IR is held by age, sex, cause and location; CF carries 80% of projected cause-mortality change since 2019; annual background mortality follows the WPP-scaled baseline."
IDN_NATIONAL,GBD_11,11,Indonesia,National,2028,69,Female,C_ICH,Intracerebral haemorrhage,CVD,985542,0.02642295,0.00467163446860247,0.0130655994338746,0.0217513155313975,0.00461834684654655,0.432754492707999,0.00387067135300587,0.206931315668169,0.8,1.16554505253454,0.60226208656985,0.93800091950465,0.00278145520830442,0.473122840539168,0.975467229260298,0.00278145520830442,0.0217513155313975,0.505125843929435,0.473122840539168,0.0217513155313975,UNCHANGED,"Calibrated 2019 IR is held by age, sex, cause and location; CF carries 80% of projected cause-mortality change since 2019; annual background mortality follows the WPP-scaled baseline."
IDN_NATIONAL,GBD_11,11,Indonesia,National,2036,29,Female,C_ICH,Intracerebral haemorrhage,CVD,2257984,0.00103015,4.8740919519567e-05,0.000834453275017961,0.000981409080480433,0.000230726751046378,0.0329959075069659,8.07435538905253e-05,-0.396349093258249,0.8,0.682920725393401,0.60226208656985,0.93800091950465,0.000138957974512674,0.021136527285851,0.998879632945007,0.000138957974512674,0.000981409080480433,0.977882063633669,0.021136527285851,0.000981409080480433,UNCHANGED,"Calibrated 2019 IR is held by age, sex, cause and location; CF carries 80% of projected cause-mortality change since 2019; annual background mortality follows the WPP-scaled baseline."
IDN_NATIONAL,GBD_11,11,Indonesia,National,2047,49,Male,C_CMD,Cardiomyopathy and myocarditis,CVD,2155083,0.0053455,3.32017797781243e-05,0.00258528250209149,0.00531229822022188,4.81917755414093e-05,0.200066905483436,4.19372285807161e-05,-0.208298189895375,0.8,0.8333614480837,0.584103771403263,0.854319654386053,2.81489978443567e-05,0.142439046692679,0.994659552781934,2.81489978443567e-05,0.00531229822022188,0.8522486550871,0.142439046692679,0.00531229822022188,UNCHANGED,"Calibrated 2019 IR is held by age, sex, cause and location; CF carries 80% of projected cause-mortality change since 2019; annual background mortality follows the WPP-scaled baseline."
IDN_NATIONAL,GBD_11,11,Indonesia,National,2050,44,Female,C_ICH,Intracerebral haemorrhage,CVD,2179502,0.00232698,0.000284209654274496,0.0014243241231864,0.0020427703457255,0.00104380049795135,0.117375884399531,0.000646764419276103,-0.560566961007842,0.8,0.551546431193726,0.60226208656985,0.93800091950465,0.000628641465858829,0.0607245381666672,0.997328588188416,0.000628641465858829,0.0020427703457255,0.937232691487607,0.0607245381666672,0.0020427703457255,UNCHANGED,"Calibrated 2019 IR is held by age, sex, cause and location; CF carries 80% of projected cause-mortality change since 2019; annual background mortality follows the WPP-scaled baseline."
IDN_NATIONAL,GBD_11,11,Indonesia,National,2028,89,Female,C_DM,Diabetes mellitus,Diabetes,79150,0.20722391,0.0109046202644422,0.118429065378477,0.196319289735558,0.0066212719391156,0.056664779397202,0.00476740734871017,1.28732715013172,0.8,2.02986172010537,0.500000160693621,0.824704051606735,0.00331063703355396,0.0948588344482778,0.800370073230888,0.00331063703355396,0.196319289735558,0.708821875816164,0.0948588344482778,0.196319289735558,UNCHANGED,"Calibrated 2019 IR is held by age, sex, cause and location; CF carries 80% of projected cause-mortality change since 2019; annual background mortality follows the WPP-scaled baseline."
IDN_NATIONAL,GBD_11,11,Indonesia,National,2048,82,Female,C_DM,Diabetes mellitus,Diabetes,667447,0.08649518,0.00634500619382204,0.0457792247594662,0.080150173806178,0.00484123604658307,0.0317614534352194,0.00363212924094183,0.746910908978762,0.8,1.59752872718301,0.500000160693621,0.824704051606735,0.00242061880124728,0.0418453469084454,0.917429207392575,0.00242061880124728,0.080150173806178,0.878004479285377,0.0418453469084454,0.080150173806178,UNCHANGED,"Calibrated 2019 IR is held by age, sex, cause and location; CF carries 80% of projected cause-mortality change since 2019; annual background mortality follows the WPP-scaled baseline."
IDN_NATIONAL,GBD_11,11,Indonesia,National,2035,90,Female,C_IS,Ischaemic stroke,CVD,76328,0.21648281,0.0243183536522755,0.131995989217427,0.192164456347725,0.0228907968295981,0.333063513072278,0.0147791928354058,0.645445317826634,0.8,1.51635625426131,0.50000001358769,0.953863781237352,0.0114453987258321,0.481742169497653,0.796390144926443,0.0114453987258321,0.192164456347725,0.326093374154623,0.481742169497653,0.192164456347725,UNCHANGED,"Calibrated 2019 IR is held by age, sex, cause and location; CF carries 80% of projected cause-mortality change since 2019; annual background mortality follows the WPP-scaled baseline."
IDN_NATIONAL,GBD_11,11,Indonesia,National,2045,95,Male,C_DM,Diabetes mellitus,Diabetes,22613,0.404419783738558,0.0193690076222718,0.25864717794983,0.385050776116286,0.0126337635887057,0.100088506122475,0.0105145106707563,0.842121638255819,0.8,1.67369731060466,0.500000009256077,0.874818940170935,0.00631688191129194,0.146547799823936,0.608632341972422,0.00631688191129194,0.385050776116286,0.468401424059778,0.146547799823936,0.385050776116286,UNCHANGED,"Calibrated 2019 IR is held by age, sex, cause and location; CF carries 80% of projected cause-mortality change since 2019; annual background mortality follows the WPP-scaled baseline."
IDN_NATIONAL,GBD_11,11,Indonesia,National,2033,28,Male,C_IS,Ischaemic stroke,CVD,2306025,0.00144524,6.18135849810554e-06,0.00124347925403875,0.00143905864150189,0.000245380409801081,0.00399348687789765,9.51874455135477e-06,-0.350611998803375,0.8,0.7195104009573,0.500000006541575,0.929903354452946,0.000122690206505715,0.00267194277360331,0.998438251151993,0.000122690206505715,0.00143905864150189,0.995888998584895,0.00267194277360331,0.00143905864150189,UNCHANGED,"Calibrated 2019 IR is held by age, sex, cause and location; CF carries 80% of projected cause-mortality change since 2019; annual background mortality follows the WPP-scaled baseline."
IDN_NATIONAL,GBD_11,11,Indonesia,National,2049,33,Male,C_DM,Diabetes mellitus,Diabetes,2308278,0.00153156,3.79437516704948e-05,0.00111780175912866,0.00149361624832951,0.00369278776225532,0.00147580880576393,4.79327464161896e-05,-0.208396044302625,0.8,0.8332831645579,0.500000009256077,0.874818940170935,0.00184639391530839,0.00107582314161954,0.996659989836362,0.00184639391530839,0.00149361624832951,0.997430560610051,0.00107582314161954,0.00149361624832951,UNCHANGED,"Calibrated 2019 IR is held by age, sex, cause and location; CF carries 80% of projected cause-mortality change since 2019; annual background mortality follows the WPP-scaled baseline."
IDN_NATIONAL,GBD_11,11,Indonesia,National,2040,59,Female,C_CMD,Cardiomyopathy and myocarditis,CVD,1863158,0.00878611,2.52655527050523e-05,0.00453013254813713,0.00876084444729495,4.75727162334961e-05,0.201835315701782,2.6589823618638e-05,-0.049803674239396,0.8,0.960157060608483,0.531154605163038,0.930350003869953,2.52684673075359e-05,0.180295879720803,0.991213887085397,2.52684673075359e-05,0.00876084444729495,0.810943275831902,0.180295879720803,0.00876084444729495,UNCHANGED,"Calibrated 2019 IR is held by age, sex, cause and location; CF carries 80% of projected cause-mortality change since 2019; annual background mortality follows the WPP-scaled baseline."
IDN_NATIONAL,GBD_11,11,Indonesia,National,2050,76,Female,C_IS,Ischaemic stroke,CVD,1172521,0.04321671,0.0044808946304802,0.0216457484686038,0.0387358153695198,0.00848266291344881,0.0972774039436689,0.00412312103410393,0.0867725185404418,0.8,1.06941801483235,0.50000001358769,0.953863781237352,0.0042413315719842,0.0992306477694222,0.957022853058496,0.0042413315719842,0.0387358153695198,0.862033536861058,0.0992306477694222,0.0387358153695198,UNCHANGED,"Calibrated 2019 IR is held by age, sex, cause and location; CF carries 80% of projected cause-mortality change since 2019; annual background mortality follows the WPP-scaled baseline."
IDN_NATIONAL,GBD_11,11,Indonesia,National,2041,57,Female,C_HHD,Hypertensive heart disease,CVD,1930767,0.00734056,0.000245860823379689,0.00377379536940157,0.00709469917662031,0.000622358327093085,0.180534838581245,0.000255594159437323,-0.038081214684487,0.8,0.96953502825241,0.636902624129894,0.928853736440594,0.000396381651674677,0.162581774266723,0.992508919171705,0.000396381651674677,0.00709469917662031,0.830323526556657,0.162581774266723,0.00709469917662031,UNCHANGED,"Calibrated 2019 IR is held by age, sex, cause and location; CF carries 80% of projected cause-mortality change since 2019; annual background mortality follows the WPP-scaled baseline."
IDN_NATIONAL,GBD_11,11,Indonesia,National,2025,67,Male,C_IS,Ischaemic stroke,CVD,863795,0.0360788,0.00222986837021058,0.0190072640418525,0.0338489316297894,0.0074013150187707,0.0470459783211582,0.00204770807556813,0.0889581365702776,0.8,1.07116650925622,0.500000006541575,0.929903354452946,0.00370065755780161,0.0468616206636423,0.962450410812409,0.00370065755780161,0.0338489316297894,0.919289447706568,0.0468616206636423,0.0338489316297894,UNCHANGED,"Calibrated 2019 IR is held by age, sex, cause and location; CF carries 80% of projected cause-mortality change since 2019; annual background mortality follows the WPP-scaled baseline."
IDN_NATIONAL,GBD_11,11,Indonesia,National,2028,59,Male,C_HHD,Hypertensive heart disease,CVD,1511267,0.01692638,0.000508278553257407,0.0087231282738385,0.0164181014467426,0.00132427152753074,0.284797927275947,0.000607017772062711,-0.162662813758776,0.8,0.869869748992979,0.677760579995556,0.862219548003387,0.000897539038570832,0.213603771690423,0.982684359514687,0.000897539038570832,0.0164181014467426,0.769978126862835,0.213603771690423,0.0164181014467426,UNCHANGED,"Calibrated 2019 IR is held by age, sex, cause and location; CF carries 80% of projected cause-mortality change since 2019; annual background mortality follows the WPP-scaled baseline."
IDN_NATIONAL,GBD_11,11,Indonesia,National,2044,80,Female,C_RHD,Rheumatic heart disease,CVD,721477,0.07249934,1.43920851948079e-05,0.0383373734075884,0.0724849479148052,4.09430249693948e-05,0.0155616432530011,3.20259601618396e-05,-0.550611906026263,0.8,0.55951047517899,0.50000000046055,0.630292412861138,2.04715125035537e-05,0.00548789452920877,0.927494580572691,2.04715125035537e-05,0.0724849479148052,0.922027157555986,0.00548789452920877,0.0724849479148052,UNCHANGED,"Calibrated 2019 IR is held by age, sex, cause and location; CF carries 80% of projected cause-mortality change since 2019; annual background mortality follows the WPP-scaled baseline."
IDN_NATIONAL,GBD_11,11,Indonesia,National,2036,47,Female,C_DM,Diabetes mellitus,Diabetes,1992899,0.00357398,0.000127073387244385,0.00209147060529614,0.00344690661275561,0.00611648611129868,0.0031096949893253,0.000177389817549652,-0.283648920779701,0.8,0.773080863376239,0.500000160693621,0.824704051606735,0.00305824403852964,0.00198262621846865,0.993494849348715,0.00305824403852964,0.00344690661275561,0.994570467168776,0.00198262621846865,0.00344690661275561,UNCHANGED,"Calibrated 2019 IR is held by age, sex, cause and location; CF carries 80% of projected cause-mortality change since 2019; annual background mortality follows the WPP-scaled baseline."
IDN_NATIONAL,GBD_11,11,Indonesia,National,2041,27,Female,C_IHD,Ischaemic heart disease,CVD,2272823,0.00089483,8.41086249079882e-05,0.000712463880924366,0.000810721375092012,0.000513011317325386,0.02495719553775,9.15425340873641e-05,-0.0812071596388332,0.8,0.935034272288933,0.500000255019161,1.00141411562457,0.000256505789490409,0.0233688327343078,0.998932772835418,0.000256505789490409,0.000810721375092012,0.9758204458906,0.0233688327343078,0.000810721375092012,UNCHANGED,"Calibrated 2019 IR is held by age, sex, cause and location; CF carries 80% of projected cause-mortality change since 2019; annual background mortality follows the WPP-scaled baseline."
IDN_NATIONAL,GBD_11,11,Indonesia,National,2027,46,Male,C_IHD,Ischaemic heart disease,CVD,2062623,0.00495151,0.000999966360669501,0.00278290250768403,0.0039515436393305,0.0033336351190183,0.0566374824483921,0.0012527692847726,-0.201795276413555,0.8,0.838563778869156,0.520670577641515,0.939102798934496,0.0017357257230653,0.0446018810349193,0.994312730637604,0.0017357257230653,0.0039515436393305,0.95144657532575,0.0446018810349193,0.0039515436393305,UNCHANGED,"Calibrated 2019 IR is held by age, sex, cause and location; CF carries 80% of projected cause-mortality change since 2019; annual background mortality follows the WPP-scaled baseline."
IDN_NATIONAL,GBD_11,11,Indonesia,National,2034,92,Male,C_RHD,Rheumatic heart disease,CVD,16903,0.30663639,7.39600639386277e-05,0.189335250287292,0.306562429936061,0.000131782769802804,0.089943263547614,5.91086811569447e-05,0.251255526108758,0.8,1.20100442088701,0.500000000000582,0.624906744590431,6.58913849014788e-05,0.0675038370587228,0.693371678679037,6.58913849014788e-05,0.306562429936061,0.625933733005216,0.0675038370587228,0.306562429936061,UNCHANGED,"Calibrated 2019 IR is held by age, sex, cause and location; CF carries 80% of projected cause-mortality change since 2019; annual background mortality follows the WPP-scaled baseline."
IDN_NATIONAL,GBD_11,11,Indonesia,National,2039,80,Male,C_HHD,Hypertensive heart disease,CVD,392319,0.10492637,0.0031396217189231,0.0594782289343065,0.101786748281077,0.00411222404762635,0.119932058728063,0.00240304257099956,0.30651939204604,0.8,1.24521551363683,0.677760579995556,0.862219548003387,0.00278710335559091,0.128764953790808,0.895426148363332,0.00278710335559091,0.101786748281077,0.769448297928116,0.128764953790808,0.101786748281077,UNCHANGED,"Calibrated 2019 IR is held by age, sex, cause and location; CF carries 80% of projected cause-mortality change since 2019; annual background mortality follows the WPP-scaled baseline."
IDN_NATIONAL,GBD_11,11,Indonesia,National,2039,55,Male,C_IHD,Ischaemic heart disease,CVD,1981050,0.01034547,0.00237377825639457,0.00506282586931121,0.00797169174360543,0.0059669493255401,0.0627274661292404,0.00270982689100952,-0.124011107768495,0.8,0.900791113785204,0.520670577641515,0.939102798934496,0.00310681495208661,0.0530633876769995,0.988921493304308,0.00310681495208661,0.00797169174360543,0.938964920579395,0.0530633876769995,0.00797169174360543,UNCHANGED,"Calibrated 2019 IR is held by age, sex, cause and location; CF carries 80% of projected cause-mortality change since 2019; annual background mortality follows the WPP-scaled baseline."
IDN_NATIONAL,GBD_11,11,Indonesia,National,2046,40,Female,C_ICH,Intracerebral haemorrhage,CVD,2196269,0.0018152,0.000221915711267261,0.00112376075964861,0.00159328428873274,0.000743197626920743,0.0898199208208279,0.00039437740582479,-0.437301153692735,0.8,0.650159077045812,0.60226208656985,0.93800091950465,0.000447599753523048,0.0547766618348139,0.997959115957744,0.000447599753523048,0.00159328428873274,0.943630053876453,0.0547766618348139,0.00159328428873274,UNCHANGED,"Calibrated 2019 IR is held by age, sex, cause and location; CF carries 80% of projected cause-mortality change since 2019; annual background mortality follows the WPP-scaled baseline."
IDN_NATIONAL,GBD_11,11,Indonesia,National,2048,76,Male,C_IHD,Ischaemic heart disease,CVD,870422,0.06610248,0.0112690407541464,0.0347544402323181,0.0548334392458536,0.0126360035524749,0.0859877679620049,0.00839294388654897,0.342680340351953,0.8,1.27414427228156,0.520670577641515,0.939102798934496,0.00657919526874733,0.102888874626693,0.938587365485399,0.00657919526874733,0.0548334392458536,0.842277686127453,0.102888874626693,0.0548334392458536,UNCHANGED,"Calibrated 2019 IR is held by age, sex, cause and location; CF carries 80% of projected cause-mortality change since 2019; annual background mortality follows the WPP-scaled baseline."
IDN_NATIONAL,GBD_11,11,Indonesia,National,2043,22,Female,C_DM,Diabetes mellitus,Diabetes,2113648,0.00073194,1.10745798062947e-05,0.000613086186306075,0.000720865420193705,0.00171916022309132,0.000955075081208034,1.23288016071661e-05,-0.101731039304126,0.8,0.918615168556699,0.500000160693621,0.824704051606735,0.000859580387803741,0.000723551177510083,0.998419554192003,0.000859580387803741,0.000720865420193705,0.998555583402296,0.000723551177510083,0.000720865420193705,UNCHANGED,"Calibrated 2019 IR is held by age, sex, cause and location; CF carries 80% of projected cause-mortality change since 2019; annual background mortality follows the WPP-scaled baseline."
IDN_NATIONAL,GBD_11,11,Indonesia,National,2026,73,Male,C_DM,Diabetes mellitus,Diabetes,502105,0.061432,0.00407514796826543,0.0323961942044938,0.0573568520317346,0.00853789780767121,0.0261935201541945,0.00326257425181799,0.249059072293804,0.8,1.19924725783504,0.500000009256077,0.874818940170935,0.00426894898286305,0.0274802562725317,0.938374198985402,0.00426894898286305,0.0573568520317346,0.915162891695734,0.0274802562725317,0.0573568520317346,UNCHANGED,"Calibrated 2019 IR is held by age, sex, cause and location; CF carries 80% of projected cause-mortality change since 2019; annual background mortality follows the WPP-scaled baseline."
IDN_NATIONAL,GBD_11,11,Indonesia,National,2043,55,Male,C_DM,Diabetes mellitus,Diabetes,1950095,0.00985701,0.000653420674694882,0.00473838851214149,0.00920358932530512,0.00802846017154628,0.00903081708417671,0.000809974191432112,-0.193282105026616,0.8,0.845374315978707,0.500000009256077,0.874818940170935,0.00401423016008519,0.00667873592642879,0.98678218051461,0.00401423016008519,0.00920358932530512,0.984117674748266,0.00667873592642879,0.00920358932530512,UNCHANGED,"Calibrated 2019 IR is held by age, sex, cause and location; CF carries 80% of projected cause-mortality change since 2019; annual background mortality follows the WPP-scaled baseline."
IDN_NATIONAL,GBD_11,11,Indonesia,National,2049,81,Female,C_IHD,Ischaemic heart disease,CVD,769279,0.07665236,0.0118784513410689,0.0405769219727696,0.0647739086589311,0.0119018927692623,0.0779975285055382,0.00756874866315521,0.569407555953521,0.8,1.45552604476282,0.500000255019161,1.00141411562457,0.00595094941984185,0.113687975085414,0.929275141921227,0.00595094941984185,0.0647739086589311,0.821538116255655,0.113687975085414,0.0647739086589311,UNCHANGED,"Calibrated 2019 IR is held by age, sex, cause and location; CF carries 80% of projected cause-mortality change since 2019; annual background mortality follows the WPP-scaled baseline."
IDN_NATIONAL,GBD_11,11,Indonesia,National,2048,25,Female,C_IS,Ischaemic stroke,CVD,2074708,0.00076054,7.94195385310447e-06,0.000591794357980896,0.000752598046146896,0.000147627611370717,0.00537643591018192,9.64861704572815e-06,-0.176881638532778,0.8,0.858494689173778,0.50000001358769,0.953863781237352,7.38138076912766e-05,0.00440269342150007,0.999173588146162,7.38138076912766e-05,0.000752598046146896,0.994844708532353,0.00440269342150007,0.000752598046146896,UNCHANGED,"Calibrated 2019 IR is held by age, sex, cause and location; CF carries 80% of projected cause-mortality change since 2019; annual background mortality follows the WPP-scaled baseline."
IDN_NATIONAL,GBD_11,11,Indonesia,National,2042,24,Male,C_RHD,Rheumatic heart disease,CVD,2249520,0.00132718,6.27544006119506e-06,0.00120959162725541,0.00132090455993881,0.000231654144936598,0.0028135666566483,1.37809069327998e-05,-0.544627934010718,0.8,0.564297652791425,0.500000000000582,0.624906744590431,0.000115827072468434,0.000992157602105696,0.998563268367593,0.000115827072468434,0.00132090455993881,0.997686937837955,0.000992157602105696,0.00132090455993881,UNCHANGED,"Calibrated 2019 IR is held by age, sex, cause and location; CF carries 80% of projected cause-mortality change since 2019; annual background mortality follows the WPP-scaled baseline."
IDN_NATIONAL,GBD_11,11,Indonesia,National,2049,62,Male,C_CMD,Cardiomyopathy and myocarditis,CVD,1750192,0.01761932,5.36225507659723e-05,0.00852364930155363,0.017565697449234,0.00013179304231002,0.250445512500832,7.44901555527382e-05,-0.280139095319674,0.8,0.775888723744261,0.584103771403263,0.854319654386053,7.69808130579924e-05,0.166009557651474,0.982357321737708,7.69808130579924e-05,0.017565697449234,0.816424744899292,0.166009557651474,0.017565697449234,UNCHANGED,"Calibrated 2019 IR is held by age, sex, cause and location; CF carries 80% of projected cause-mortality change since 2019; annual background mortality follows the WPP-scaled baseline."
IDN_NATIONAL,GBD_11,11,Indonesia,National,2029,65,Male,C_DM,Diabetes mellitus,Diabetes,1150776,0.02935054,0.0021376545319096,0.0153665097393251,0.0272128854680904,0.00927985368939139,0.0168743698098836,0.00193032956117573,0.107403924647762,0.8,1.08592313971821,0.500000009256077,0.874818940170935,0.00463992693059074,0.016030417275177,0.968147187601319,0.00463992693059074,0.0272128854680904,0.956756697256733,0.016030417275177,0.0272128854680904,UNCHANGED,"Calibrated 2019 IR is held by age, sex, cause and location; CF carries 80% of projected cause-mortality change since 2019; annual background mortality follows the WPP-scaled baseline."
IDN_NATIONAL,GBD_11,11,Indonesia,National,2032,67,Male,C_IS,Ischaemic stroke,CVD,1117605,0.03421241,0.00211606153217056,0.0178287868133079,0.0320963484678294,0.0074013150187707,0.0470459783211582,0.00204770807556813,0.0333804693246966,0.8,1.02670437545976,0.500000006541575,0.929903354452946,0.00370065755780161,0.0449164817614628,0.964202993974369,0.00370065755780161,0.0320963484678294,0.922987169770708,0.0449164817614628,0.0320963484678294,UNCHANGED,"Calibrated 2019 IR is held by age, sex, cause and location; CF carries 80% of projected cause-mortality change since 2019; annual background mortality follows the WPP-scaled baseline."
IDN_NATIONAL,GBD_11,11,Indonesia,National,2031,68,Female,C_HHD,Hypertensive heart disease,CVD,1163613,0.02318447,0.000859660222020046,0.0113791189324944,0.02232480977798,0.00197683084301768,0.0807939532586337,0.000712891890641896,0.205877403439107,0.8,1.16470192275129,0.636902624129894,0.928853736440594,0.00125904875137887,0.0874059472162252,0.976416141470641,0.00125904875137887,0.02232480977798,0.890269243005795,0.0874059472162252,0.02232480977798,UNCHANGED,"Calibrated 2019 IR is held by age, sex, cause and location; CF carries 80% of projected cause-mortality change since 2019; annual background mortality follows the WPP-scaled baseline."
IDN_NATIONAL,GBD_11,11,Indonesia,National,2036,21,Female,C_RHD,Rheumatic heart disease,CVD,2261254,0.00078421,1.15752315796197e-05,0.00066890789080144,0.00077263476842038,0.00041983266945219,0.00393763011017389,2.18945679529921e-05,-0.471319479586358,0.8,0.622944416330914,0.50000000046055,0.630292412861138,0.000209916334919449,0.00154605982187383,0.99901744889666,0.000209916334919449,0.00077263476842038,0.997681305409706,0.00154605982187383,0.00077263476842038,UNCHANGED,"Calibrated 2019 IR is held by age, sex, cause and location; CF carries 80% of projected cause-mortality change since 2019; annual background mortality follows the WPP-scaled baseline."
IDN_NATIONAL,GBD_11,11,Indonesia,National,2041,81,Female,C_CMD,Cardiomyopathy and myocarditis,CVD,568947,0.08370885,0.000363835206418051,0.0442256127485668,0.083345014793582,0.000712939088651995,0.140902294781779,0.000224520100747014,0.62050170656219,0.8,1.49640136524975,0.531154605163038,0.930350003869953,0.000378680880138247,0.196160936289961,0.91627630432628,0.000378680880138247,0.083345014793582,0.720494048916457,0.196160936289961,0.083345014793582,UNCHANGED,"Calibrated 2019 IR is held by age, sex, cause and location; CF carries 80% of projected cause-mortality change since 2019; annual background mortality follows the WPP-scaled baseline."
IDN_NATIONAL,GBD_11,11,Indonesia,National,2038,65,Male,C_IHD,Ischaemic heart disease,CVD,1431072,0.0267092,0.00487602169950802,0.013791738013043,0.021833178300492,0.00867697456079083,0.0640794434637588,0.00476888379815568,0.0224660331194844,0.8,1.01797282649559,0.520670577641515,0.939102798934496,0.00451784535674769,0.0612587388107841,0.97364897634276,0.00451784535674769,0.021833178300492,0.916908082888724,0.0612587388107841,0.021833178300492,UNCHANGED,"Calibrated 2019 IR is held by age, sex, cause and location; CF carries 80% of projected cause-mortality change since 2019; annual background mortality follows the WPP-scaled baseline."
IDN_NATIONAL,GBD_11,11,Indonesia,National,2030,28,Female,C_DM,Diabetes mellitus,Diabetes,2115606,0.00106439,1.68987326445393e-05,0.000880777083900029,0.00104749126735546,0.0022876597981901,0.00092772218209623,1.87515931078505e-05,-0.0988108291735206,0.8,0.920951336661184,0.500000160693621,0.824704051606735,0.00114383026670739,0.000704616407057658,0.997808678465937,0.00114383026670739,0.00104749126735546,0.998247892325587,0.000704616407057658,0.00104749126735546,UNCHANGED,"Calibrated 2019 IR is held by age, sex, cause and location; CF carries 80% of projected cause-mortality change since 2019; annual background mortality follows the WPP-scaled baseline."
IDN_NATIONAL,GBD_11,11,Indonesia,National,2050,89,Male,C_HHD,Hypertensive heart disease,CVD,107859,0.22085659,0.00595516919407143,0.130989263522961,0.214901420805929,0.00566928160872974,0.16491501878052,0.00373574023900721,0.594106873890687,0.8,1.47528549911255,0.677760579995556,0.862219548003387,0.00384241559129081,0.209775201565946,0.781256163602781,0.00384241559129081,0.214901420805929,0.575323377628125,0.209775201565946,0.214901420805929,UNCHANGED,"Calibrated 2019 IR is held by age, sex, cause and location; CF carries 80% of projected cause-mortality change since 2019; annual background mortality follows the WPP-scaled baseline."
IDN_NATIONAL,GBD_11,11,Indonesia,National,2033,34,Male,C_RHD,Rheumatic heart disease,CVD,2216907,0.00180385,9.77218289554063e-06,0.00138713068529027,0.00179407781710446,1.75104251521141e-05,0.0023332842396925,1.50308969131691e-05,-0.349860294299613,0.8,0.72011176456031,0.500000000000582,0.624906744590431,8.75521257606723e-06,0.00104998420430534,0.998197166970319,8.75521257606723e-06,0.00179407781710446,0.99715593797859,0.00104998420430534,0.00179407781710446,UNCHANGED,"Calibrated 2019 IR is held by age, sex, cause and location; CF carries 80% of projected cause-mortality change since 2019; annual background mortality follows the WPP-scaled baseline."
IDN_NATIONAL,GBD_11,11,Indonesia,National,2025,22,Female,C_IS,Ischaemic stroke,CVD,2135367,0.0009832,5.85758632886055e-06,0.000864424035063591,0.000977342413671139,0.000121518461263053,0.0049382161460864,8.06381820519809e-06,-0.2735964304001,0.8,0.78112285567992,0.50000001358769,0.953863781237352,6.07592322826817e-05,0.0036793897931673,0.998961898354046,6.07592322826817e-05,0.000977342413671139,0.995343267793162,0.0036793897931673,0.000977342413671139,UNCHANGED,"Calibrated 2019 IR is held by age, sex, cause and location; CF carries 80% of projected cause-mortality change since 2019; annual background mortality follows the WPP-scaled baseline."
IDN_NATIONAL,GBD_11,11,Indonesia,National,2044,64,Male,C_IHD,Ischaemic heart disease,CVD,1653778,0.02265465,0.0047862970719144,0.0110862905359358,0.0178683529280856,0.00842374665153759,0.0636378314090604,0.00463292307906653,0.0331052318871596,0.8,1.02648418550973,0.520670577641515,0.939102798934496,0.00438599703496186,0.0613452258196903,0.977745650036952,0.00438599703496186,0.0178683529280856,0.920786421252224,0.0613452258196903,0.0178683529280856,UNCHANGED,"Calibrated 2019 IR is held by age, sex, cause and location; CF carries 80% of projected cause-mortality change since 2019; annual background mortality follows the WPP-scaled baseline."
IDN_NATIONAL,GBD_11,11,Indonesia,National,2027,35,Female,C_IS,Ischaemic stroke,CVD,2044347,0.0016553,2.38258345940253e-05,0.00120243512706521,0.00163147416540597,0.000320591754242008,0.00937673556476589,2.86860004602274e-05,-0.169426402713083,0.8,0.864458877829533,0.50000001358769,0.953863781237352,0.000160295881477105,0.00773183123567667,0.998208229953117,0.000160295881477105,0.00163147416540597,0.990636694598917,0.00773183123567667,0.00163147416540597,UNCHANGED,"Calibrated 2019 IR is held by age, sex, cause and location; CF carries 80% of projected cause-mortality change since 2019; annual background mortality follows the WPP-scaled baseline."
IDN_NATIONAL,GBD_11,11,Indonesia,National,2041,67,Male,C_HHD,Hypertensive heart disease,CVD,1360388,0.03090784,0.000886616018482015,0.0158885319081889,0.030021223981518,0.00242521382869051,0.120962336907727,0.000977655877363967,-0.0931205560052697,0.8,0.925503555195784,0.677760579995556,0.862219548003387,0.00164371433114652,0.0965264034337144,0.968335061687335,0.00164371433114652,0.030021223981518,0.873452372584768,0.0965264034337144,0.030021223981518,UNCHANGED,"Calibrated 2019 IR is held by age, sex, cause and location; CF carries 80% of projected cause-mortality change since 2019; annual background mortality follows the WPP-scaled baseline."
IDN_NATIONAL,GBD_11,11,Indonesia,National,2031,71,Female,C_HHD,Hypertensive heart disease,CVD,968718,0.0317086,0.00134922023595421,0.0152744046445376,0.0303593797640458,0.0021582643742346,0.079376406278174,0.000985447557073281,0.369144635115147,0.8,1.29531570809212,0.636902624129894,0.928853736440594,0.00137460424351608,0.0955024245304523,0.968266015992438,0.00137460424351608,0.0303593797640458,0.874138195705502,0.0955024245304523,0.0303593797640458,UNCHANGED,"Calibrated 2019 IR is held by age, sex, cause and location; CF carries 80% of projected cause-mortality change since 2019; annual background mortality follows the WPP-scaled baseline."
IDN_NATIONAL,GBD_11,11,Indonesia,National,2041,87,Female,C_HHD,Hypertensive heart disease,CVD,203662,0.15607875,0.00710516431622543,0.0902396356950563,0.148973585683775,0.00557223215069271,0.116386807081462,0.00334015498810351,1.12719599585397,0.8,1.90175679668317,0.636902624129894,0.928853736440594,0.00354896927903715,0.205591930022525,0.847477445037188,0.00354896927903715,0.148973585683775,0.6454344842937,0.205591930022525,0.148973585683775,UNCHANGED,"Calibrated 2019 IR is held by age, sex, cause and location; CF carries 80% of projected cause-mortality change since 2019; annual background mortality follows the WPP-scaled baseline."
IDN_NATIONAL,GBD_11,11,Indonesia,National,2037,23,Female,C_IHD,Ischaemic heart disease,CVD,2284061,0.00079575,5.33063430357891e-05,0.000676949951598305,0.000742443656964211,0.000431645457424327,0.0261048454681155,6.97459311868028e-05,-0.235706769861356,0.8,0.811434584110915,0.500000255019161,1.00141411562457,0.000215822838790026,0.0212123287523408,0.999041733504246,0.000215822838790026,0.000742443656964211,0.978045227590695,0.0212123287523408,0.000742443656964211,UNCHANGED,"Calibrated 2019 IR is held by age, sex, cause and location; CF carries 80% of projected cause-mortality change since 2019; annual background mortality follows the WPP-scaled baseline."
IDN_NATIONAL,GBD_11,11,Indonesia,National,2031,39,Female,C_DM,Diabetes mellitus,Diabetes,2031600,0.00203709,4.50338362081123e-05,0.00145781921976751,0.00199205616379189,0.00420057975934632,0.00174445467165889,6.7934912844481e-05,-0.337103201836656,0.8,0.730317438530675,0.500000160693621,0.824704051606735,0.00210029055467953,0.00105067763570672,0.995907653281529,0.00210029055467953,0.00199205616379189,0.996957266200501,0.00105067763570672,0.00199205616379189,UNCHANGED,"Calibrated 2019 IR is held by age, sex, cause and location; CF carries 80% of projected cause-mortality change since 2019; annual background mortality follows the WPP-scaled baseline."
IDN_NATIONAL,GBD_11,11,Indonesia,National,2029,53,Female,C_IS,Ischaemic stroke,CVD,1824888,0.00633093,0.000199949428757782,0.00352948717217083,0.00613098057124222,0.00152863317887638,0.0213147333319278,0.000252484445928842,-0.208072291256573,0.8,0.833542166994742,0.50000001358769,0.953863781237352,0.000764316610208785,0.0169470393140891,0.993104702818549,0.000764316610208785,0.00613098057124222,0.976921980114669,0.0169470393140891,0.00613098057124222,UNCHANGED,"Calibrated 2019 IR is held by age, sex, cause and location; CF carries 80% of projected cause-mortality change since 2019; annual background mortality follows the WPP-scaled baseline."
IDN_NATIONAL,GBD_11,11,Indonesia,National,2043,92,Male,C_IHD,Ischaemic heart disease,CVD,25136,0.29345866,0.0492182275593867,0.182242111365801,0.244240432440613,0.0488657301986547,0.273767648824356,0.0254073327019511,0.937166255771787,0.8,1.74973300461743,0.520670577641515,0.939102798934496,0.025442947969408,0.449849295784566,0.730316619589979,0.025442947969408,0.244240432440613,0.305910271774821,0.449849295784566,0.244240432440613,UNCHANGED,"Calibrated 2019 IR is held by age, sex, cause and location; CF carries 80% of projected cause-mortality change since 2019; annual background mortality follows the WPP-scaled baseline."
IDN_NATIONAL,GBD_11,11,Indonesia,National,2050,95,Female,C_DM,Diabetes mellitus,Diabetes,104715,0.346023211454424,0.0133121227914042,0.224786246415787,0.33271108866302,0.00763429646141546,0.0728453206806864,0.0066205594512775,1.01072475662695,0.8,1.80857980530156,0.500000160693621,0.824704051606735,0.00381714945749047,0.108651934924936,0.66347176187949,0.00381714945749047,0.33271108866302,0.558636976412045,0.108651934924936,0.33271108866302,UNCHANGED,"Calibrated 2019 IR is held by age, sex, cause and location; CF carries 80% of projected cause-mortality change since 2019; annual background mortality follows the WPP-scaled baseline."
IDN_NATIONAL,GBD_11,11,Indonesia,National,2050,33,Male,C_CMD,Cardiomyopathy and myocarditis,CVD,2257705,0.00151897,1.2197902461746e-05,0.00110526811319899,0.00150677209753825,2.33664548105747e-05,0.0890178429282678,1.46860486993919e-05,-0.169422442249483,0.8,0.864462046200413,0.584103771403263,0.854319654386053,1.36484343791806e-05,0.0657420730548376,0.998479579468082,1.36484343791806e-05,0.00150677209753825,0.932751154847624,0.0657420730548376,0.00150677209753825,UNCHANGED,"Calibrated 2019 IR is held by age, sex, cause and location; CF carries 80% of projected cause-mortality change since 2019; annual background mortality follows the WPP-scaled baseline."
IDN_NATIONAL,GBD_11,11,Indonesia,National,2043,86,Male,C_CMD,Cardiomyopathy and myocarditis,CVD,154277,0.17719651,0.000790923322681038,0.104905544806503,0.176405586677319,0.00115254474068065,0.174670551861374,0.000518045845712982,0.526743876485482,0.8,1.42139510118839,0.584103771403263,0.854319654386053,0.000673205729742561,0.212106952663689,0.822921207592938,0.000673205729742561,0.176405586677319,0.611487460658992,0.212106952663689,0.176405586677319,UNCHANGED,"Calibrated 2019 IR is held by age, sex, cause and location; CF carries 80% of projected cause-mortality change since 2019; annual background mortality follows the WPP-scaled baseline."
IDN_NATIONAL,GBD_11,11,Indonesia,National,2034,71,Female,C_IHD,Ischaemic heart disease,CVD,1074430,0.03056004,0.00488620672203884,0.0146337900036461,0.0256738332779612,0.00788756689642399,0.0526704211273783,0.00396827636565288,0.231317144221868,0.8,1.18505371537749,0.500000255019161,1.00141411562457,0.00394378545969269,0.0625055434959096,0.970382381262346,0.00394378545969269,0.0256738332779612,0.911820623226129,0.0625055434959096,0.0256738332779612,UNCHANGED,"Calibrated 2019 IR is held by age, sex, cause and location; CF carries 80% of projected cause-mortality change since 2019; annual background mortality follows the WPP-scaled baseline."
IDN_NATIONAL,GBD_11,11,Indonesia,National,2029,71,Male,C_DM,Diabetes mellitus,Diabetes,728390,0.05024496,0.00346737634026758,0.0264841186728616,0.0467775836597324,0.00884001421217951,0.0234565033200465,0.00290402817561837,0.19398853267987,0.8,1.1551908261439,0.500000009256077,0.874818940170935,0.00442000718791361,0.0237047391369894,0.948802409152354,0.00442000718791361,0.0467775836597324,0.929517677203278,0.0237047391369894,0.0467775836597324,UNCHANGED,"Calibrated 2019 IR is held by age, sex, cause and location; CF carries 80% of projected cause-mortality change since 2019; annual background mortality follows the WPP-scaled baseline."
IDN_NATIONAL,GBD_11,11,Indonesia,National,2029,88,Female,C_CMD,Cardiomyopathy and myocarditis,CVD,102533,0.18838787,0.00108955444487063,0.107780793766421,0.187298315555129,0.00161638511155828,0.161215082027742,0.000607996138166124,0.792041719470479,0.8,1.63363337557638,0.531154605163038,0.930350003869953,0.00085855039572115,0.245022874179269,0.811843134049149,0.00085855039572115,0.187298315555129,0.567678810265601,0.245022874179269,0.187298315555129,UNCHANGED,"Calibrated 2019 IR is held by age, sex, cause and location; CF carries 80% of projected cause-mortality change since 2019; annual background mortality follows the WPP-scaled baseline."
IDN_NATIONAL,GBD_11,11,Indonesia,National,2026,57,Male,C_ICH,Intracerebral haemorrhage,CVD,1558760,0.0142564,0.00214979329685829,0.00741880038360698,0.0121066067031417,0.00331565594338939,0.34539686263867,0.00251113634628472,-0.14389622847881,0.8,0.884883017216952,0.619800257687136,0.936190723053988,0.00205504440811463,0.286133417396848,0.985838348888744,0.00205504440811463,0.0121066067031417,0.70175997590001,0.286133417396848,0.0121066067031417,UNCHANGED,"Calibrated 2019 IR is held by age, sex, cause and location; CF carries 80% of projected cause-mortality change since 2019; annual background mortality follows the WPP-scaled baseline."
IDN_NATIONAL,GBD_11,11,Indonesia,National,2042,32,Male,C_RHD,Rheumatic heart disease,CVD,2394269,0.00154925,7.12357721792636e-06,0.0011559294126803,0.00154212642278207,1.76138661664325e-05,0.00234889049401002,1.49837543819017e-05,-0.524579952636527,0.8,0.580336037890778,0.500000000000582,0.624906744590431,8.80693308322647e-06,0.000851839005988043,0.998449066644135,8.80693308322647e-06,0.00154212642278207,0.99760603457123,0.000851839005988043,0.00154212642278207,UNCHANGED,"Calibrated 2019 IR is held by age, sex, cause and location; CF carries 80% of projected cause-mortality change since 2019; annual background mortality follows the WPP-scaled baseline."
IDN_NATIONAL,GBD_11,11,Indonesia,National,2025,25,Female,C_HHD,Hypertensive heart disease,CVD,2117653,0.00104812,4.45054390836946e-06,0.000883208436803971,0.00104366945609163,1.54713865704117e-05,0.0475929633715522,4.20113932117813e-06,0.0593659405519047,0.8,1.04749275244152,0.636902624129894,0.928853736440594,9.85376670562319e-06,0.0463064093019978,0.998946476777203,9.85376670562319e-06,0.00104366945609163,0.952649921241911,0.0463064093019978,0.00104366945609163,UNCHANGED,"Calibrated 2019 IR is held by age, sex, cause and location; CF carries 80% of projected cause-mortality change since 2019; annual background mortality follows the WPP-scaled baseline."
IDN_NATIONAL,GBD_11,11,Indonesia,National,2034,66,Female,C_IS,Ischaemic stroke,CVD,1397255,0.01822041,0.00115179566974968,0.00887732200088807,0.0170686143302503,0.00440024156529735,0.0491842625449849,0.00115719182210722,-0.00466314422073255,0.8,0.996269484623414,0.50000001358769,0.953863781237352,0.00220012084243779,0.0467400691963937,0.980731264827312,0.00220012084243779,0.0170686143302503,0.936191316473356,0.0467400691963937,0.0170686143302503,UNCHANGED,"Calibrated 2019 IR is held by age, sex, cause and location; CF carries 80% of projected cause-mortality change since 2019; annual background mortality follows the WPP-scaled baseline."
IDN_NATIONAL,GBD_11,11,Indonesia,National,2033,77,Male,C_IHD,Ischaemic heart disease,CVD,445347,0.08440301,0.0138355533267465,0.0448816887775556,0.0705674566732535,0.0130991740719118,0.0890276117865284,0.00870960535954447,0.588539635907235,0.8,1.47083170872579,0.520670577641515,0.939102798934496,0.00682035453064907,0.122970472640214,0.922612188796097,0.00682035453064907,0.0705674566732535,0.806462070686533,0.122970472640214,0.0705674566732535,UNCHANGED,"Calibrated 2019 IR is held by age, sex, cause and location; CF carries 80% of projected cause-mortality change since 2019; annual background mortality follows the WPP-scaled baseline."
IDN_NATIONAL,GBD_11,11,Indonesia,National,2029,59,Male,C_HHD,Hypertensive heart disease,CVD,1538584,0.01679858,0.000502998586522443,0.00861558674502001,0.0162955814134776,0.00132427152753074,0.284797927275947,0.000607017772062711,-0.171361021583931,0.8,0.862911182732855,0.677760579995556,0.862219548003387,0.000897539038570832,0.211895037709915,0.982806879547952,0.000897539038570832,0.0162955814134776,0.771809380876608,0.211895037709915,0.0162955814134776,UNCHANGED,"Calibrated 2019 IR is held by age, sex, cause and location; CF carries 80% of projected cause-mortality change since 2019; annual background mortality follows the WPP-scaled baseline."
IDN_NATIONAL,GBD_11,11,Indonesia,National,2029,26,Male,C_HHD,Hypertensive heart disease,CVD,2226665,0.00146927,4.7632607501213e-06,0.00127391025607406,0.00146450673924988,1.737351875112e-05,0.0690218212880478,5.07575183768316e-06,-0.0615654778946991,0.8,0.950747617684241,0.677760579995556,0.862219548003387,1.17750861453228e-05,0.0565808575720599,0.998523718174605,1.17750861453228e-05,0.00146450673924988,0.94195463568869,0.0565808575720599,0.00146450673924988,UNCHANGED,"Calibrated 2019 IR is held by age, sex, cause and location; CF carries 80% of projected cause-mortality change since 2019; annual background mortality follows the WPP-scaled baseline."
IDN_NATIONAL,GBD_11,11,Indonesia,National,2049,64,Female,C_IS,Ischaemic stroke,CVD,1767936,0.01207529,0.000720200854586798,0.00578110013469835,0.0113550891454132,0.00376578079515696,0.0426976714702114,0.000996868515836307,-0.277536763228401,0.8,0.777970589417279,0.50000001358769,0.953863781237352,0.00188289044874674,0.0316850012877716,0.98676202040584,0.00188289044874674,0.0113550891454132,0.956959909566815,0.0316850012877716,0.0113550891454132,UNCHANGED,"Calibrated 2019 IR is held by age, sex, cause and location; CF carries 80% of projected cause-mortality change since 2019; annual background mortality follows the WPP-scaled baseline."
IDN_NATIONAL,GBD_11,11,Indonesia,National,2027,55,Female,C_ICH,Intracerebral haemorrhage,CVD,1707099,0.00760173,0.00130742085988839,0.00407705895619697,0.00629430914011161,0.00201348562544192,0.201309045908107,0.0015465839445212,-0.154639575485088,0.8,0.87628833961193,0.60226208656985,0.93800091950465,0.00121264605405705,0.165467836078247,0.992493044805831,0.00121264605405705,0.00629430914011161,0.828237854781641,0.165467836078247,0.00629430914011161,UNCHANGED,"Calibrated 2019 IR is held by age, sex, cause and location; CF carries 80% of projected cause-mortality change since 2019; annual background mortality follows the WPP-scaled baseline."
IDN_NATIONAL,GBD_11,11,Indonesia,National,2039,94,Male,C_ICH,Intracerebral haemorrhage,CVD,9627,0.34665241,0.0138897018925268,0.214774555183157,0.332762708107473,0.0139409918455719,0.9,0.0112684770735514,0.232615712120295,0.8,1.18609256969624,0.619800257687136,0.936190723053988,0.00864063033829975,0.662237291892527,0.658596661554227,0.00864063033829975,0.332762708107473,0.00500000000000006,0.662237291892527,0.332762708107473,DISEASE_TRANSITION_CAPPED,"Calibrated 2019 IR is held by age, sex, cause and location; CF carries 80% of projected cause-mortality change since 2019; annual background mortality follows the WPP-scaled baseline."
IDN_NATIONAL,GBD_11,11,Indonesia,National,2036,95,Male,C_RHD,Rheumatic heart disease,CVD,15726,0.416263443197253,0.000167627910059831,0.26386670713345,0.416095815287193,0.000131782769802804,0.089943263547614,0.000171608813703144,-0.0231975477098673,0.8,0.981441961832106,0.500000000000582,0.624906744590431,6.58913849014788e-05,0.0551630761068954,0.583838293327905,6.58913849014788e-05,0.416095815287193,0.528741108605912,0.0551630761068954,0.416095815287193,UNCHANGED,"Calibrated 2019 IR is held by age, sex, cause and location; CF carries 80% of projected cause-mortality change since 2019; annual background mortality follows the WPP-scaled baseline."
IDN_NATIONAL,GBD_11,11,Indonesia,National,2042,47,Female,C_IS,Ischaemic stroke,CVD,2062806,0.00328812,8.90182320583273e-05,0.00189222876830184,0.00319910176794167,0.000939994907036563,0.0181785599343195,0.000135526387440061,-0.343166790321943,0.8,0.725466567742445,0.50000001358769,0.953863781237352,0.000469997466290641,0.0125794959133511,0.996330900765768,0.000469997466290641,0.00319910176794167,0.984221402318707,0.0125794959133511,0.00319910176794167,UNCHANGED,"Calibrated 2019 IR is held by age, sex, cause and location; CF carries 80% of projected cause-mortality change since 2019; annual background mortality follows the WPP-scaled baseline."
IDN_NATIONAL,GBD_11,11,Indonesia,National,2035,21,Female,C_HHD,Hypertensive heart disease,CVD,2296183,0.00079308,2.21596463203987e-06,0.000678286342057079,0.00079086403536796,1.12722058903454e-05,0.0375942413324697,2.64552949103984e-06,-0.162373868994794,0.8,0.870100904804165,0.636902624129894,0.928853736440594,7.17929751129346e-06,0.0303835333818818,0.999201956667121,7.17929751129346e-06,0.00079086403536796,0.96882560258275,0.0303835333818818,0.00079086403536796,UNCHANGED,"Calibrated 2019 IR is held by age, sex, cause and location; CF carries 80% of projected cause-mortality change since 2019; annual background mortality follows the WPP-scaled baseline."
IDN_NATIONAL,GBD_11,11,Indonesia,National,2030,40,Female,C_DM,Diabetes mellitus,Diabetes,2014154,0.00222062,5.88522517056516e-05,0.00144474801991144,0.00216176774829435,0.00442594534288834,0.00189049164400806,7.86570954741382e-05,-0.251787122943007,0.8,0.798570301645595,0.500000160693621,0.824704051606735,0.00221297338266535,0.00124504785751894,0.99562525886904,0.00221297338266535,0.00216176774829435,0.996593184394187,0.00124504785751894,0.00216176774829435,UNCHANGED,"Calibrated 2019 IR is held by age, sex, cause and location; CF carries 80% of projected cause-mortality change since 2019; annual background mortality follows the WPP-scaled baseline."
IDN_NATIONAL,GBD_11,11,Indonesia,National,2042,72,Female,C_IS,Ischaemic stroke,CVD,1266445,0.03061711,0.00347559775981048,0.0144368030433045,0.0271415122401895,0.00704401577473591,0.076765406853555,0.00338366806186826,0.0271686513751785,0.8,1.02173492110014,0.50000001358769,0.953863781237352,0.00352200798307985,0.0748152534882721,0.969336479776731,0.00352200798307985,0.0271415122401895,0.898043234271538,0.0748152534882721,0.0271415122401895,UNCHANGED,"Calibrated 2019 IR is held by age, sex, cause and location; CF carries 80% of projected cause-mortality change since 2019; annual background mortality follows the WPP-scaled baseline."
IDN_NATIONAL,GBD_11,11,Indonesia,National,2031,83,Female,C_ICH,Intracerebral haemorrhage,CVD,249427,0.11431452,0.00898107003138718,0.0601143947294869,0.105333449968613,0.00748997951309779,0.494170458219746,0.00569102426606234,0.578111357729501,0.8,1.4624890861836,0.60226208656985,0.93800091950465,0.00451093068992371,0.677910994488753,0.890155619341464,0.00451093068992371,0.105333449968613,0.216755555542634,0.677910994488753,0.105333449968613,UNCHANGED,"Calibrated 2019 IR is held by age, sex, cause and location; CF carries 80% of projected cause-mortality change since 2019; annual background mortality follows the WPP-scaled baseline."
IDN_NATIONAL,GBD_11,11,Indonesia,National,2025,59,Female,C_CMD,Cardiomyopathy and myocarditis,CVD,1475305,0.01074756,2.751524842332e-05,0.0058002873922609,0.0107200447515767,4.75727162334961e-05,0.201835315701782,2.6589823618638e-05,0.0348037210759591,0.8,1.02784297686077,0.531154605163038,0.930350003869953,2.52684673075359e-05,0.193005770962639,0.989254686781116,2.52684673075359e-05,0.0107200447515767,0.796274184285785,0.193005770962639,0.0107200447515767,UNCHANGED,"Calibrated 2019 IR is held by age, sex, cause and location; CF carries 80% of projected cause-mortality change since 2019; annual background mortality follows the WPP-scaled baseline."
IDN_NATIONAL,GBD_11,11,Indonesia,National,2037,51,Male,C_HHD,Hypertensive heart disease,CVD,1973497,0.00727372,0.00021188861911074,0.00357687620121437,0.00706183138088926,0.000422395602799815,0.272277041466317,0.000299335931101601,-0.292137705183076,0.8,0.766289835853539,0.677760579995556,0.862219548003387,0.000286283088741175,0.17989618473555,0.99265188553037,0.000286283088741175,0.00706183138088926,0.813041983883561,0.17989618473555,0.00706183138088926,UNCHANGED,"Calibrated 2019 IR is held by age, sex, cause and location; CF carries 80% of projected cause-mortality change since 2019; annual background mortality follows the WPP-scaled baseline."
IDN_NATIONAL,GBD_11,11,Indonesia,National,2030,64,Female,C_CMD,Cardiomyopathy and myocarditis,CVD,1382378,0.01582718,3.73424699044372e-05,0.00798947803590763,0.0157898375300956,7.58896310675448e-05,0.161888723346868,3.39946337569092e-05,0.098481312417364,0.8,1.07878504993389,0.531154605163038,0.930350003869953,4.03091270256504e-05,0.162479240857456,0.984169853342879,4.03091270256504e-05,0.0157898375300956,0.821730921612448,0.162479240857456,0.0157898375300956,UNCHANGED,"Calibrated 2019 IR is held by age, sex, cause and location; CF carries 80% of projected cause-mortality change since 2019; annual background mortality follows the WPP-scaled baseline."
IDN_NATIONAL,GBD_11,11,Indonesia,National,2030,37,Male,C_HHD,Hypertensive heart disease,CVD,2156756,0.00224306,2.71070826368587e-05,0.00157178545194813,0.00221595291736314,9.26656027465234e-05,0.133313778052499,3.19273126366029e-05,-0.150975124483797,0.8,0.879219900412963,0.677760579995556,0.862219548003387,6.28050926631215e-05,0.101062586871882,0.997721241989974,6.28050926631215e-05,0.00221595291736314,0.896721460210755,0.101062586871882,0.00221595291736314,UNCHANGED,"Calibrated 2019 IR is held by age, sex, cause and location; CF carries 80% of projected cause-mortality change since 2019; annual background mortality follows the WPP-scaled baseline."
IDN_NATIONAL,GBD_11,11,Indonesia,National,2026,22,Male,C_DM,Diabetes mellitus,Diabetes,2271117,0.00156125,1.55974130729197e-05,0.00143822612696325,0.00154565258692708,0.00219316737709961,0.00106425843112881,1.33662901873264e-05,0.166921625546386,0.8,1.13353730043711,0.500000009256077,0.874818940170935,0.00109658370884993,0.0010553611240193,0.997357763704223,0.00109658370884993,0.00154565258692708,0.997398986289054,0.0010553611240193,0.00154565258692708,UNCHANGED,"Calibrated 2019 IR is held by age, sex, cause and location; CF carries 80% of projected cause-mortality change since 2019; annual background mortality follows the WPP-scaled baseline."
IDN_NATIONAL,GBD_11,11,Indonesia,National,2029,80,Male,C_HHD,Hypertensive heart disease,CVD,213219,0.11354026,0.00364711493081817,0.0638840198233753,0.109893145069182,0.00411222404762635,0.119932058728063,0.00240304257099956,0.51770716625346,0.8,1.41416573300277,0.677760579995556,0.862219548003387,0.00278710335559091,0.146235718450704,0.887319751575227,0.00278710335559091,0.109893145069182,0.743871136480114,0.146235718450704,0.109893145069182,UNCHANGED,"Calibrated 2019 IR is held by age, sex, cause and location; CF carries 80% of projected cause-mortality change since 2019; annual background mortality follows the WPP-scaled baseline."
IDN_NATIONAL,GBD_11,11,Indonesia,National,2034,56,Male,C_DM,Diabetes mellitus,Diabetes,1834361,0.0120055,0.00075279385482527,0.00601253736154626,0.0112527061451747,0.00822866544464765,0.00958934263356703,0.000879850064170935,-0.144406660315911,0.8,0.884474671747271,0.500000009256077,0.874818940170935,0.00411433279848899,0.00741980367883949,0.984632961056336,0.00411433279848899,0.0112527061451747,0.981327490175986,0.00741980367883949,0.0112527061451747,UNCHANGED,"Calibrated 2019 IR is held by age, sex, cause and location; CF carries 80% of projected cause-mortality change since 2019; annual background mortality follows the WPP-scaled baseline."
IDN_NATIONAL,GBD_11,11,Indonesia,National,2041,85,Male,C_DM,Diabetes mellitus,Diabetes,172162,0.16403998,0.0107594581611172,0.0970549635542232,0.153280521838883,0.0086374316262959,0.0562042136200209,0.00568485426901586,0.892653294519698,0.8,1.71412263561576,0.500000009256077,0.874818940170935,0.00431871589309668,0.084280856965616,0.842400762268021,0.00431871589309668,0.153280521838883,0.762438621195501,0.084280856965616,0.153280521838883,UNCHANGED,"Calibrated 2019 IR is held by age, sex, cause and location; CF carries 80% of projected cause-mortality change since 2019; annual background mortality follows the WPP-scaled baseline."
IDN_NATIONAL,GBD_11,11,Indonesia,National,2046,70,Female,C_IS,Ischaemic stroke,CVD,1477931,0.02329402,0.00264581893199208,0.0109031374729008,0.0206482010680079,0.00611339824498856,0.0670302673450817,0.00252514222721802,0.0477900624659089,0.8,1.03823204997273,0.50000001358769,0.953863781237352,0.00305669920556124,0.0663822153010945,0.976295099726431,0.00305669920556124,0.0206482010680079,0.912969583630898,0.0663822153010945,0.0206482010680079,UNCHANGED,"Calibrated 2019 IR is held by age, sex, cause and location; CF carries 80% of projected cause-mortality change since 2019; annual background mortality follows the WPP-scaled baseline."
IDN_NATIONAL,GBD_11,11,Indonesia,National,2036,95,Male,C_IS,Ischaemic stroke,CVD,15726,0.416263443197253,0.0334956612433414,0.26386670713345,0.382767781953912,0.031174642657385,0.260320861488617,0.0266415174697044,0.257273024385011,0.8,1.20581841950801,0.500000006541575,0.929903354452946,0.0155873215326238,0.291896374474368,0.601644896513465,0.0155873215326238,0.382767781953912,0.32533584357172,0.291896374474368,0.382767781953912,UNCHANGED,"Calibrated 2019 IR is held by age, sex, cause and location; CF carries 80% of projected cause-mortality change since 2019; annual background mortality follows the WPP-scaled baseline."
IDN_NATIONAL,GBD_11,11,Indonesia,National,2047,72,Female,C_ICH,Intracerebral haemorrhage,CVD,1382750,0.02863463,0.00341554927373659,0.0133788181136965,0.0252190807262634,0.00503836069353082,0.460182541076029,0.00419358285978801,-0.18552956077533,0.8,0.851576351379736,0.60226208656985,0.93800091950465,0.00303441362417739,0.367584334337699,0.971746505649559,0.00303441362417739,0.0252190807262634,0.607196584936038,0.367584334337699,0.0252190807262634,UNCHANGED,"Calibrated 2019 IR is held by age, sex, cause and location; CF carries 80% of projected cause-mortality change since 2019; annual background mortality follows the WPP-scaled baseline."
IDN_NATIONAL,GBD_11,11,Indonesia,National,2029,78,Male,C_RHD,Rheumatic heart disease,CVD,302985,0.09511879,3.20709321907213e-05,0.0507293973924639,0.0950867190678093,3.54902797817608e-05,0.0158239197603672,2.63558389670806e-05,0.216843532500674,0.8,1.17347482600054,0.500000000000582,0.624906744590431,1.7745139890901e-05,0.0116038755226108,0.9048955357923,1.7745139890901e-05,0.0950867190678093,0.89330940540958,0.0116038755226108,0.0950867190678093,UNCHANGED,"Calibrated 2019 IR is held by age, sex, cause and location; CF carries 80% of projected cause-mortality change since 2019; annual background mortality follows the WPP-scaled baseline."
IDN_NATIONAL,GBD_11,11,Indonesia,National,2043,85,Male,C_CMD,Cardiomyopathy and myocarditis,CVD,193747,0.16150159,0.000720868453792181,0.0956136906199024,0.160780721546208,0.00107726924176464,0.169320943103362,0.00047295088304824,0.524193060273141,0.8,1.41935444821851,0.584103771403263,0.854319654386053,0.00062923702693146,0.205315595838484,0.838590041426861,0.00062923702693146,0.160780721546208,0.633903682615308,0.205315595838484,0.160780721546208,UNCHANGED,"Calibrated 2019 IR is held by age, sex, cause and location; CF carries 80% of projected cause-mortality change since 2019; annual background mortality follows the WPP-scaled baseline."
IDN_NATIONAL,GBD_11,11,Indonesia,National,2043,87,Female,C_IHD,Ischaemic heart disease,CVD,231103,0.15326388,0.0198466585616185,0.0887331428516477,0.133417221438382,0.0164263606560482,0.108473454134969,0.0102352008707803,0.939059019181267,0.8,1.75124721534501,0.500000255019161,1.00141411562457,0.0082131845170608,0.190232465319178,0.858369594044558,0.0082131845170608,0.133417221438382,0.676350313242441,0.190232465319178,0.133417221438382,UNCHANGED,"Calibrated 2019 IR is held by age, sex, cause and location; CF carries 80% of projected cause-mortality change since 2019; annual background mortality follows the WPP-scaled baseline."
IDN_NATIONAL,GBD_11,11,Indonesia,National,2046,73,Male,C_RHD,Rheumatic heart disease,CVD,1063725,0.05065655,5.3499050133289e-06,0.0265826530956169,0.0506512000949867,3.20176445455775e-05,0.0118139496709827,2.51712794526097e-05,-0.787459949209128,0.8,0.370032040632698,0.500000000000582,0.624906744590431,1.60088222728073e-05,0.00273180477068432,0.949332791082741,1.60088222728073e-05,0.0506512000949867,0.946616995134329,0.00273180477068432,0.0506512000949867,UNCHANGED,"Calibrated 2019 IR is held by age, sex, cause and location; CF carries 80% of projected cause-mortality change since 2019; annual background mortality follows the WPP-scaled baseline."
IDN_NATIONAL,GBD_11,11,Indonesia,National,2047,67,Female,C_HHD,Hypertensive heart disease,CVD,1675042,0.0167577,0.000681267798513877,0.00792364833562095,0.0160764322014861,0.0019163529992787,0.0812664689187869,0.000622040001831435,0.0952154146165218,0.8,1.07617233169322,0.636902624129894,0.928853736440594,0.0012205302539998,0.0812345061133812,0.982703037544514,0.0012205302539998,0.0160764322014861,0.902689061685133,0.0812345061133812,0.0160764322014861,UNCHANGED,"Calibrated 2019 IR is held by age, sex, cause and location; CF carries 80% of projected cause-mortality change since 2019; annual background mortality follows the WPP-scaled baseline."
IDN_NATIONAL,GBD_11,11,Indonesia,National,2047,29,Male,C_IHD,Ischaemic heart disease,CVD,2237758,0.00134988,0.00011900577388116,0.00113284116946571,0.00123087422611884,0.000879087194310323,0.03094287749652,0.000158839551921364,-0.250779969839781,0.8,0.799376024128175,0.520670577641515,0.939102798934496,0.000457714837258815,0.0232287024616378,0.998311410936622,0.000457714837258815,0.00123087422611884,0.975540423312243,0.0232287024616378,0.00123087422611884,UNCHANGED,"Calibrated 2019 IR is held by age, sex, cause and location; CF carries 80% of projected cause-mortality change since 2019; annual background mortality follows the WPP-scaled baseline."
IDN_NATIONAL,GBD_11,11,Indonesia,National,2031,72,Male,C_RHD,Rheumatic heart disease,CVD,723489,0.05419061,1.99898939159217e-05,0.02855292567274,0.0541706201060841,3.16613708067244e-05,0.0112152192642488,2.52778830868662e-05,-0.20919430447449,0.8,0.832644556420408,0.500000000000582,0.624906744590431,1.58306854033806e-05,0.00583556119722176,0.945813549208513,1.58306854033806e-05,0.0541706201060841,0.939993818696694,0.00583556119722176,0.0541706201060841,UNCHANGED,"Calibrated 2019 IR is held by age, sex, cause and location; CF carries 80% of projected cause-mortality change since 2019; annual background mortality follows the WPP-scaled baseline."
IDN_NATIONAL,GBD_11,11,Indonesia,National,2043,72,Female,C_IHD,Ischaemic heart disease,CVD,1288264,0.03019166,0.00514242120224206,0.014209640539656,0.0250492387977579,0.00822673379724096,0.0534610764182306,0.00423792241636185,0.213429765110401,0.8,1.17074381208832,0.500000255019161,1.00141411562457,0.00411336899659523,0.0626777328043839,0.970837392205647,0.00411336899659523,0.0250492387977579,0.912273028397858,0.0626777328043839,0.0250492387977579,UNCHANGED,"Calibrated 2019 IR is held by age, sex, cause and location; CF carries 80% of projected cause-mortality change since 2019; annual background mortality follows the WPP-scaled baseline."
IDN_NATIONAL,GBD_11,11,Indonesia,National,2030,63,Male,C_ICH,Intracerebral haemorrhage,CVD,1329338,0.02425453,0.00338960803777736,0.0122950331156648,0.0208649219622226,0.00472133507339847,0.451828040872391,0.00380499466758475,-0.109168781061934,0.8,0.912664975150453,0.619800257687136,0.936190723053988,0.00292628469511968,0.386054747535914,0.976208793342658,0.00292628469511968,0.0208649219622226,0.593080330501864,0.386054747535914,0.0208649219622226,UNCHANGED,"Calibrated 2019 IR is held by age, sex, cause and location; CF carries 80% of projected cause-mortality change since 2019; annual background mortality follows the WPP-scaled baseline."
IDN_NATIONAL,GBD_11,11,Indonesia,National,2032,69,Female,C_IHD,Ischaemic heart disease,CVD,1135813,0.02538414,0.00409618318673101,0.0124281204593535,0.021287956813269,0.00720923309479007,0.0510891105456736,0.00342898426423495,0.194576256722752,0.8,1.1556610053782,0.500000255019161,1.00141411562457,0.00360461838588761,0.0591251846374613,0.975107424800843,0.00360461838588761,0.021287956813269,0.91958685854927,0.0591251846374613,0.021287956813269,UNCHANGED,"Calibrated 2019 IR is held by age, sex, cause and location; CF carries 80% of projected cause-mortality change since 2019; annual background mortality follows the WPP-scaled baseline."
IDN_NATIONAL,GBD_11,11,Indonesia,National,2033,75,Female,C_ICH,Intracerebral haemorrhage,CVD,760664,0.04785093,0.00544222646622847,0.0243461601940878,0.0424087035337715,0.005535931253875,0.472416270913756,0.00459154668488026,0.185270855276166,0.8,1.14821668422093,0.60226208656985,0.93800091950465,0.00333408150806601,0.508805695795302,0.954257214958162,0.00333408150806601,0.0424087035337715,0.448785600670927,0.508805695795302,0.0424087035337715,UNCHANGED,"Calibrated 2019 IR is held by age, sex, cause and location; CF carries 80% of projected cause-mortality change since 2019; annual background mortality follows the WPP-scaled baseline."
IDN_NATIONAL,GBD_11,11,Indonesia,National,2026,74,Male,C_IS,Ischaemic stroke,CVD,444149,0.06733306,0.00604672908840623,0.0355081209816192,0.0612863309115938,0.0114990616592621,0.0694550751000715,0.00480921334374239,0.257321864556926,0.8,1.20585749164554,0.500000006541575,0.929903354452946,0.00574953090485305,0.077882123710243,0.932964138183553,0.00574953090485305,0.0612863309115938,0.860831545378163,0.077882123710243,0.0612863309115938,UNCHANGED,"Calibrated 2019 IR is held by age, sex, cause and location; CF carries 80% of projected cause-mortality change since 2019; annual background mortality follows the WPP-scaled baseline."
IDN_NATIONAL,GBD_11,11,Indonesia,National,2047,61,Male,C_RHD,Rheumatic heart disease,CVD,1765468,0.01641727,4.3293304225958e-06,0.00797808419224586,0.0164129406695774,2.61202439207572e-05,0.00639687625011246,2.14448903263367e-05,-0.798118322979768,0.8,0.361505341616185,0.500000000000582,0.624906744590431,1.30601219603938e-05,0.0014450999302011,0.983573999208462,1.30601219603938e-05,0.0164129406695774,0.982141959400222,0.0014450999302011,0.0164129406695774,UNCHANGED,"Calibrated 2019 IR is held by age, sex, cause and location; CF carries 80% of projected cause-mortality change since 2019; annual background mortality follows the WPP-scaled baseline."
IDN_NATIONAL,GBD_11,11,Indonesia,National,2028,35,Male,C_IHD,Ischaemic heart disease,CVD,2164186,0.00201115,0.000291689770591956,0.00142030997259505,0.00171946022940804,0.00129553347499908,0.0332249872933008,0.000308279268534822,-0.053813213005571,0.8,0.956949429595543,0.520670577641515,0.939102798934496,0.000674546162781691,0.0298584285020441,0.99760599360781,0.000674546162781691,0.00171946022940804,0.968422111268548,0.0298584285020441,0.00171946022940804,UNCHANGED,"Calibrated 2019 IR is held by age, sex, cause and location; CF carries 80% of projected cause-mortality change since 2019; annual background mortality follows the WPP-scaled baseline."
IDN_NATIONAL,GBD_11,11,Indonesia,National,2040,65,Female,C_DM,Diabetes mellitus,Diabetes,1600780,0.01515641,0.00110865836522405,0.00727998475690708,0.014047751634776,0.00793103268143361,0.0105738906827976,0.00121510581786028,-0.0876034424916833,0.8,0.929917246006653,0.500000160693621,0.824704051606735,0.00396551761518316,0.00810918571106427,0.981986730750041,0.00396551761518316,0.014047751634776,0.97784306265416,0.00810918571106427,0.014047751634776,UNCHANGED,"Calibrated 2019 IR is held by age, sex, cause and location; CF carries 80% of projected cause-mortality change since 2019; annual background mortality follows the WPP-scaled baseline."
IDN_NATIONAL,GBD_11,11,Indonesia,National,2026,60,Female,C_HHD,Hypertensive heart disease,CVD,1459006,0.0115527,0.000401930038013261,0.00590217264174678,0.0111507699619867,0.00110596928669554,0.150705080850238,0.000378805520412129,0.061045883322856,0.8,1.04883670665828,0.636902624129894,0.928853736440594,0.000704394740903455,0.146819285055123,0.98814483529711,0.000704394740903455,0.0111507699619867,0.842029944982891,0.146819285055123,0.0111507699619867,UNCHANGED,"Calibrated 2019 IR is held by age, sex, cause and location; CF carries 80% of projected cause-mortality change since 2019; annual background mortality follows the WPP-scaled baseline."
IDN_NATIONAL,GBD_11,11,Indonesia,National,2034,76,Male,C_ICH,Intracerebral haemorrhage,CVD,533848,0.07630244,0.00763708535700381,0.0405437746991387,0.0686653546429962,0.00781786525863434,0.797294433273567,0.00611648014725242,0.248607887730081,0.8,1.19888631018406,0.619800257687136,0.936190723053988,0.00484551490186487,0.894872302403144,0.926489130455139,0.00484551490186487,0.0686653546429962,0.0364623429538595,0.894872302403144,0.0686653546429962,UNCHANGED,"Calibrated 2019 IR is held by age, sex, cause and location; CF carries 80% of projected cause-mortality change since 2019; annual background mortality follows the WPP-scaled baseline."
IDN_NATIONAL,GBD_11,11,Indonesia,National,2041,45,Male,C_CMD,Cardiomyopathy and myocarditis,CVD,2190460,0.00390404,2.34473053030445e-05,0.00197284172954244,0.00388059269469696,3.98859363230612e-05,0.152628358685798,3.17332879987086e-05,-0.261113273103038,0.8,0.79110938151757,0.584103771403263,0.854319654386053,2.32975258322504e-05,0.103155447282491,0.996096109779471,2.32975258322504e-05,0.00388059269469696,0.892963960022812,0.103155447282491,0.00388059269469696,UNCHANGED,"Calibrated 2019 IR is held by age, sex, cause and location; CF carries 80% of projected cause-mortality change since 2019; annual background mortality follows the WPP-scaled baseline."
IDN_NATIONAL,GBD_11,11,Indonesia,National,2033,70,Male,C_IS,Ischaemic stroke,CVD,929401,0.0443055,0.00394219245653549,0.023334429384621,0.0403633075434645,0.00922180866539534,0.0561861378569697,0.00344468903113313,0.144426222775385,0.8,1.11554097822031,0.500000006541575,0.929903354452946,0.00461090439302283,0.0582844259005471,0.955025788063513,0.00461090439302283,0.0403633075434645,0.901352266555988,0.0582844259005471,0.0403633075434645,UNCHANGED,"Calibrated 2019 IR is held by age, sex, cause and location; CF carries 80% of projected cause-mortality change since 2019; annual background mortality follows the WPP-scaled baseline."
IDN_NATIONAL,GBD_11,11,Indonesia,National,2042,41,Male,C_HHD,Hypertensive heart disease,CVD,2176308,0.0027395,5.19271941366064e-05,0.00158509618505768,0.00268757280586339,0.000175534037908744,0.163865727026993,6.17656766187706e-05,-0.15928721291097,0.8,0.872570229671224,0.677760579995556,0.862219548003387,0.000118970051341992,0.123283905997584,0.997193457142795,0.000118970051341992,0.00268757280586339,0.874028521196552,0.123283905997584,0.00268757280586339,UNCHANGED,"Calibrated 2019 IR is held by age, sex, cause and location; CF carries 80% of projected cause-mortality change since 2019; annual background mortality follows the WPP-scaled baseline."
IDN_NATIONAL,GBD_11,11,Indonesia,National,2036,77,Male,C_RHD,Rheumatic heart disease,CVD,517871,0.08206392,1.9955452713358e-05,0.0435394479950004,0.0820439645472867,3.34427395009896e-05,0.0142088712979186,2.47448649155837e-05,-0.193551761893413,0.8,0.845158590485269,0.500000000000582,0.624906744590431,1.67213697505142e-05,0.00750434864321871,0.917939314082963,1.67213697505142e-05,0.0820439645472867,0.910451686809495,0.00750434864321871,0.0820439645472867,UNCHANGED,"Calibrated 2019 IR is held by age, sex, cause and location; CF carries 80% of projected cause-mortality change since 2019; annual background mortality follows the WPP-scaled baseline."
IDN_NATIONAL,GBD_11,11,Indonesia,National,2028,37,Male,C_DM,Diabetes mellitus,Diabetes,2147105,0.00229494,6.86753724342761e-05,0.00162072752828346,0.00222626462756572,0.00437663383537519,0.00193977586516233,7.36866485305984e-05,-0.0680079254010493,0.8,0.945593659679161,0.500000009256077,0.874818940170935,0.00218831695819806,0.00160462768224685,0.995585418414236,0.00218831695819806,0.00222626462756572,0.996169107690187,0.00160462768224685,0.00222626462756572,UNCHANGED,"Calibrated 2019 IR is held by age, sex, cause and location; CF carries 80% of projected cause-mortality change since 2019; annual background mortality follows the WPP-scaled baseline."
IDN_NATIONAL,GBD_11,11,Indonesia,National,2042,32,Male,C_CMD,Cardiomyopathy and myocarditis,CVD,2394269,0.00154925,1.17594866517937e-05,0.0011559294126803,0.00153749051334821,2.21571706558071e-05,0.0878626354468901,1.37718753260066e-05,-0.146123067961032,0.8,0.883101545631174,0.584103771403263,0.854319654386053,1.29420869436826e-05,0.06628805381267,0.998449567399708,1.29420869436826e-05,0.00153749051334821,0.932174455673982,0.06628805381267,0.00153749051334821,UNCHANGED,"Calibrated 2019 IR is held by age, sex, cause and location; CF carries 80% of projected cause-mortality change since 2019; annual background mortality follows the WPP-scaled baseline."
IDN_NATIONAL,GBD_11,11,Indonesia,National,2025,29,Female,C_DM,Diabetes mellitus,Diabetes,2160659,0.00124884,1.87749646298899e-05,0.0010523470826034,0.00123006503537011,0.00243029320524861,0.000958358420800628,2.08664700929345e-05,-0.10023283544028,0.8,0.919813731647776,0.500000160693621,0.824704051606735,0.00121514699315692,0.000726985887282744,0.997554787971473,0.00121514699315692,0.00123006503537011,0.998042949077347,0.000726985887282744,0.00123006503537011,UNCHANGED,"Calibrated 2019 IR is held by age, sex, cause and location; CF carries 80% of projected cause-mortality change since 2019; annual background mortality follows the WPP-scaled baseline."
IDN_NATIONAL,GBD_11,11,Indonesia,National,2031,87,Male,C_CMD,Cardiomyopathy and myocarditis,CVD,63703,0.20949278,0.00102756654752438,0.12343468894092,0.208465213452476,0.00122782023959665,0.180020160619386,0.000563140808377724,0.824706240850416,0.8,1.65976499268033,0.584103771403263,0.854319654386053,0.000717174432553663,0.255263161034118,0.790817612114971,0.000717174432553663,0.208465213452476,0.536271625513407,0.255263161034118,0.208465213452476,UNCHANGED,"Calibrated 2019 IR is held by age, sex, cause and location; CF carries 80% of projected cause-mortality change since 2019; annual background mortality follows the WPP-scaled baseline."
IDN_NATIONAL,GBD_11,11,Indonesia,National,2031,26,Female,C_IS,Ischaemic stroke,CVD,2201578,0.00095525,7.94881634233913e-06,0.000787627136959102,0.000947301183657661,0.000156330661406605,0.00552250916488043,1.01768833259048e-05,-0.218934118847001,0.8,0.8248527049224,0.50000001358769,0.953863781237352,7.81653328274748e-05,0.00434509430654961,0.998974533483515,7.81653328274748e-05,0.000947301183657661,0.994707604509793,0.00434509430654961,0.000947301183657661,UNCHANGED,"Calibrated 2019 IR is held by age, sex, cause and location; CF carries 80% of projected cause-mortality change since 2019; annual background mortality follows the WPP-scaled baseline."
IDN_NATIONAL,GBD_11,11,Indonesia,National,2050,83,Female,C_ICH,Intracerebral haemorrhage,CVD,630119,0.09455218,0.00582941095195975,0.0500604641753294,0.0887227690480403,0.00748997951309779,0.494170458219746,0.00569102426606234,0.0243166571477569,0.8,1.01945332571821,0.60226208656985,0.93800091950465,0.00451093068992371,0.472549589874844,0.906766300262036,0.00451093068992371,0.0887227690480403,0.438727641077116,0.472549589874844,0.0887227690480403,UNCHANGED,"Calibrated 2019 IR is held by age, sex, cause and location; CF carries 80% of projected cause-mortality change since 2019; annual background mortality follows the WPP-scaled baseline."
IDN_NATIONAL,GBD_11,11,Indonesia,National,2039,37,Female,C_IHD,Ischaemic heart disease,CVD,2098746,0.00159012,0.000217857057877014,0.00110545286333534,0.00137226294212299,0.000877072598891937,0.0344905942088291,0.000261198889858751,-0.165934212067957,0.8,0.867252630345635,0.500000255019161,1.00141411562457,0.000438536523116287,0.0299543576591491,0.998189200534761,0.000438536523116287,0.00137226294212299,0.968673379398728,0.0299543576591491,0.00137226294212299,UNCHANGED,"Calibrated 2019 IR is held by age, sex, cause and location; CF carries 80% of projected cause-mortality change since 2019; annual background mortality follows the WPP-scaled baseline."
IDN_NATIONAL,GBD_11,11,Indonesia,National,2040,75,Male,C_CMD,Cardiomyopathy and myocarditis,CVD,762877,0.06547749,0.000171336288426517,0.0346340610967165,0.0653061537115735,0.000384851127182205,0.141116012086904,0.000147968331792142,0.1579253908681,0.8,1.12634031269448,0.584103771403263,0.854319654386053,0.000224792994815923,0.135789541171386,0.934469053293611,0.000224792994815923,0.0653061537115735,0.79890430511704,0.135789541171386,0.0653061537115735,UNCHANGED,"Calibrated 2019 IR is held by age, sex, cause and location; CF carries 80% of projected cause-mortality change since 2019; annual background mortality follows the WPP-scaled baseline."
IDN_NATIONAL,GBD_11,11,Indonesia,National,2032,22,Male,C_ICH,Intracerebral haemorrhage,CVD,2426862,0.00143966,2.61287500484267e-05,0.00132065426072514,0.00141353124995157,0.000124868459146832,0.0269005152893578,3.33130310954111e-05,-0.21565978269609,0.8,0.827472173843128,0.619800257687136,0.936190723053988,7.73935031562017e-05,0.0208390698667524,0.998509075246892,7.73935031562017e-05,0.00141353124995157,0.977747398883296,0.0208390698667524,0.00141353124995157,UNCHANGED,"Calibrated 2019 IR is held by age, sex, cause and location; CF carries 80% of projected cause-mortality change since 2019; annual background mortality follows the WPP-scaled baseline."
IDN_NATIONAL,GBD_11,11,Indonesia,National,2043,21,Male,C_DM,Diabetes mellitus,Diabetes,2223115,0.00131912,1.50742639957268e-05,0.0012015129449232,0.00130404573600427,0.00219316737709961,0.00106425843112881,1.33662901873264e-05,0.127782188211042,0.8,1.10222575056883,0.500000009256077,0.874818940170935,0.00109658370884993,0.00102620902425953,0.997599370555146,0.00109658370884993,0.00130404573600427,0.997669745239736,0.00102620902425953,0.00130404573600427,UNCHANGED,"Calibrated 2019 IR is held by age, sex, cause and location; CF carries 80% of projected cause-mortality change since 2019; annual background mortality follows the WPP-scaled baseline."
IDN_NATIONAL,GBD_11,11,Indonesia,National,2041,47,Male,C_HHD,Hypertensive heart disease,CVD,2114750,0.00471425,0.000125614078634792,0.00238226788749486,0.00458863592136521,0.000330559546209891,0.228216829555584,0.000187315446438694,-0.329398183529389,0.8,0.736481453176489,0.677760579995556,0.862219548003387,0.000224040229762284,0.144919673548364,0.995187323848872,0.000224040229762284,0.00458863592136521,0.85049169053027,0.144919673548364,0.00458863592136521,UNCHANGED,"Calibrated 2019 IR is held by age, sex, cause and location; CF carries 80% of projected cause-mortality change since 2019; annual background mortality follows the WPP-scaled baseline."
IDN_NATIONAL,GBD_11,11,Indonesia,National,2050,55,Female,C_RHD,Rheumatic heart disease,CVD,1993737,0.00548827,5.96288223643042e-06,0.0027516996314617,0.00548230711776357,4.51891613838261e-05,0.00739030858243055,3.83747525633691e-05,-0.844614444703356,0.8,0.324308444237315,0.50000000046055,0.630292412861138,2.25945807127249e-05,0.00151064670909349,0.994495098301524,2.25945807127249e-05,0.00548230711776357,0.993007046173143,0.00151064670909349,0.00548230711776357,UNCHANGED,"Calibrated 2019 IR is held by age, sex, cause and location; CF carries 80% of projected cause-mortality change since 2019; annual background mortality follows the WPP-scaled baseline."
IDN_NATIONAL,GBD_11,11,Indonesia,National,2041,69,Male,C_IHD,Ischaemic heart disease,CVD,1232463,0.03702294,0.00685647224710785,0.0190320696472145,0.0301664677528922,0.00982338681746926,0.0685089576094577,0.00587500233962718,0.167058641127783,0.8,1.13364691290223,0.520670577641515,0.939102798934496,0.00511474848864777,0.0729353891097934,0.96471878375846,0.00511474848864777,0.0301664677528922,0.896898143137315,0.0729353891097934,0.0301664677528922,UNCHANGED,"Calibrated 2019 IR is held by age, sex, cause and location; CF carries 80% of projected cause-mortality change since 2019; annual background mortality follows the WPP-scaled baseline."
IDN_NATIONAL,GBD_11,11,Indonesia,National,2032,35,Female,C_RHD,Rheumatic heart disease,CVD,2166002,0.00150406,1.78987108221371e-05,0.00107239216188189,0.00148616128917786,4.52072354903132e-05,0.00444164090629618,3.52804921330081e-05,-0.492674003677199,0.8,0.605860797058241,0.50000000046055,0.630292412861138,2.26036177659768e-05,0.0016961270305502,0.998491235093056,2.26036177659768e-05,0.00148616128917786,0.996817711680272,0.0016961270305502,0.00148616128917786,UNCHANGED,"Calibrated 2019 IR is held by age, sex, cause and location; CF carries 80% of projected cause-mortality change since 2019; annual background mortality follows the WPP-scaled baseline."
IDN_NATIONAL,GBD_11,11,Indonesia,National,2042,67,Male,C_IS,Ischaemic stroke,CVD,1393432,0.03053629,0.0018904303772185,0.0156744606162094,0.0286458596227815,0.0074013150187707,0.0470459783211582,0.00204770807556813,-0.076806699268397,0.8,0.938554640585282,0.500000006541575,0.929903354452946,0.00370065755780161,0.0410600883794884,0.967653482819417,0.00370065755780161,0.0286458596227815,0.93029405199773,0.0410600883794884,0.0286458596227815,UNCHANGED,"Calibrated 2019 IR is held by age, sex, cause and location; CF carries 80% of projected cause-mortality change since 2019; annual background mortality follows the WPP-scaled baseline."
IDN_NATIONAL,GBD_11,11,Indonesia,National,2046,60,Male,C_DM,Diabetes mellitus,Diabetes,1793319,0.01509669,0.00111543494326842,0.00735323143093545,0.0139812550567316,0.00884022259982983,0.0124767453199917,0.00128326888984521,-0.130786266155825,0.8,0.89537098707534,0.500000009256077,0.874818940170935,0.0044201113817407,0.00977287862454326,0.981598633561528,0.0044201113817407,0.0139812550567316,0.976245866318725,0.00977287862454326,0.0139812550567316,UNCHANGED,"Calibrated 2019 IR is held by age, sex, cause and location; CF carries 80% of projected cause-mortality change since 2019; annual background mortality follows the WPP-scaled baseline."
IDN_NATIONAL,GBD_11,11,Indonesia,National,2039,35,Male,C_IHD,Ischaemic heart disease,CVD,2231438,0.00183959,0.000311467984017596,0.00124573191963665,0.0015281220159824,0.00129553347499908,0.0332249872933008,0.000308279268534822,0.0103435936445826,0.8,1.00827487491567,0.520670577641515,0.939102798934496,0.000674546162781691,0.0314598685489587,0.997797331821236,0.000674546162781691,0.0015281220159824,0.967012009435059,0.0314598685489587,0.0015281220159824,UNCHANGED,"Calibrated 2019 IR is held by age, sex, cause and location; CF carries 80% of projected cause-mortality change since 2019; annual background mortality follows the WPP-scaled baseline."
IDN_NATIONAL,GBD_11,11,Indonesia,National,2046,36,Male,C_IS,Ischaemic stroke,CVD,2382690,0.00184383,1.91602775523379e-05,0.00121760334063519,0.00182466972244766,0.000487364034431271,0.00592320024414133,2.49133298873459e-05,-0.23092265710856,0.8,0.815261874313152,0.500000006541575,0.929903354452946,0.000243682020403764,0.00449046548224639,0.997931648257149,0.000243682020403764,0.00182466972244766,0.993684864795306,0.00449046548224639,0.00182466972244766,UNCHANGED,"Calibrated 2019 IR is held by age, sex, cause and location; CF carries 80% of projected cause-mortality change since 2019; annual background mortality follows the WPP-scaled baseline."
IDN_NATIONAL,GBD_11,11,Indonesia,National,2036,38,Female,C_IS,Ischaemic stroke,CVD,2140007,0.00177167,2.7738391732527e-05,0.00124491004860155,0.00174393160826747,0.000420173766312481,0.0115392078594585,4.34034106262913e-05,-0.360916772846311,0.8,0.711266581722952,0.50000001358769,0.953863781237352,0.000210086888865431,0.00782879208612563,0.998045981502867,0.000210086888865431,0.00174393160826747,0.990427276305607,0.00782879208612563,0.00174393160826747,UNCHANGED,"Calibrated 2019 IR is held by age, sex, cause and location; CF carries 80% of projected cause-mortality change since 2019; annual background mortality follows the WPP-scaled baseline."
IDN_NATIONAL,GBD_11,11,Indonesia,National,2032,47,Male,C_ICH,Intracerebral haemorrhage,CVD,2056018,0.00518067,0.000726535947554247,0.00280234234195886,0.00445413405244575,0.00175086858557495,0.213036281553295,0.00107944002459432,-0.326932547431438,0.8,0.73845396205485,0.619800257687136,0.936190723053988,0.00108518880051566,0.147279171130706,0.994460677147039,0.00108518880051566,0.00445413405244575,0.848266694816848,0.147279171130706,0.00445413405244575,UNCHANGED,"Calibrated 2019 IR is held by age, sex, cause and location; CF carries 80% of projected cause-mortality change since 2019; annual background mortality follows the WPP-scaled baseline."
IDN_NATIONAL,GBD_11,11,Indonesia,National,2045,88,Female,C_IHD,Ischaemic heart disease,CVD,209199,0.16582735,0.0216162248083378,0.0961287772292538,0.144211125191662,0.0188117174794414,0.121045150144327,0.0113367172041661,0.906744643889875,0.8,1.7253957151119,0.500000255019161,1.00141411562457,0.0094058635370691,0.209146122550099,0.846383011271269,0.0094058635370691,0.144211125191662,0.646642752258239,0.209146122550099,0.144211125191662,UNCHANGED,"Calibrated 2019 IR is held by age, sex, cause and location; CF carries 80% of projected cause-mortality change since 2019; annual background mortality follows the WPP-scaled baseline."
IDN_NATIONAL,GBD_11,11,Indonesia,National,2035,94,Male,C_CMD,Cardiomyopathy and myocarditis,CVD,8505,0.3524109,0.00234701127588791,0.217757807928495,0.350063888724112,0.00224978466362251,0.315698187652563,0.00200279702727876,0.171866766287765,0.8,1.13749341303021,0.584103771403263,0.854319654386053,0.00131410770686713,0.306790125415459,0.648622003569021,0.00131410770686713,0.350063888724112,0.343145985860429,0.306790125415459,0.350063888724112,UNCHANGED,"Calibrated 2019 IR is held by age, sex, cause and location; CF carries 80% of projected cause-mortality change since 2019; annual background mortality follows the WPP-scaled baseline."
IDN_NATIONAL,GBD_11,11,Indonesia,National,2032,82,Female,C_IHD,Ischaemic heart disease,CVD,295111,0.10221476,0.0145275053772643,0.053783933486431,0.0876872546227357,0.0123255764583092,0.0816943558000049,0.0081845598620067,0.774989201887575,0.8,1.61999136151006,0.500000255019161,1.00141411562457,0.00616279137241276,0.132531300611434,0.906149954004852,0.00616279137241276,0.0876872546227357,0.77978144476583,0.132531300611434,0.0876872546227357,UNCHANGED,"Calibrated 2019 IR is held by age, sex, cause and location; CF carries 80% of projected cause-mortality change since 2019; annual background mortality follows the WPP-scaled baseline."
IDN_NATIONAL,GBD_11,11,Indonesia,National,2045,79,Female,C_DM,Diabetes mellitus,Diabetes,834235,0.06421363,0.00532332739927478,0.0323136825167411,0.0588903026007252,0.00474306508058621,0.0261904636967289,0.00307994285943232,0.728385116942059,0.8,1.58270809355365,0.500000160693621,0.824704051606735,0.0023715333024734,0.0341855159540276,0.938738164096801,0.0023715333024734,0.0588903026007252,0.906924181445247,0.0341855159540276,0.0588903026007252,UNCHANGED,"Calibrated 2019 IR is held by age, sex, cause and location; CF carries 80% of projected cause-mortality change since 2019; annual background mortality follows the WPP-scaled baseline."
IDN_NATIONAL,GBD_11,11,Indonesia,National,2032,56,Male,C_DM,Diabetes mellitus,Diabetes,1764480,0.01228271,0.000759657007811354,0.00620975047799277,0.0115230529921886,0.00822866544464765,0.00958934263356703,0.000879850064170935,-0.13660629379261,0.8,0.890714964965912,0.500000009256077,0.874818940170935,0.00411433279848899,0.00747215311524476,0.984362614209322,0.00411433279848899,0.0115230529921886,0.981004793892567,0.00747215311524476,0.0115230529921886,UNCHANGED,"Calibrated 2019 IR is held by age, sex, cause and location; CF carries 80% of projected cause-mortality change since 2019; annual background mortality follows the WPP-scaled baseline."
IDN_NATIONAL,GBD_11,11,Indonesia,National,2044,84,Male,C_HHD,Hypertensive heart disease,CVD,252188,0.14581433,0.00422254854631026,0.0829003150504656,0.14159178145369,0.00453254175322281,0.129040529936779,0.00293190821459393,0.440204889529626,0.8,1.3521639116237,0.677760579995556,0.862219548003387,0.00307197812751837,0.150443470534666,0.855336240418792,0.00307197812751837,0.14159178145369,0.707964748011644,0.150443470534666,0.14159178145369,UNCHANGED,"Calibrated 2019 IR is held by age, sex, cause and location; CF carries 80% of projected cause-mortality change since 2019; annual background mortality follows the WPP-scaled baseline."
IDN_NATIONAL,GBD_11,11,Indonesia,National,2030,89,Female,C_RHD,Rheumatic heart disease,CVD,84280,0.20505071,7.56982847348444e-05,0.117436895328292,0.204975011715265,7.73822932100471e-05,0.0402583681460916,5.10958944500192e-05,0.4814944634914,0.8,1.38519557079312,0.50000000046055,0.630292412861138,3.8691146640662e-05,0.0351487059550576,0.794986297138094,3.8691146640662e-05,0.204975011715265,0.759876282329677,0.0351487059550576,0.204975011715265,UNCHANGED,"Calibrated 2019 IR is held by age, sex, cause and location; CF carries 80% of projected cause-mortality change since 2019; annual background mortality follows the WPP-scaled baseline."
IDN_NATIONAL,GBD_11,11,Indonesia,National,2040,26,Female,C_IS,Ischaemic stroke,CVD,2274485,0.00086238,8.20333414330661e-06,0.000688963059550972,0.000854176665856694,0.000156330661406605,0.00552250916488043,1.01768833259048e-05,-0.193924713431138,0.8,0.844860229255089,0.50000001358769,0.953863781237352,7.81653328274748e-05,0.00445048837211711,0.999067658001316,7.81653328274748e-05,0.000854176665856694,0.994695334962026,0.00445048837211711,0.000854176665856694,UNCHANGED,"Calibrated 2019 IR is held by age, sex, cause and location; CF carries 80% of projected cause-mortality change since 2019; annual background mortality follows the WPP-scaled baseline."
IDN_NATIONAL,GBD_11,11,Indonesia,National,2045,20,Male,C_RHD,Rheumatic heart disease,CVD,2197298,0.00126023,5.52069981429195e-06,0.00114650130114149,0.00125470930018571,0.000289979108384511,0.00301707877611052,1.34443597434644e-05,-0.589366848281811,0.8,0.528506521374551,0.500000000000582,0.624906744590431,0.000144989554192424,0.000996442430399509,0.998600301145622,0.000144989554192424,0.00125470930018571,0.997748848269415,0.000996442430399509,0.00125470930018571,UNCHANGED,"Calibrated 2019 IR is held by age, sex, cause and location; CF carries 80% of projected cause-mortality change since 2019; annual background mortality follows the WPP-scaled baseline."
IDN_NATIONAL,GBD_11,11,Indonesia,National,2030,85,Female,C_CMD,Cardiomyopathy and myocarditis,CVD,184155,0.14102206,0.000812304578549235,0.0807663279936954,0.140209755421451,0.00113896160779743,0.144857634857741,0.000395138280921864,1.05574761487071,0.8,1.84459809189657,0.531154605163038,0.930350003869953,0.000604964703085504,0.24859335115034,0.859185279875464,0.000604964703085504,0.140209755421451,0.61119689342821,0.24859335115034,0.140209755421451,UNCHANGED,"Calibrated 2019 IR is held by age, sex, cause and location; CF carries 80% of projected cause-mortality change since 2019; annual background mortality follows the WPP-scaled baseline."
IDN_NATIONAL,GBD_11,11,Indonesia,National,2035,46,Female,C_CMD,Cardiomyopathy and myocarditis,CVD,1999623,0.00333433,1.20774087016498e-05,0.0019568340864048,0.00332225259129835,1.63679202163731e-05,0.114148362919673,1.60846744549309e-05,-0.249135645518309,0.8,0.800691483585353,0.531154605163038,0.930350003869953,8.69389619986776e-06,0.0850317780325668,0.996669053512502,8.69389619986776e-06,0.00332225259129835,0.911645969376135,0.0850317780325668,0.00332225259129835,UNCHANGED,"Calibrated 2019 IR is held by age, sex, cause and location; CF carries 80% of projected cause-mortality change since 2019; annual background mortality follows the WPP-scaled baseline."
IDN_NATIONAL,GBD_11,11,Indonesia,National,2030,49,Male,C_IS,Ischaemic stroke,CVD,2028689,0.00642925,0.000142991734426637,0.00353135467632491,0.00628625826557336,0.00195965417961684,0.0187546185241921,0.000244823274899932,-0.415938968690443,0.8,0.667248825047646,0.500000006541575,0.929903354452946,0.000979827102627645,0.0116368079501674,0.992733914631799,0.000979827102627645,0.00628625826557336,0.982076933784259,0.0116368079501674,0.00628625826557336,UNCHANGED,"Calibrated 2019 IR is held by age, sex, cause and location; CF carries 80% of projected cause-mortality change since 2019; annual background mortality follows the WPP-scaled baseline."
IDN_NATIONAL,GBD_11,11,Indonesia,National,2031,91,Male,C_IHD,Ischaemic heart disease,CVD,21627,0.28840838,0.0471422523294036,0.177664215028319,0.241266127670597,0.0444320536772239,0.250431277672687,0.023536441703923,1.00294729859467,0.8,1.80235783887574,0.520670577641515,0.939102798934496,0.023134463053919,0.42387980307552,0.735599409275485,0.023134463053919,0.241266127670597,0.334854069253883,0.42387980307552,0.241266127670597,UNCHANGED,"Calibrated 2019 IR is held by age, sex, cause and location; CF carries 80% of projected cause-mortality change since 2019; annual background mortality follows the WPP-scaled baseline."
IDN_NATIONAL,GBD_11,11,Indonesia,National,2034,47,Female,C_RHD,Rheumatic heart disease,CVD,1964141,0.0036732,1.68666123927752e-05,0.0021619431808416,0.00365633338760723,4.56284063287319e-05,0.00592978727108279,3.9775366524469e-05,-0.57595331315428,0.8,0.539237349476576,0.50000000046055,0.630292412861138,2.28142031853802e-05,0.00201539955422027,0.996320852409207,2.28142031853802e-05,0.00365633338760723,0.994328267058173,0.00201539955422027,0.00365633338760723,UNCHANGED,"Calibrated 2019 IR is held by age, sex, cause and location; CF carries 80% of projected cause-mortality change since 2019; annual background mortality follows the WPP-scaled baseline."
IDN_NATIONAL,GBD_11,11,Indonesia,National,2050,65,Male,C_HHD,Hypertensive heart disease,CVD,1657485,0.02306005,0.000625443145172998,0.0117037793553319,0.022434606854827,0.00221008188195547,0.158204356282829,0.000910502434515139,-0.313079107244717,0.8,0.749536714204226,0.677760579995556,0.862219548003387,0.00149790637815181,0.102241971050842,0.976067486767021,0.00149790637815181,0.022434606854827,0.875323422094331,0.102241971050842,0.022434606854827,UNCHANGED,"Calibrated 2019 IR is held by age, sex, cause and location; CF carries 80% of projected cause-mortality change since 2019; annual background mortality follows the WPP-scaled baseline."
IDN_NATIONAL,GBD_11,11,Indonesia,National,2042,49,Female,C_RHD,Rheumatic heart disease,CVD,1999859,0.00386286,1.18150414035599e-05,0.00222297690471225,0.00385104495859644,4.47359444338247e-05,0.00614173371965614,3.85878237212852e-05,-0.693814258899431,0.8,0.444948592880456,0.50000000046055,0.630292412861138,2.23679722375155e-05,0.00172243523207206,0.996126587069166,2.23679722375155e-05,0.00385104495859644,0.994426519809332,0.00172243523207206,0.00385104495859644,UNCHANGED,"Calibrated 2019 IR is held by age, sex, cause and location; CF carries 80% of projected cause-mortality change since 2019; annual background mortality follows the WPP-scaled baseline."
IDN_NATIONAL,GBD_11,11,Indonesia,National,2032,71,Male,C_IS,Ischaemic stroke,CVD,827567,0.04902091,0.00436728694012687,0.025823604892764,0.0446536230598731,0.00982863988093689,0.0592328577022402,0.0039103493496548,0.116853393293979,0.8,1.09348271463518,0.500000006541575,0.929903354452946,0.00491432000476323,0.0602299388710054,0.950432056935364,0.00491432000476323,0.0446536230598731,0.895116438069122,0.0602299388710054,0.0446536230598731,UNCHANGED,"Calibrated 2019 IR is held by age, sex, cause and location; CF carries 80% of projected cause-mortality change since 2019; annual background mortality follows the WPP-scaled baseline."
IDN_NATIONAL,GBD_11,11,Indonesia,National,2033,87,Female,C_DM,Diabetes mellitus,Diabetes,139777,0.16752329,0.0092686853299948,0.0962267815511166,0.158254604670005,0.00594592225758235,0.0458777518748791,0.00431270327105749,1.14915906508033,0.8,1.91932725206427,0.500000160693621,0.824704051606735,0.00297296208426295,0.0726188364714886,0.838772433245732,0.00297296208426295,0.158254604670005,0.769126558858506,0.0726188364714886,0.158254604670005,UNCHANGED,"Calibrated 2019 IR is held by age, sex, cause and location; CF carries 80% of projected cause-mortality change since 2019; annual background mortality follows the WPP-scaled baseline."
IDN_NATIONAL,GBD_11,11,Indonesia,National,2038,61,Female,C_IS,Ischaemic stroke,CVD,1728820,0.01075271,0.000623087926909424,0.00530296263300297,0.0101296220730906,0.00291709918588646,0.0341952128334094,0.000737885921721064,-0.155576887202133,0.8,0.875538490238294,0.50000001358769,0.953863781237352,0.00145854963257987,0.028557942382547,0.98841182829433,0.00145854963257987,0.0101296220730906,0.961312435544362,0.028557942382547,0.0101296220730906,UNCHANGED,"Calibrated 2019 IR is held by age, sex, cause and location; CF carries 80% of projected cause-mortality change since 2019; annual background mortality follows the WPP-scaled baseline."
IDN_NATIONAL,GBD_11,11,Indonesia,National,2027,94,Female,C_IHD,Ischaemic heart disease,CVD,15828,0.31577201,0.0385722946262281,0.190570169158804,0.277199715373772,0.0283531447730142,0.171331934181759,0.0231102726519663,0.669054069898488,0.8,1.53524325591879,0.500000255019161,1.00141411562457,0.0141765796171023,0.263408160071332,0.708623705009126,0.0141765796171023,0.277199715373772,0.459392124554897,0.263408160071332,0.277199715373772,UNCHANGED,"Calibrated 2019 IR is held by age, sex, cause and location; CF carries 80% of projected cause-mortality change since 2019; annual background mortality follows the WPP-scaled baseline."
IDN_NATIONAL,GBD_11,11,Indonesia,National,2044,50,Male,C_IS,Ischaemic stroke,CVD,2081620,0.00610913,0.000198327338451485,0.00286916442939628,0.00591080266154851,0.0021456303714895,0.0193095860158915,0.000281409317514175,-0.295235352534143,0.8,0.763811717972685,0.500000006541575,0.929903354452946,0.00107281519978055,0.0137150404890139,0.993016382138671,0.00107281519978055,0.00591080266154851,0.980374156849438,0.0137150404890139,0.00591080266154851,UNCHANGED,"Calibrated 2019 IR is held by age, sex, cause and location; CF carries 80% of projected cause-mortality change since 2019; annual background mortality follows the WPP-scaled baseline."
IDN_NATIONAL,GBD_11,11,Indonesia,National,2047,85,Female,C_IS,Ischaemic stroke,CVD,415626,0.12053608,0.0143323937759002,0.0699562552700462,0.1062036862241,0.0156836970960701,0.207697117970029,0.0109320893290973,0.311038845772376,0.8,1.2488310766179,0.50000001358769,0.953863781237352,0.00784184876114028,0.247411866900426,0.88595446501476,0.00784184876114028,0.1062036862241,0.646384446875474,0.247411866900426,0.1062036862241,UNCHANGED,"Calibrated 2019 IR is held by age, sex, cause and location; CF carries 80% of projected cause-mortality change since 2019; annual background mortality follows the WPP-scaled baseline."
IDN_NATIONAL,GBD_11,11,Indonesia,National,2046,33,Female,C_IS,Ischaemic stroke,CVD,2300185,0.00112478,1.57171449288048e-05,0.00080593586465754,0.0011090628550712,0.00027028035560203,0.00814160077444571,2.30282739459571e-05,-0.317484889849329,0.8,0.746012088120537,0.50000001358769,0.953863781237352,0.000135140181473501,0.00579351353870751,0.998755796963455,0.000135140181473501,0.0011090628550712,0.993097423606221,0.00579351353870751,0.0011090628550712,UNCHANGED,"Calibrated 2019 IR is held by age, sex, cause and location; CF carries 80% of projected cause-mortality change since 2019; annual background mortality follows the WPP-scaled baseline."
IDN_NATIONAL,GBD_11,11,Indonesia,National,2048,50,Female,C_IS,Ischaemic stroke,CVD,2075791,0.00384065,0.000129102741109287,0.00202380369085617,0.00371154725889071,0.001213440472567,0.0193377125848793,0.000192086573871096,-0.327892946875482,0.8,0.737685642499615,0.50000001358769,0.953863781237352,0.000606720252771355,0.0136070127162662,0.995681732488338,0.000606720252771355,0.00371154725889071,0.982681440024843,0.0136070127162662,0.00371154725889071,UNCHANGED,"Calibrated 2019 IR is held by age, sex, cause and location; CF carries 80% of projected cause-mortality change since 2019; annual background mortality follows the WPP-scaled baseline."
IDN_NATIONAL,GBD_11,11,Indonesia,National,2028,40,Male,C_IHD,Ischaemic heart disease,CVD,2117451,0.00287029,0.000511851350866534,0.00180164305381914,0.00235843864913347,0.00197591178860873,0.0410634338592594,0.000529408629393965,-0.0331639447349579,0.8,0.973468844212034,0.520670577641515,0.939102798934496,0.00102879913234359,0.0375396703968344,0.996612762218523,0.00102879913234359,0.00235843864913347,0.960101890954032,0.0375396703968344,0.00235843864913347,UNCHANGED,"Calibrated 2019 IR is held by age, sex, cause and location; CF carries 80% of projected cause-mortality change since 2019; annual background mortality follows the WPP-scaled baseline."
IDN_NATIONAL,GBD_11,11,Indonesia,National,2049,22,Female,C_ICH,Intracerebral haemorrhage,CVD,2052324,0.00068459,2.86637596476131e-05,0.000565099931312396,0.000655926240352387,0.000128880581789322,0.0202209395538477,4.02634481693883e-05,-0.288094762102226,0.8,0.769524190318219,0.60226208656985,0.93800091950465,7.76198881067732e-05,0.0145957653130682,0.999266453871541,7.76198881067732e-05,0.000655926240352387,0.984748308446579,0.0145957653130682,0.000655926240352387,UNCHANGED,"Calibrated 2019 IR is held by age, sex, cause and location; CF carries 80% of projected cause-mortality change since 2019; annual background mortality follows the WPP-scaled baseline."
IDN_NATIONAL,GBD_11,11,Indonesia,National,2025,70,Male,C_RHD,Rheumatic heart disease,CVD,661119,0.04710981,2.31915188206769e-05,0.0248465899424498,0.0470866184811793,2.94163986774488e-05,0.00984755331831155,2.35521054320936e-05,-0.0153101646244048,0.8,0.987751868300476,0.500000000000582,0.624906744590431,1.47081993387415e-05,0.00607842990302138,0.952898673319482,1.47081993387415e-05,0.0470866184811793,0.946834951615799,0.00607842990302138,0.0470866184811793,UNCHANGED,"Calibrated 2019 IR is held by age, sex, cause and location; CF carries 80% of projected cause-mortality change since 2019; annual background mortality follows the WPP-scaled baseline."
IDN_NATIONAL,GBD_11,11,Indonesia,National,2041,44,Male,C_HHD,Hypertensive heart disease,CVD,2216906,0.00356563,6.73956398300917e-05,0.00207476831332697,0.00349823436016991,0.000249974506503536,0.194188960384603,0.000116461339144065,-0.421304612110618,0.8,0.662956310311506,0.677760579995556,0.862219548003387,0.00016942286651194,0.11100110708376,0.996332342773318,0.00016942286651194,0.00349823436016991,0.88550065855607,0.11100110708376,0.00349823436016991,UNCHANGED,"Calibrated 2019 IR is held by age, sex, cause and location; CF carries 80% of projected cause-mortality change since 2019; annual background mortality follows the WPP-scaled baseline."
IDN_NATIONAL,GBD_11,11,Indonesia,National,2050,76,Female,C_CMD,Cardiomyopathy and myocarditis,CVD,1172521,0.04321671,0.000116857815973101,0.0216457484686038,0.0430998521840269,0.000310191860798801,0.128952411474764,9.03330650204088e-05,0.29363280152954,0.8,1.23490624122363,0.531154605163038,0.930350003869953,0.000164759835347375,0.148152784172932,0.956735387980626,0.000164759835347375,0.0430998521840269,0.808747363643041,0.148152784172932,0.0430998521840269,UNCHANGED,"Calibrated 2019 IR is held by age, sex, cause and location; CF carries 80% of projected cause-mortality change since 2019; annual background mortality follows the WPP-scaled baseline."
IDN_NATIONAL,GBD_11,11,Indonesia,National,2042,74,Male,C_IHD,Ischaemic heart disease,CVD,891781,0.05829946,0.00999764804919775,0.0306311295022875,0.0483018119508023,0.011709662513601,0.0799080803129579,0.00775962094055797,0.288419643921273,0.8,1.23073571513702,0.520670577641515,0.939102798934496,0.00609687674494385,0.0923567487747623,0.945601311304254,0.00609687674494385,0.0483018119508023,0.859341439274435,0.0923567487747623,0.0483018119508023,UNCHANGED,"Calibrated 2019 IR is held by age, sex, cause and location; CF carries 80% of projected cause-mortality change since 2019; annual background mortality follows the WPP-scaled baseline."
IDN_NATIONAL,GBD_11,11,Indonesia,National,2028,65,Male,C_HHD,Hypertensive heart disease,CVD,1114681,0.02954105,0.000928848315413835,0.0154903529778383,0.0286122016845862,0.00221008188195547,0.158204356282829,0.000910502434515139,0.0201491837948418,0.8,1.01611934703587,0.677760579995556,0.862219548003387,0.00149790637815181,0.138605678541232,0.969889891937262,0.00149790637815181,0.0286122016845862,0.832782119774181,0.138605678541232,0.0286122016845862,UNCHANGED,"Calibrated 2019 IR is held by age, sex, cause and location; CF carries 80% of projected cause-mortality change since 2019; annual background mortality follows the WPP-scaled baseline."
IDN_NATIONAL,GBD_11,11,Indonesia,National,2043,26,Male,C_CMD,Cardiomyopathy and myocarditis,CVD,2270347,0.00132311,8.79005213398906e-06,0.00111790630343869,0.00131431994786601,1.14276354366787e-05,0.0557752906034566,9.01280200879081e-06,-0.0247148305914725,0.8,0.980228135526822,0.584103771403263,0.854319654386053,6.6749249567856e-06,0.0467077990929914,0.998679005127177,6.6749249567856e-06,0.00131431994786601,0.951977880959143,0.0467077990929914,0.00131431994786601,UNCHANGED,"Calibrated 2019 IR is held by age, sex, cause and location; CF carries 80% of projected cause-mortality change since 2019; annual background mortality follows the WPP-scaled baseline."
IDN_NATIONAL,GBD_11,11,Indonesia,National,2035,46,Male,C_IS,Ischaemic stroke,CVD,2077549,0.00455702,0.000105585693520552,0.00240924927903183,0.00445143430647945,0.00145841379539271,0.0161593080791454,0.00014807156084194,-0.286927935923763,0.8,0.770457651260989,0.500000006541575,0.929903354452946,0.00072920690723668,0.011577354927149,0.994819358786284,0.00072920690723668,0.00445143430647945,0.983971210766372,0.011577354927149,0.00445143430647945,UNCHANGED,"Calibrated 2019 IR is held by age, sex, cause and location; CF carries 80% of projected cause-mortality change since 2019; annual background mortality follows the WPP-scaled baseline."
IDN_NATIONAL,GBD_11,11,Indonesia,National,2025,74,Male,C_IS,Ischaemic stroke,CVD,417988,0.06771966,0.00608990504328525,0.035716608134529,0.0616297549567148,0.0114990616592621,0.0694550751000715,0.00480921334374239,0.266299622829014,0.8,1.21303969826321,0.500000006541575,0.929903354452946,0.00574953090485305,0.0783459973505241,0.932620714138432,0.00574953090485305,0.0616297549567148,0.860024247692761,0.0783459973505241,0.0616297549567148,UNCHANGED,"Calibrated 2019 IR is held by age, sex, cause and location; CF carries 80% of projected cause-mortality change since 2019; annual background mortality follows the WPP-scaled baseline."
IDN_NATIONAL,GBD_11,11,Indonesia,National,2035,54,Female,C_RHD,Rheumatic heart disease,CVD,1933649,0.00630992,1.87559134531304e-05,0.0034527953277555,0.00629116408654687,4.45918581197053e-05,0.00708009018579242,3.78520048810826e-05,-0.504493526510558,0.8,0.596405178791554,0.50000000046055,0.630292412861138,2.22959290803895e-05,0.00266147428872901,0.993686539984373,2.22959290803895e-05,0.00629116408654687,0.991047361624724,0.00266147428872901,0.00629116408654687,UNCHANGED,"Calibrated 2019 IR is held by age, sex, cause and location; CF carries 80% of projected cause-mortality change since 2019; annual background mortality follows the WPP-scaled baseline."
IDN_NATIONAL,GBD_11,11,Indonesia,National,2032,42,Male,C_ICH,Intracerebral haemorrhage,CVD,2092535,0.00325426,0.000366065360994138,0.00199486401112585,0.00288819463900586,0.000987620026825986,0.132165605281679,0.000456054946848232,-0.197321806234109,0.8,0.842142555012713,0.619800257687136,0.936190723053988,0.000612127147123722,0.104200162474501,0.99649967821387,0.000612127147123722,0.00288819463900586,0.892911642886493,0.104200162474501,0.00288819463900586,UNCHANGED,"Calibrated 2019 IR is held by age, sex, cause and location; CF carries 80% of projected cause-mortality change since 2019; annual background mortality follows the WPP-scaled baseline."
IDN_NATIONAL,GBD_11,11,Indonesia,National,2031,70,Female,C_CMD,Cardiomyopathy and myocarditis,CVD,1035422,0.02852726,6.94593901502574e-05,0.0137419158411261,0.0284578006098497,0.000136021933751746,0.129873163411835,5.48748824672552e-05,0.265777474634319,0.8,1.21262197970746,0.531154605163038,0.930350003869953,7.22486765154218e-05,0.146518079928269,0.971469950713635,7.22486765154218e-05,0.0284578006098497,0.825024119461882,0.146518079928269,0.0284578006098497,UNCHANGED,"Calibrated 2019 IR is held by age, sex, cause and location; CF carries 80% of projected cause-mortality change since 2019; annual background mortality follows the WPP-scaled baseline."
IDN_NATIONAL,GBD_11,11,Indonesia,National,2027,23,Male,C_IHD,Ischaemic heart disease,CVD,2264386,0.00152438,5.59420577983491e-05,0.00140325814078625,0.00146843794220165,0.000554003806964306,0.0302735722665221,6.82100609549386e-05,-0.17985621160336,0.8,0.856115030717312,0.520670577641515,0.939102798934496,0.000288453482187704,0.0243393472834313,0.998243108575611,0.000288453482187704,0.00146843794220165,0.974192214774367,0.0243393472834313,0.00146843794220165,UNCHANGED,"Calibrated 2019 IR is held by age, sex, cause and location; CF carries 80% of projected cause-mortality change since 2019; annual background mortality follows the WPP-scaled baseline."
IDN_NATIONAL,GBD_11,11,Indonesia,National,2042,24,Female,C_RHD,Rheumatic heart disease,CVD,2140472,0.0007774,1.1343640914239e-05,0.000652812461465028,0.000766056359085761,0.000341870457760711,0.00384125440641372,2.38345063080953e-05,-0.524066461977182,0.8,0.580746830418255,0.50000000046055,0.630292412861138,0.000170935229037804,0.00140605399598855,0.999063008411876,0.000170935229037804,0.000766056359085761,0.997827889644926,0.00140605399598855,0.000766056359085761,UNCHANGED,"Calibrated 2019 IR is held by age, sex, cause and location; CF carries 80% of projected cause-mortality change since 2019; annual background mortality follows the WPP-scaled baseline."
IDN_NATIONAL,GBD_11,11,Indonesia,National,2043,63,Male,C_IS,Ischaemic stroke,CVD,1689958,0.02090831,0.00124905534470113,0.0102560644237096,0.0196592546552989,0.00586052762806806,0.0394572390208958,0.0016068656761606,-0.22267594408663,0.8,0.821859244730696,0.500000006541575,0.929903354452946,0.00293026385237112,0.0301551818441401,0.97741048149233,0.00293026385237112,0.0196592546552989,0.950185563500561,0.0301551818441401,0.0196592546552989,UNCHANGED,"Calibrated 2019 IR is held by age, sex, cause and location; CF carries 80% of projected cause-mortality change since 2019; annual background mortality follows the WPP-scaled baseline."
IDN_NATIONAL,GBD_11,11,Indonesia,National,2046,79,Female,C_HHD,Hypertensive heart disease,CVD,859206,0.06349318,0.00283482929829277,0.0319210661371474,0.0606583507017072,0.00396422608676145,0.0929485450484698,0.00176979376775258,0.601785106234522,0.8,1.48142808498762,0.636902624129894,0.928853736440594,0.00252482599730255,0.127899987559245,0.93681682330099,0.00252482599730255,0.0606583507017072,0.811441661739048,0.127899987559245,0.0606583507017072,UNCHANGED,"Calibrated 2019 IR is held by age, sex, cause and location; CF carries 80% of projected cause-mortality change since 2019; annual background mortality follows the WPP-scaled baseline."
IDN_NATIONAL,GBD_11,11,Indonesia,National,2033,36,Male,C_IS,Ischaemic stroke,CVD,2260589,0.0020372,1.9781078492337e-05,0.00141109813211559,0.00201741892150766,0.000487364034431271,0.00592320024414133,2.49133298873459e-05,-0.206004232200839,0.8,0.835196614239329,0.500000006541575,0.929903354452946,0.000243682020403764,0.00460026610503581,0.997738899058089,0.000243682020403764,0.00201741892150766,0.993382314973456,0.00460026610503581,0.00201741892150766,UNCHANGED,"Calibrated 2019 IR is held by age, sex, cause and location; CF carries 80% of projected cause-mortality change since 2019; annual background mortality follows the WPP-scaled baseline."
IDN_NATIONAL,GBD_11,11,Indonesia,National,2038,34,Male,C_IHD,Ischaemic heart disease,CVD,2234436,0.00175041,0.000238794126054153,0.00132338065821875,0.00151161587394585,0.00121773033429448,0.0327916749477016,0.000283012766032406,-0.15624256318243,0.8,0.875005949454056,0.520670577641515,0.939102798934496,0.000634036356568701,0.0269455927214671,0.997854347769485,0.000634036356568701,0.00151161587394585,0.971542791404587,0.0269455927214671,0.00151161587394585,UNCHANGED,"Calibrated 2019 IR is held by age, sex, cause and location; CF carries 80% of projected cause-mortality change since 2019; annual background mortality follows the WPP-scaled baseline."
IDN_NATIONAL,GBD_11,11,Indonesia,National,2043,68,Female,C_HHD,Hypertensive heart disease,CVD,1520218,0.01965379,0.000782995364737485,0.0093755649998323,0.0188707946352625,0.00197683084301768,0.0807939532586337,0.000712891890641896,0.0983367534626689,0.8,1.07866940277014,0.636902624129894,0.928853736440594,0.00125904875137887,0.0809495709078665,0.979870156613359,0.00125904875137887,0.0188707946352625,0.900179634456871,0.0809495709078665,0.0188707946352625,UNCHANGED,"Calibrated 2019 IR is held by age, sex, cause and location; CF carries 80% of projected cause-mortality change since 2019; annual background mortality follows the WPP-scaled baseline."
IDN_NATIONAL,GBD_11,11,Indonesia,National,2028,47,Female,C_IHD,Ischaemic heart disease,CVD,2002786,0.00401455,0.000613296094665816,0.00240501601761265,0.00340125390533418,0.00210030533314694,0.0435411913823275,0.000769596256987506,-0.203093714272349,0.8,0.837525028582121,0.500000255019161,1.00141411562457,0.00105015320219157,0.0365184058817513,0.995548592892474,0.00105015320219157,0.00340125390533418,0.960080340212915,0.0365184058817513,0.00340125390533418,UNCHANGED,"Calibrated 2019 IR is held by age, sex, cause and location; CF carries 80% of projected cause-mortality change since 2019; annual background mortality follows the WPP-scaled baseline."
IDN_NATIONAL,GBD_11,11,Indonesia,National,2033,26,Male,C_ICH,Intracerebral haemorrhage,CVD,2373190,0.00140815,4.28505110164e-05,0.00121156715256612,0.0013652994889836,0.0001831339491744,0.0368963192772205,5.17268366371456e-05,-0.171600008773229,0.8,0.862719992981417,0.619800257687136,0.936190723053988,0.000113506468889556,0.0298000669423883,0.998521194042127,0.000113506468889556,0.0013652994889836,0.968834633568628,0.0298000669423883,0.0013652994889836,UNCHANGED,"Calibrated 2019 IR is held by age, sex, cause and location; CF carries 80% of projected cause-mortality change since 2019; annual background mortality follows the WPP-scaled baseline."
IDN_NATIONAL,GBD_11,11,Indonesia,National,2027,32,Female,C_RHD,Rheumatic heart disease,CVD,2122522,0.00137365,2.2210251000088e-05,0.00106637498496939,0.00135143974899991,4.72341919444627e-05,0.00398196560234407,3.31232482046562e-05,-0.329466395842005,0.8,0.736426883326396,0.50000000046055,0.630292412861138,2.36170959939851e-05,0.00184828618559793,0.998624943155006,2.36170959939851e-05,0.00135143974899991,0.996800274065402,0.00184828618559793,0.00135143974899991,UNCHANGED,"Calibrated 2019 IR is held by age, sex, cause and location; CF carries 80% of projected cause-mortality change since 2019; annual background mortality follows the WPP-scaled baseline."
IDN_NATIONAL,GBD_11,11,Indonesia,National,2042,51,Female,C_RHD,Rheumatic heart disease,CVD,1971546,0.00452414,9.3681722007689e-06,0.00242450601320066,0.00451477182779923,4.38434825389174e-05,0.00635368016822948,3.74002809181015e-05,-0.74951599370916,0.8,0.400387205032672,0.50000000046055,0.630292412861138,2.19217412896508e-05,0.00160342119237029,0.995463306430911,2.19217412896508e-05,0.00451477182779923,0.99388180697983,0.00160342119237029,0.00451477182779923,UNCHANGED,"Calibrated 2019 IR is held by age, sex, cause and location; CF carries 80% of projected cause-mortality change since 2019; annual background mortality follows the WPP-scaled baseline."
IDN_NATIONAL,GBD_11,11,Indonesia,National,2046,80,Male,C_RHD,Rheumatic heart disease,CVD,531557,0.09826297,1.04027966269498e-05,0.055924818828993,0.0982525672033731,3.95853603433032e-05,0.0190540166852643,2.95777870700745e-05,-0.648290232047993,0.8,0.481367814361605,0.500000000000582,0.624906744590431,1.97926801716746e-05,0.00573163864140383,0.901727640116455,1.97926801716746e-05,0.0982525672033731,0.896015794155223,0.00573163864140383,0.0982525672033731,UNCHANGED,"Calibrated 2019 IR is held by age, sex, cause and location; CF carries 80% of projected cause-mortality change since 2019; annual background mortality follows the WPP-scaled baseline."
IDN_NATIONAL,GBD_11,11,Indonesia,National,2049,92,Male,C_HHD,Hypertensive heart disease,CVD,39474,0.28455007,0.00722671516884874,0.177227582567423,0.277323354831151,0.00719147069281024,0.20460319990219,0.00446997262092185,0.616724705431943,0.8,1.49337976434555,0.677760579995556,0.862219548003387,0.00487409534778011,0.263451422981158,0.717802549821069,0.00487409534778011,0.277323354831151,0.459225222187691,0.263451422981158,0.277323354831151,UNCHANGED,"Calibrated 2019 IR is held by age, sex, cause and location; CF carries 80% of projected cause-mortality change since 2019; annual background mortality follows the WPP-scaled baseline."
IDN_NATIONAL,GBD_11,11,Indonesia,National,2028,41,Female,C_ICH,Intracerebral haemorrhage,CVD,1998515,0.00247288,0.000303902783656273,0.00161942313358209,0.00216897721634373,0.000817187686570434,0.0972866612704222,0.000451876280576772,-0.327464625343084,0.8,0.738028299725533,0.60226208656985,0.93800091950465,0.000492161161233098,0.0673487560534919,0.997338861622423,0.000492161161233098,0.00216897721634373,0.930482266730164,0.0673487560534919,0.00216897721634373,UNCHANGED,"Calibrated 2019 IR is held by age, sex, cause and location; CF carries 80% of projected cause-mortality change since 2019; annual background mortality follows the WPP-scaled baseline."
IDN_NATIONAL,GBD_11,11,Indonesia,National,2043,52,Female,C_ICH,Intracerebral haemorrhage,CVD,1962466,0.00481835,0.000792239893649939,0.00257474193785559,0.00402611010635006,0.00160122151149251,0.168276128579631,0.0012893280247322,-0.38554046879227,0.8,0.691567624966184,0.60226208656985,0.93800091950465,0.000964355008572008,0.109159221587071,0.995009534885078,0.000964355008572008,0.00402611010635006,0.886814668306579,0.109159221587071,0.00402611010635006,UNCHANGED,"Calibrated 2019 IR is held by age, sex, cause and location; CF carries 80% of projected cause-mortality change since 2019; annual background mortality follows the WPP-scaled baseline."
IDN_NATIONAL,GBD_11,11,Indonesia,National,2049,80,Male,C_RHD,Rheumatic heart disease,CVD,587288,0.09553789,7.38638189524591e-06,0.0544533668178656,0.0955305036181048,3.95853603433032e-05,0.0190540166852643,2.95777870700745e-05,-0.750272666520102,0.8,0.399781866783919,0.500000000000582,0.624906744590431,1.97926801716746e-05,0.00476019610665111,0.904449703701724,1.97926801716746e-05,0.0955305036181048,0.899709300275244,0.00476019610665111,0.0955305036181048,UNCHANGED,"Calibrated 2019 IR is held by age, sex, cause and location; CF carries 80% of projected cause-mortality change since 2019; annual background mortality follows the WPP-scaled baseline."
IDN_NATIONAL,GBD_11,11,Indonesia,National,2027,67,Female,C_ICH,Intracerebral haemorrhage,CVD,1076345,0.02174003,0.00386099439703342,0.0107769586329533,0.0178790356029666,0.00433833761522371,0.414469127129312,0.00365539701515111,0.0562448842164427,0.8,1.04499590737315,0.60226208656985,0.93800091950465,0.0026128162643891,0.406265590259043,0.979508148132644,0.0026128162643891,0.0178790356029666,0.575855374137991,0.406265590259043,0.0178790356029666,UNCHANGED,"Calibrated 2019 IR is held by age, sex, cause and location; CF carries 80% of projected cause-mortality change since 2019; annual background mortality follows the WPP-scaled baseline."
IDN_NATIONAL,GBD_11,11,Indonesia,National,2044,80,Male,C_CMD,Cardiomyopathy and myocarditis,CVD,488246,0.10011649,0.000340720553935431,0.0569195672520444,0.0997757694460646,0.000695081545033053,0.147371528741201,0.000267664931039943,0.272936849110748,0.8,1.2183494792886,0.584103771403263,0.854319654386053,0.000405999751886613,0.153393115562556,0.899818230802049,0.000405999751886613,0.0997757694460646,0.74683111499138,0.153393115562556,0.0997757694460646,UNCHANGED,"Calibrated 2019 IR is held by age, sex, cause and location; CF carries 80% of projected cause-mortality change since 2019; annual background mortality follows the WPP-scaled baseline."
IDN_NATIONAL,GBD_11,11,Indonesia,National,2034,53,Male,C_CMD,Cardiomyopathy and myocarditis,CVD,1968035,0.00907164,3.99234156369084e-05,0.00455218221937245,0.00903171658436309,5.99557491571635e-05,0.254868274282827,4.87455323076849e-05,-0.180983082000023,0.8,0.855213534399982,0.584103771403263,0.854319654386053,3.50203792000072e-05,0.186213319240972,0.990933263036437,3.50203792000072e-05,0.00903171658436309,0.804754964174665,0.186213319240972,0.00903171658436309,UNCHANGED,"Calibrated 2019 IR is held by age, sex, cause and location; CF carries 80% of projected cause-mortality change since 2019; annual background mortality follows the WPP-scaled baseline."
IDN_NATIONAL,GBD_11,11,Indonesia,National,2049,50,Male,C_ICH,Intracerebral haemorrhage,CVD,2112450,0.00576376,0.000899714898592172,0.00262322109257975,0.00486404510140783,0.00218743624340431,0.249611063263566,0.00152771787043062,-0.411072609670678,0.8,0.671141912263458,0.619800257687136,0.936190723053988,0.00135577354733617,0.156834832530312,0.993780181351256,0.00135577354733617,0.00486404510140783,0.838301122368281,0.156834832530312,0.00486404510140783,UNCHANGED,"Calibrated 2019 IR is held by age, sex, cause and location; CF carries 80% of projected cause-mortality change since 2019; annual background mortality follows the WPP-scaled baseline."
