age,sex,cause,year,location,BG.mx.all,ALL.mx,BG.mx,PREVt0,DIS.mx.t0,Nx,cause_id,age_group,age_mid,population,all_cause_mx,all_cause_deaths,cause_fraction_raw,cause_fraction,selected_fraction_sum_raw,fraction_adjustment_factor,incidence_rate,prevalence_rate,cause_name,gbd_cause_name,cause_mx,cause_deaths,incident_cases,prevalent_cases,epidemiology_source,scaling_source,incidence_available,incidence_data_status,prevalence_available,prevalence_data_status,IR,CF,pop,check_well,check_sick,newcases,covid.mx
24,Female,rhd,2027,Indonesia,0.000940759421431444,0.00120217879773007,0.00117834429142198,0.0067726308994363,2.38345063080953e-05,2130662.5,,,,,,,,,,,,,,,,,,,,,,,,,0.000394066445276692,0.00331009859500763,2130662.5,,,0,0
41,Female,hstroke,2012,Indonesia,0.00241979810831946,0.0035631629999824,0.00310599308614525,0.00585656746236314,0.000457169913837148,1801982,,,,,,,,,,,,,,,,,,,,,,,,,0.000590931174872763,0.0924403567446471,1801982,,,0,0
22,Female,istroke,2020,Indonesia,0.00104085964589774,0.00116358263886831,0.00115551882066311,0.0017695496611933,8.06381820519809e-06,2187723.5,,,,,,,,,,,,,,,,,,,,,,,,,6.8668957400531e-05,0.00417247427514624,2187723.5,,,0,0
60,Male,ihd,2036,Indonesia,0.0098525291662783,0.0206794947611504,0.0168443476910364,0.0605490487508827,0.00383514707011397,1084628,,,,,,,,,,,,,,,,,,,,,,,,,0.0050415115638935,0.0565313319648286,1084628,,,0,0
19,Female,istroke,2003,Indonesia,0.00127267656298061,0.00139848803997828,0.0013916209124217,0.00159137208582634,6.86712755658212e-06,2175131.5,,,,,,,,,,,,,,,,,,,,,,,,,0.000151879610282316,0.00533452192894277,2175131.5,,,0,0
80,Female,ihd,2022,Indonesia,0.0261401670992932,0.0501073171266397,0.043154379662336,0.10596860718388,0.00695293746430373,293893,,,,,,,,,,,,,,,,,,,,,,,,,0.00638906406795381,0.0752394506022759,293893,,,0,0
9,Male,dm2,2033,Indonesia,0.000390309955130662,0.000573258926267138,0.000573258926267138,0,0,2462985,,,,,,,,,,,,,,,,,,,,,,,,,0,0,2462985,,,0,0
35,Female,cmd,2037,Indonesia,0.00131834422122869,0.00207300364214063,0.00206155519238181,0.00013259821644196,1.14484497588275e-05,2104220,,,,,,,,,,,,,,,,,,,,,,,,,1.49875769113525e-05,0.0716247297554383,2104220,,,0,0
59,Female,istroke,2031,Indonesia,0.00539264538441559,0.0113368173468716,0.0107962500008392,0.021773881682249,0.0005405673460324,1208539,,,,,,,,,,,,,,,,,,,,,,,,,0.00319133989807515,0.0283868907148177,1208539,,,0,0
81,Male,hstroke,2046,Indonesia,0.0381181708021507,0.0769597799288929,0.0708460555912567,0.0079279518374762,0.00611372433763621,163265,,,,,,,,,,,,,,,,,,,,,,,,,0.00752670737598896,1.06938355530818,163265,,,0,0
8,Female,dm2,2036,Indonesia,0.000317612941023326,0.000491470910493677,0.000491470910493677,0,0,2387736,,,,,,,,,,,,,,,,,,,,,,,,,0,0,2387736,,,0,0
35,Female,hhd,2033,Indonesia,0.00134898981717348,0.00207300364214063,0.0020518387332545,0.00026540741379638,2.11649088861355e-05,2104220,,,,,,,,,,,,,,,,,,,,,,,,,4.05100001625156e-05,0.0547921549911385,2104220,,,0,0
86,Male,ihd,2039,Indonesia,0.05541063618727,0.103379079590929,0.088077529387199,0.12009854412202,0.0153015502037296,60378,,,,,,,,,,,,,,,,,,,,,,,,,0.0125394808119671,0.0934648388749753,60378,,,0,0
64,Male,hhd,2000,Indonesia,0.0170117254934622,0.0309314673238762,0.0298188691977536,0.00577245737600822,0.0011125981261226,524363.5,,,,,,,,,,,,,,,,,,,,,,,,,0.00213715669598316,0.246452797624891,524363.5,,,0,0
71,Female,hhd,2027,Indonesia,0.0130102271292861,0.0267286413266036,0.0257431937695304,0.013260888771627,0.000985447557073281,570655,,,,,,,,,,,,,,,,,,,,,,,,,0.00225725681537675,0.0501392926235763,570655,,,0,0
74,Male,cmd,2048,Indonesia,0.0234723159862796,0.0493901845774229,0.0492495637472441,0.00113638711074314,0.000140620830178794,353983.5,,,,,,,,,,,,,,,,,,,,,,,,,0.000431666699002853,0.124093004034206,353983.5,,,0,0
28,Female,cmd,2044,Indonesia,0.000844180734793067,0.00136093488964998,0.00135171486061324,0.00014471632900274,9.22002903674099e-06,2066333.5,,,,,,,,,,,,,,,,,,,,,,,,,9.61606201796341e-06,0.115664593830706,2066333.5,,,0,0
3,Female,hstroke,2010,Indonesia,0.00147759463959314,0.00149000640921802,0.00148494680612166,0.0005321567867376,5.05960309635463e-06,2314754.5,,,,,,,,,,,,,,,,,,,,,,,,,7.98943093272886e-05,0.0114250873680057,2314754.5,,,0,0
61,Female,hstroke,2008,Indonesia,0.00757834589503128,0.0146979760171022,0.0116800128711851,0.0107501152379269,0.00301796314591712,726639.5,,,,,,,,,,,,,,,,,,,,,,,,,0.0052579099036151,0.444789681298901,726639.5,,,0,0
56,Male,rhd,2015,Indonesia,0.00800449367224014,0.0156426571542771,0.0156169426337431,0.00471646203408408,2.57145205339627e-05,1161073.5,,,,,,,,,,,,,,,,,,,,,,,,,2.8440451647726e-05,0.00545818668817229,1161073.5,,,0,0
90,Female,ihd,2017,Indonesia,0.0615625420793104,0.108765357731965,0.0950068391409355,0.118657841890757,0.0137585185910291,34522.5,,,,,,,,,,,,,,,,,,,,,,,,,0.0279378549379739,0.0982519576936317,34522.5,,,0,0
72,Male,cmd,2045,Indonesia,0.0220105516642841,0.0452855314515018,0.0451596056245498,0.0008971793219459,0.000125925826952096,415699.5,,,,,,,,,,,,,,,,,,,,,,,,,0.000337512192196059,0.126714246929418,415699.5,,,0,0
59,Female,hhd,2018,Indonesia,0.00585812734460592,0.0114641004870585,0.0111284645772581,0.00217041631659168,0.000335635909800439,1162561,,,,,,,,,,,,,,,,,,,,,,,,,0.000645941589388833,0.226313529987925,1162561,,,0,0
76,Female,cmd,2006,Indonesia,0.0198584757922619,0.0395591811152542,0.0394625562370882,0.00095783524746566,9.66248781660127e-05,298672,,,,,,,,,,,,,,,,,,,,,,,,,0.000306992714800303,0.171894826175347,298672,,,0,0
72,Female,rhd,2050,Indonesia,0.0128225706942614,0.028653614562867,0.0286205907351696,0.0035015744952902,3.30238276973601e-05,548756,,,,,,,,,,,,,,,,,,,,,,,,,2.78584517213223e-05,0.00319870164781045,548756,,,0,0
52,Male,rhd,2011,Indonesia,0.00706051673546607,0.0126695873238431,0.0126413163895566,0.0053443074397302,2.82709342865178e-05,1218827.5,,,,,,,,,,,,,,,,,,,,,,,,,3.52661156074242e-05,0.00613296013661698,1218827.5,,,0,0
57,Male,rhd,2008,Indonesia,0.00935914612813855,0.0171683255858214,0.0171354898227463,0.0045175636394099,3.28357630750937e-05,776973.5,,,,,,,,,,,,,,,,,,,,,,,,,3.22447990591229e-05,0.0063857623371705,776973.5,,,0,0
50,Female,cmd,2032,Indonesia,0.00320380013836923,0.00626323776254954,0.00624661563335695,0.00013701108818714,1.66221291925926e-05,1677233,,,,,,,,,,,,,,,,,,,,,,,,,1.93757803063403e-05,0.135240333077117,1677233,,,0,0
35,Male,istroke,2047,Indonesia,0.00174425425861787,0.00240205760714277,0.00237954094825041,0.00504233451482398,2.25166588923559e-05,2186798.5,,,,,,,,,,,,,,,,,,,,,,,,,0.00066817362955687,0.00722788676257038,2186798.5,,,0,0
95,Male,istroke,2001,Indonesia,0.184272231322268,0.30862855882351,0.272967449266293,0.0798134410652113,0.035661109557217,2578.5,,,,,,,,,,,,,,,,,,,,,,,,,0.0601163101305677,0.40592703468385,2578.5,,,0,0
66,Male,dm2,2046,Indonesia,0.0134853675957916,0.0294535191146557,0.027394764061118,0.148079305114854,0.00205875505353776,694051.5,,,,,,,,,,,,,,,,,,,,,,,,,0.00667030440051987,0.0257381927918202,694051.5,,,0,0
50,Female,cmd,2021,Indonesia,0.0034152533949124,0.00626323776254954,0.00624661563335695,0.00013701108818714,1.66221291925926e-05,1677233,,,,,,,,,,,,,,,,,,,,,,,,,1.93757803063403e-05,0.128057190881295,1677233,,,0,8.83490009162618e-05
21,Male,hhd,2015,Indonesia,0.00152945219618357,0.00166242670651401,0.00166006139355922,6.682366659862e-05,2.36531295478316e-06,2227663,,,,,,,,,,,,,,,,,,,,,,,,,1.61574589449484e-05,0.0614951816016278,2227663,,,0,0
10,Female,istroke,2021,Indonesia,0.000392380747190366,0.000463251610773263,0.000462342820459212,0.00078198402670398,9.08790314050468e-07,2313941,,,,,,,,,,,,,,,,,,,,,,,,,3.58980431030691e-05,0.00114930430277164,2313941,,,0,0
87,Female,istroke,2006,Indonesia,0.0479942405914472,0.0879166360111172,0.0736350691138077,0.0634457694021167,0.0142815668973095,41638.5,,,,,,,,,,,,,,,,,,,,,,,,,0.0157131369351976,0.191480792824469,41638.5,,,0,0
30,Female,rhd,2037,Indonesia,0.00100501937574568,0.00156265859690452,0.00153208688244543,0.00863985033221008,3.05717144590937e-05,2066375.5,,,,,,,,,,,,,,,,,,,,,,,,,9.96126847239114e-05,0.00275577079718556,2066375.5,,,0,0
64,Female,dm2,2013,Indonesia,0.00862652058863317,0.0175916620554581,0.0164619696496676,0.127242470733746,0.00112969240579051,679357,,,,,,,,,,,,,,,,,,,,,,,,,0.00722713549924713,0.00721913698177556,679357,,,0,0
72,Male,hstroke,2039,Indonesia,0.0226365553268944,0.0452855314515018,0.0397440187756217,0.0092480888874423,0.00554151267588018,415699.5,,,,,,,,,,,,,,,,,,,,,,,,,0.00626751029411616,0.861862619202957,415699.5,,,0,0
23,Male,istroke,2027,Indonesia,0.00162014476351881,0.00157190075095685,0.00156654793883974,0.00225001910675662,5.35281211710868e-06,2267661.5,,,,,,,,,,,,,,,,,,,,,,,,,0.000185326096313761,0.00433166615578836,2267661.5,,,0,0
15,Male,hstroke,2024,Indonesia,0.000915809966178689,0.000959453215192784,0.000944893269706302,0.00110868989454078,1.45599454864813e-05,2293433.5,,,,,,,,,,,,,,,,,,,,,,,,,4.73801397268592e-05,0.021534852500647,2293433.5,,,0,0
36,Male,cmd,2035,Indonesia,0.0017930641027366,0.00250265917395117,0.00248523060513162,0.00020117362999914,1.74285688195477e-05,2172936.5,,,,,,,,,,,,,,,,,,,,,,,,,3.10811925267437e-05,0.0851369449457756,2172936.5,,,0,0
89,Female,dm2,2030,Indonesia,0.0554140958004415,0.0997250749091406,0.0949750728859891,0.110069873203702,0.00475000202315156,52438,,,,,,,,,,,,,,,,,,,,,,,,,0.00522840608795964,0.03131354360486,52438,,,0,0
36,Female,rhd,2038,Indonesia,0.00138621281970984,0.00217587742146783,0.00213987784802537,0.00910116597270204,3.59995734424587e-05,2096348,,,,,,,,,,,,,,,,,,,,,,,,,3.08068164862178e-05,0.00412094493995375,2096348,,,0,0
76,Female,istroke,2045,Indonesia,0.0164058680040428,0.0350433407782211,0.0309202197441171,0.0591788703128705,0.00412312103410393,428084,,,,,,,,,,,,,,,,,,,,,,,,,0.00959883619978428,0.0621366505947348,428084,,,0,0
23,Female,hhd,2009,Indonesia,0.00126595963891146,0.00142490015901145,0.00142220718513221,9.154146905708e-05,2.69297387923298e-06,2080506.5,,,,,,,,,,,,,,,,,,,,,,,,,1.88679390932442e-05,0.0381964676983903,2080506.5,,,0,0
6,Female,cmd,2036,Indonesia,0.000429640791890211,0.00061264457534351,0.000610801897873231,0.0001663520460101,1.84267747027869e-06,2402716,,,,,,,,,,,,,,,,,,,,,,,,,2.52829744973202e-06,0.00725174938699096,2402716,,,0,0
87,Male,istroke,2003,Indonesia,0.0695441643006174,0.119708652393805,0.104052304824375,0.10761421221217,0.0156563475694294,23087,,,,,,,,,,,,,,,,,,,,,,,,,0.0352883707767157,0.225674135900837,23087,,,0,0
33,Female,hhd,2010,Indonesia,0.0015619779821363,0.00196491053191767,0.00195123043578151,0.00021410105030608,1.36800961361585e-05,1979491.5,,,,,,,,,,,,,,,,,,,,,,,,,6.58577937976709e-05,0.100473215549708,1979491.5,,,0,0
77,Male,ihd,2005,Indonesia,0.0355763812002869,0.0658050278401716,0.05617170420113,0.106259354311316,0.00963332363904166,190865,,,,,,,,,,,,,,,,,,,,,,,,,0.00824801497770113,0.0691775498752943,190865,,,0,0
67,Female,istroke,2026,Indonesia,0.00928352915064402,0.0190287483815503,0.0177913949063076,0.0368343305083508,0.00123735347524267,730291.5,,,,,,,,,,,,,,,,,,,,,,,,,0.00239385261111904,0.0473803323194264,730291.5,,,0,0
88,Female,hstroke,2027,Indonesia,0.0504036267812755,0.0912283130541452,0.0842260901218397,0.0139569134946127,0.00700222293230554,68346.5,,,,,,,,,,,,,,,,,,,,,,,,,0.00755265942757284,0.299028795513595,68346.5,,,0,0
81,Male,ihd,2040,Indonesia,0.0391367855670285,0.0769597799288929,0.0653808667198599,0.117591975829146,0.0115789132090329,163265,,,,,,,,,,,,,,,,,,,,,,,,,0.00942449309899631,0.0809278350889808,163265,,,0,0
20,Female,cmd,2019,Indonesia,0.000968631280683879,0.00110693761571382,0.00110109449567635,0.00018305123947932,5.84312003747336e-06,2143706,,,,,,,,,,,,,,,,,,,,,,,,,7.56093988322867e-06,0.0435445354659941,2143706,,,0,0
67,Female,rhd,2004,Indonesia,0.0127387829768679,0.0241401422305581,0.0240837030055426,0.0040661282938381,5.64392250154554e-05,571705,,,,,,,,,,,,,,,,,,,,,,,,,6.50898323951504e-05,0.0111759456080845,571705,,,0,0
19,Female,dm2,2014,Indonesia,0.00106215320644046,0.00120213180322699,0.00119685704091368,0.00849698534732134,5.27476231331164e-06,2146480,,,,,,,,,,,,,,,,,,,,,,,,,0.00116892618626965,0.00072749530796109,2146480,,,0,0
33,Male,rhd,2027,Indonesia,0.00182880636607702,0.00220085447352597,0.00218584714787843,0.00739376652323848,1.50073256475354e-05,2128999,,,,,,,,,,,,,,,,,,,,,,,,,2.58715930433155e-05,0.00171389646505771,2128999,,,0,0
78,Male,cmd,2008,Indonesia,0.038640551727614,0.0717013781121573,0.0714425640956168,0.0017852169616794,0.000258814016540548,183700,,,,,,,,,,,,,,,,,,,,,,,,,0.000316237594149906,0.218333182146808,183700,,,0,0
35,Male,hstroke,2026,Indonesia,0.00184803852342334,0.00240205760714277,0.00220474144647624,0.00330032371597994,0.000197316160666527,2186798.5,,,,,,,,,,,,,,,,,,,,,,,,,0.000615455170602813,0.116053428096744,2186798.5,,,0,0
61,Female,rhd,2045,Indonesia,0.00603246976639666,0.013404175095103,0.0133676223257539,0.00505302661943894,3.65527693491093e-05,1088178,,,,,,,,,,,,,,,,,,,,,,,,,4.96183116450949e-05,0.00548000339327069,1088178,,,0,0
31,Male,istroke,2035,Indonesia,0.00180196991790739,0.00201171496504708,0.0019978402944787,0.00379762990375558,1.38746705683782e-05,2144640.5,,,,,,,,,,,,,,,,,,,,,,,,,0.000205339425947902,0.00741362846129095,2144640.5,,,0,0
61,Male,hhd,2006,Indonesia,0.0136738857536256,0.0254561695249,0.0245520048893909,0.00297902466815814,0.000904164635509133,622778,,,,,,,,,,,,,,,,,,,,,,,,,0.00161037023623078,0.301935807352858,622778,,,0,0
64,Female,hstroke,2038,Indonesia,0.00753586661346157,0.0162742117341513,0.0132114439594096,0.00928275810116142,0.0030627677747417,909245,,,,,,,,,,,,,,,,,,,,,,,,,0.00554223081161909,0.625844051948179,909245,,,0,0
75,Female,istroke,2001,Indonesia,0.0191316294530071,0.0371738081696896,0.0327114953515899,0.0604924551865902,0.00446231281809968,264950.5,,,,,,,,,,,,,,,,,,,,,,,,,0.00991506245872672,0.055457378257524,264950.5,,,0,0
24,Female,rhd,2001,Indonesia,0.00135193691775598,0.00148589007971851,0.00145602476735283,0.00689977855712346,2.98653123656786e-05,2024559.5,,,,,,,,,,,,,,,,,,,,,,,,,0.000399458759746432,0.00366500779940662,2024559.5,,,0,0
76,Male,dm2,2000,Indonesia,0.0350587732770715,0.0643126577633612,0.061303940877784,0.111243876069052,0.00300871688557727,176082,,,,,,,,,,,,,,,,,,,,,,,,,0.00402469506578953,0.0196964417595854,176082,,,0,0
24,Female,rhd,2043,Indonesia,0.000789524136950834,0.00120217879773007,0.00117834429142198,0.0067726308994363,2.38345063080953e-05,2130662.5,,,,,,,,,,,,,,,,,,,,,,,,,0.000394066445276692,0.00279064735464127,2130662.5,,,0,0
30,Female,istroke,2026,Indonesia,0.00111960449150496,0.00156265859690452,0.00154625689064879,0.00285045379087936,1.64017062557258e-05,2066375.5,,,,,,,,,,,,,,,,,,,,,,,,,0.000199342030909392,0.0106986979866485,2066375.5,,,0,0
91,Female,hstroke,2026,Indonesia,0.0664036987343084,0.116718598619131,0.108766713323016,0.0151660877701919,0.00795188529611588,28752,,,,,,,,,,,,,,,,,,,,,,,,,0.0117018601125432,0.687692913264647,28752,,,0,0
77,Female,cmd,2031,Indonesia,0.0180727067573988,0.0366407723320596,0.0365445003316318,0.0009820976931904,9.62720004277598e-05,395681.5,,,,,,,,,,,,,,,,,,,,,,,,,0.000327654743451971,0.184133015631184,395681.5,,,0,0
91,Female,istroke,2039,Indonesia,0.0652693655149271,0.116718598619131,0.10104946155847,0.054749009899913,0.0156691370606611,28752,,,,,,,,,,,,,,,,,,,,,,,,,0.0226264274850598,0.571434648197319,28752,,,0,0
50,Male,hhd,2016,Indonesia,0.00546581959564082,0.0102370169795011,0.00995285994117392,0.00123344102356014,0.000284157038327202,1558233,,,,,,,,,,,,,,,,,,,,,,,,,0.000457128831855678,0.318289711028839,1558233,,,0,0
87,Male,istroke,2029,Indonesia,0.0610276707094345,0.108645616027526,0.0955683168896011,0.103948343831569,0.0130772991379246,46933,,,,,,,,,,,,,,,,,,,,,,,,,0.0292221206104386,0.232569935607089,46933,,,0,0
89,Male,rhd,2009,Indonesia,0.0821151638552709,0.138728864480564,0.138665171194686,0.00129418938459642,6.36932858781283e-05,15755.5,,,,,,,,,,,,,,,,,,,,,,,,,0.000167067821485818,0.0433943988071326,15755.5,,,0,0
14,Female,hhd,2002,Indonesia,0.000798463421409314,0.000857549669400639,0.000857120820195545,1.156143736892e-05,4.28849205093094e-07,2113122.5,,,,,,,,,,,,,,,,,,,,,,,,,3.72318738032223e-06,0.0122308716764193,2113122.5,,,0,0
79,Male,ihd,2012,Indonesia,0.0397804753910376,0.0743519980689788,0.0635930783827449,0.129372992809489,0.010758919686234,179678.5,,,,,,,,,,,,,,,,,,,,,,,,,0.0113900293312978,0.0711685453810949,179678.5,,,0,0
59,Female,istroke,2041,Indonesia,0.00513129051359367,0.0113368173468716,0.0107962500008392,0.021773881682249,0.0005405673460324,1208539,,,,,,,,,,,,,,,,,,,,,,,,,0.00319133989807515,0.0284685428870031,1208539,,,0,0
61,Male,ihd,2018,Indonesia,0.0114960685995211,0.0227179667404181,0.0185887637512876,0.0646286256807313,0.0041292029891305,975106.5,,,,,,,,,,,,,,,,,,,,,,,,,0.00506773181959033,0.0496986008519871,975106.5,,,0,0
47,Female,hhd,2011,Indonesia,0.00320258590390609,0.00526575185167479,0.00516318346912859,0.0010017777224655,0.000102568382546192,1506478.5,,,,,,,,,,,,,,,,,,,,,,,,,0.000188020931816013,0.109003832166158,1506478.5,,,0,0
95,Female,ihd,2020,Indonesia,0.124546523172113,0.206286921085328,0.179492903376233,0.117713163032827,0.026794017709095,16259,,,,,,,,,,,,,,,,,,,,,,,,,0.0164589934633869,0.258266803835632,16259,,,0,0.0485685088110731
82,Female,hhd,2011,Indonesia,0.0328513869248681,0.0641767347627817,0.061805768685543,0.0249838670131873,0.00237096607723876,161031,,,,,,,,,,,,,,,,,,,,,,,,,0.00260925458534831,0.0831272142221341,161031,,,0,0
52,Female,hhd,2047,Indonesia,0.0031202387341233,0.00703434392235635,0.00686246451730976,0.0013736834179044,0.000171879405046586,1590457,,,,,,,,,,,,,,,,,,,,,,,,,0.000234659793928632,0.132625588131476,1590457,,,0,0
93,Male,dm2,2000,Indonesia,0.132681618520859,0.223679182019639,0.217089078419629,0.0724932450618469,0.00659010360000965,2563.5,,,,,,,,,,,,,,,,,,,,,,,,,0.0101321701915195,0.0410031288306908,2563.5,,,0,0
65,Female,cmd,2028,Indonesia,0.00832960281870279,0.0171923906166177,0.0171572871204192,0.0002589077476419,3.51034961984832e-05,847791.5,,,,,,,,,,,,,,,,,,,,,,,,,6.44377543328316e-05,0.132238183204774,847791.5,,,0,0
86,Female,ihd,2048,Indonesia,0.0405457481635918,0.0780022436905919,0.0681771710215663,0.115925046954271,0.00982507266902557,109253,,,,,,,,,,,,,,,,,,,,,,,,,0.0136009496246834,0.0637095338501812,109253,,,0,0
38,Female,hhd,2023,Indonesia,0.00174529075429882,0.00259979698692072,0.00256633877936631,0.00036957853723248,3.3458207554406e-05,2053111,,,,,,,,,,,,,,,,,,,,,,,,,5.99036532656809e-05,0.0577910081386104,2053111,,,0,0
59,Male,hstroke,2038,Indonesia,0.00897469901405263,0.0189756280306464,0.0160137239601956,0.00903478224967534,0.00296190407045079,1150757,,,,,,,,,,,,,,,,,,,,,,,,,0.00262617213106484,0.46221121549526,1150757,,,0,0
27,Male,ihd,2030,Indonesia,0.00171466988819611,0.00165756319836516,0.00154781711918127,0.0046866619262107,0.000109746079183892,2177979.5,,,,,,,,,,,,,,,,,,,,,,,,,0.000380486339673278,0.0527552246261519,2177979.5,,,0,0
68,Female,cmd,2042,Indonesia,0.009535883057495,0.0209537216178136,0.0209105491762701,0.00036888880988578,4.31724415435059e-05,674288,,,,,,,,,,,,,,,,,,,,,,,,,8.50275695312052e-05,0.114460544434608,674288,,,0,0
58,Male,rhd,2017,Indonesia,0.009044903084295,0.0177464566444785,0.0177224236864726,0.0044139702078266,2.40329580059331e-05,1125502.5,,,,,,,,,,,,,,,,,,,,,,,,,2.66519953064196e-05,0.00543457557306073,1125502.5,,,0,0
62,Female,cmd,2027,Indonesia,0.00708434456159728,0.0144378539692187,0.0144060770603449,0.000163192639836,3.17769088737611e-05,1028701.5,,,,,,,,,,,,,,,,,,,,,,,,,6.29706345294358e-05,0.276486610388348,1028701.5,,,0,0
75,Male,hstroke,2011,Indonesia,0.0314210242890327,0.0594654977015353,0.0519182413385157,0.00990481155114182,0.0075472563630196,291943.5,,,,,,,,,,,,,,,,,,,,,,,,,0.00541874108345809,0.752126339899265,291943.5,,,0,0
47,Male,hhd,2025,Indonesia,0.00472466855821936,0.00728135888619256,0.00709404343975387,0.0010164040223506,0.000187315446438694,1789428,,,,,,,,,,,,,,,,,,,,,,,,,0.000336444867428631,0.247636701549911,1789428,,,0,0
63,Male,hhd,2029,Indonesia,0.0127013637579755,0.0254288009452827,0.0245854519536164,0.00448686191450566,0.00084334899166631,887925.5,,,,,,,,,,,,,,,,,,,,,,,,,0.00170767384194994,0.231009731641276,887925.5,,,0,0
90,Male,istroke,2050,Indonesia,0.0751874081460816,0.13937492972152,0.123873900146383,0.0937268115969968,0.0155010295751361,19539.5,,,,,,,,,,,,,,,,,,,,,,,,,0.0169275250818703,0.177629218564185,19539.5,,,0,0
21,Female,istroke,2029,Indonesia,0.000891260597381434,0.00113526012729107,0.00112757270075771,0.00167698321319598,7.68742653335772e-06,2189482,,,,,,,,,,,,,,,,,,,,,,,,,6.55562390911144e-05,0.0043412893350418,2189482,,,0,0
16,Female,hhd,2017,Indonesia,0.00084551336670884,0.000951326168181435,0.000950108102508972,2.319189623016e-05,1.21806567246303e-06,2146327,,,,,,,,,,,,,,,,,,,,,,,,,8.47980881395079e-06,0.0505834681326055,2146327,,,0,0
11,Male,rhd,2025,Indonesia,0.000480745034246049,0.000564954795624549,0.000556305425554824,0.00152020048530754,8.64937006972468e-06,2434486.5,,,,,,,,,,,,,,,,,,,,,,,,,0.000271768353423218,0.00629160643416862,2434486.5,,,0,0
71,Male,hstroke,2041,Indonesia,0.0208401466028791,0.0423874435287575,0.0370596832458285,0.00930353513686516,0.00532776028292897,445888.5,,,,,,,,,,,,,,,,,,,,,,,,,0.00601630581830717,0.821766702369193,445888.5,,,0,0
83,Male,hhd,2043,Indonesia,0.0448366554250934,0.0875794702811371,0.0847523433231443,0.0247697287706321,0.00282712695799276,115748,,,,,,,,,,,,,,,,,,,,,,,,,0.0026900235628365,0.168024870777161,115748,,,0,0
36,Female,dm2,2010,Indonesia,0.00168133397472174,0.00220331839307612,0.00217415848350202,0.0384563533735363,2.91599095741027e-05,1899873.5,,,,,,,,,,,,,,,,,,,,,,,,,0.00250000318531116,0.000916963290513211,1899873.5,,,0,0
78,Male,dm2,2013,Indonesia,0.0354449379879562,0.0674300022833432,0.0633539257869515,0.129030430699925,0.00407607649639171,213929.5,,,,,,,,,,,,,,,,,,,,,,,,,0.00546805846975284,0.0251348448494724,213929.5,,,0,0
48,Female,hhd,2015,Indonesia,0.00323209971964352,0.0056446408428975,0.00552424064462689,0.0010667861376154,0.000120400198270615,1629121.5,,,,,,,,,,,,,,,,,,,,,,,,,0.000204433819231011,0.124319754232994,1629121.5,,,0,0
0,Male,ihd,2031,Indonesia,0.0172823074736248,0.0228158951980222,0.0228158951980222,0,0,2329001.5,,,,,,,,,,,,,,,,,,,,,,,,,0,0,2329001.5,,,0,0
62,Female,cmd,2050,Indonesia,0.00641460491727592,0.0144378539692187,0.0144060770603449,0.000163192639836,3.17769088737611e-05,1028701.5,,,,,,,,,,,,,,,,,,,,,,,,,6.29706345294358e-05,0.288257517860082,1028701.5,,,0,0
2,Female,hstroke,2020,Indonesia,0.00187712330694011,0.00152154719126619,0.0015174062681185,0.0003731368582762,4.14092314768826e-06,2255592,,,,,,,,,,,,,,,,,,,,,,,,,5.93069566964009e-05,0.017892983540496,2255592,,,0,0
10,Male,hhd,2005,Indonesia,0.000852631744124955,0.000873731034512465,0.000873731034512465,0,0,2282573,,,,,,,,,,,,,,,,,,,,,,,,,0,0,2282573,,,0,0
63,Female,hhd,2031,Indonesia,0.00735836427971912,0.015356032851685,0.0148628677091358,0.00425923363028514,0.00049316514254922,969635,,,,,,,,,,,,,,,,,,,,,,,,,0.00112858045364311,0.113018375807878,969635,,,0,0
65,Female,hstroke,2038,Indonesia,0.00794795124957655,0.0171923906166177,0.0139320797617395,0.00923288566263468,0.00326031085487817,847791.5,,,,,,,,,,,,,,,,,,,,,,,,,0.00365708556162687,0.483943968298755,847791.5,,,0,0
80,Female,cmd,2045,Indonesia,0.0243348891764459,0.0501073171266397,0.0499148590509725,0.0015924755656516,0.0001924580756672,293893,,,,,,,,,,,,,,,,,,,,,,,,,0.000414024826760739,0.107635237694867,293893,,,0,0
28,Female,istroke,2009,Indonesia,0.00130264808910131,0.00153329061203003,0.00152112023459987,0.00260944431878524,1.21703774301621e-05,2098883.5,,,,,,,,,,,,,,,,,,,,,,,,,0.000216335730782441,0.0045360954086034,2098883.5,,,0,0
37,Male,istroke,2032,Indonesia,0.0018142519639614,0.00260326074075957,0.00257595073987724,0.0057215602347659,2.73100008823359e-05,2146181,,,,,,,,,,,,,,,,,,,,,,,,,0.000779579250336586,0.00787325258541987,2146181,,,0,0
0,Male,ihd,2048,Indonesia,0.0122563711400513,0.0228158951980222,0.0228158951980222,0,0,2329001.5,,,,,,,,,,,,,,,,,,,,,,,,,0,0,2329001.5,,,0,0
53,Female,dm2,2022,Indonesia,0.00384658605263871,0.00748136705761312,0.00711863632054711,0.102632393266216,0.000362730737066011,1540073.5,,,,,,,,,,,,,,,,,,,,,,,,,0.00646980682051792,0.00282443997030229,1540073.5,,,0,0
5,Female,dm2,2046,Indonesia,0.000429593528932264,0.000719708590333135,0.000719708590333135,0,0,2356525.5,,,,,,,,,,,,,,,,,,,,,,,,,0,0,2356525.5,,,0,0
34,Female,istroke,2044,Indonesia,0.00119726492886666,0.00197012986281344,0.00194427272561035,0.0036408278550382,2.58571372030923e-05,2082722.5,,,,,,,,,,,,,,,,,,,,,,,,,0.00027637758232917,0.0135527377529162,2082722.5,,,0,0
23,Male,cmd,2033,Indonesia,0.00160278203187812,0.00157190075095685,0.0015646734613273,0.00024590759233666,7.22728962955771e-06,2267661.5,,,,,,,,,,,,,,,,,,,,,,,,,8.860375947411e-06,0.03361799133941,2267661.5,,,0,0
45,Male,ihd,2048,Indonesia,0.00393094133574541,0.00589364031278659,0.00479327846588293,0.0224308883239522,0.00110036184690366,1862284.5,,,,,,,,,,,,,,,,,,,,,,,,,0.00279809403025322,0.0934447948802345,1862284.5,,,0,0
95,Male,istroke,2018,Indonesia,0.165088412328968,0.270883993312362,0.243456625614807,0.0733424465860602,0.0274273676975553,6195,,,,,,,,,,,,,,,,,,,,,,,,,0.0460380217083134,0.361172143656761,6195,,,0,0
16,Female,ihd,2036,Indonesia,0.000624835308632944,0.000904582526996244,0.0008663615836084,0.00078856670399744,3.82209433878437e-05,2156270,,,,,,,,,,,,,,,,,,,,,,,,,0.000360379881193924,0.0832665077158081,2156270,,,0,0
60,Male,hhd,2007,Indonesia,0.0125728418538855,0.0234190707014732,0.0226041811287362,0.00260777654991466,0.000814889572737043,652940.5,,,,,,,,,,,,,,,,,,,,,,,,,0.00142292278312955,0.326381813225548,652940.5,,,0,0
3,Female,hhd,2043,Indonesia,0.00060664028733187,0.000933836620312386,0.000933836620312386,0,0,2292728,,,,,,,,,,,,,,,,,,,,,,,,,0,0,2292728,,,0,0
72,Female,hstroke,2041,Indonesia,0.0131866125360732,0.028653614562867,0.024460031703079,0.0093458919819916,0.00419358285978801,548756,,,,,,,,,,,,,,,,,,,,,,,,,0.00256006114401694,0.461416664641645,548756,,,0,0
73,Female,hhd,2011,Indonesia,0.016406639104954,0.0336770187357012,0.0325051452562808,0.0152355741170884,0.00117187347942044,465449,,,,,,,,,,,,,,,,,,,,,,,,,0.00245007143737513,0.0476201275207017,465449,,,0,0
75,Male,istroke,2013,Indonesia,0.0297793561235205,0.0573496086996227,0.0513229448109628,0.0918239414277259,0.00602666388865988,305682,,,,,,,,,,,,,,,,,,,,,,,,,0.0109145503736159,0.0496861658948702,305682,,,0,0
28,Male,hhd,2031,Indonesia,0.00173883754030418,0.00174610114003564,0.00173828924856675,0.00012446855267246,7.81189146888906e-06,2167667,,,,,,,,,,,,,,,,,,,,,,,,,2.27958655968138e-05,0.0836722235079381,2167667,,,0,0
58,Male,cmd,2026,Indonesia,0.00883499230700864,0.0172717613001425,0.0172117939796306,0.00020568075700284,5.99673205118154e-05,1215057.5,,,,,,,,,,,,,,,,,,,,,,,,,5.79912938776201e-05,0.336095576060172,1215057.5,,,0,0
93,Male,rhd,2049,Indonesia,0.107578865043648,0.196358879103233,0.196262270377894,0.00112021094821787,9.66087253390111e-05,6470.5,,,,,,,,,,,,,,,,,,,,,,,,,8.02039768636998e-05,0.0282235742253946,6470.5,,,0,0
54,Male,rhd,2048,Indonesia,0.00639004050872342,0.0130595095236183,0.0130374019454536,0.00503360134539948,2.21075781646894e-05,1453083.5,,,,,,,,,,,,,,,,,,,,,,,,,3.03337537008748e-05,0.00449179917512122,1453083.5,,,0,0
43,Female,ihd,2018,Indonesia,0.00264814491176978,0.00414299912093799,0.00355200469056621,0.0136641445282949,0.00059099443037178,1877664,,,,,,,,,,,,,,,,,,,,,,,,,0.00105527839854579,0.0522837501643249,1877664,,,0,0
37,Female,dm2,2014,Indonesia,0.00167590235269987,0.00228653913531306,0.00225317468876954,0.0401852577325457,3.33644465435203e-05,1960009.5,,,,,,,,,,,,,,,,,,,,,,,,,0.00229110141660495,0.00100322165622391,1960009.5,,,0,0
32,Male,istroke,2019,Indonesia,0.00164695957386693,0.00210025290671756,0.00208492626081018,0.0040234959349111,1.5326645907386e-05,2120154,,,,,,,,,,,,,,,,,,,,,,,,,0.000220358389593926,0.00689396262547277,2120154,,,0,0
44,Male,dm2,2025,Indonesia,0.00339718128070473,0.0051997810260836,0.00499676613116447,0.0766833590904522,0.000203014894919136,1892981,,,,,,,,,,,,,,,,,,,,,,,,,0.00747837646268946,0.0025262946215696,1892981,,,0,0
26,Male,istroke,2018,Indonesia,0.00147328261823266,0.00167732754467221,0.00166957214464204,0.00273382308393924,7.75540003017203e-06,2182290,,,,,,,,,,,,,,,,,,,,,,,,,0.000201951871405398,0.0024192382900855,2182290,,,0,0
27,Male,cmd,2022,Indonesia,0.00166942354767537,0.00165756319836516,0.00164795522556329,0.0002028115811013,9.60797280186851e-06,2177979.5,,,,,,,,,,,,,,,,,,,,,,,,,8.88814387822953e-06,0.103110523862552,2177979.5,,,0,0
84,Female,rhd,2005,Indonesia,0.0391452892960366,0.0746515378445744,0.0745921539200743,0.00206029189377058,5.93839245001806e-05,77531,,,,,,,,,,,,,,,,,,,,,,,,,6.73293155063941e-05,0.0275670493675045,77531,,,0,0
71,Female,cmd,2023,Indonesia,0.013274354559061,0.0267286413266036,0.0266679152236745,0.00050740178100562,6.07261029291299e-05,570655,,,,,,,,,,,,,,,,,,,,,,,,,7.94034788333017e-05,0.161650679087373,570655,,,0,0
1,Female,rhd,2042,Indonesia,0.00177108875261383,0.00210925776222,0.0021071553899691,4.73638338241e-05,2.10237225089607e-06,2218772,,,,,,,,,,,,,,,,,,,,,,,,,3.63988130822441e-05,0.0185300979669247,2218772,,,0,0
20,Female,hhd,2047,Indonesia,0.000715054852756266,0.00110693761571382,0.00110473969988318,5.9954644741e-05,2.1979158306446e-06,2067496,,,,,,,,,,,,,,,,,,,,,,,,,1.58635495455565e-05,0.0538247107636649,2067496,,,0,0
64,Male,cmd,2013,Indonesia,0.0151228661233691,0.0293362579417013,0.029251848937863,0.00037425146267358,8.44090038382942e-05,600853,,,,,,,,,,,,,,,,,,,,,,,,,0.000109563149076523,0.331591230884009,600853,,,0,0
49,Female,hhd,2007,Indonesia,0.00353147474576124,0.00592914431448977,0.00581305288940293,0.00116210858378468,0.000116091425086844,1218689,,,,,,,,,,,,,,,,,,,,,,,,,0.000191017963814936,0.110085814353261,1218689,,,0,0
20,Male,cmd,2034,Indonesia,0.00135727258648474,0.00142037916551052,0.0014148825026419,0.0002591719597907,5.49666286861991e-06,2411772,,,,,,,,,,,,,,,,,,,,,,,,,7.0393163140825e-06,0.0255156606752655,2411772,,,0,0
17,Female,cmd,2047,Indonesia,0.000654330230378523,0.00102197008098209,0.00101718770116643,0.0001841240140326,4.78237981566656e-06,2148735.5,,,,,,,,,,,,,,,,,,,,,,,,,3.99458719625773e-06,0.0515117101776279,2148735.5,,,0,0
82,Female,hstroke,2001,Indonesia,0.034248571376032,0.06711518788246,0.0594072270621946,0.014632940686671,0.00770796082026537,96401.5,,,,,,,,,,,,,,,,,,,,,,,,,0.00815791330003011,0.649031795825313,96401.5,,,0,0
48,Female,rhd,2041,Indonesia,0.00296267875585785,0.00549213160274273,0.00545295000761985,0.00741122145900358,3.91815951228771e-05,1750710,,,,,,,,,,,,,,,,,,,,,,,,,3.21913971032352e-05,0.00444805790405763,1750710,,,0,0
7,Female,dm2,2038,Indonesia,0.000326624251046939,0.000505580560353885,0.000505580560353885,0,0,2425458.5,,,,,,,,,,,,,,,,,,,,,,,,,0,0,2425458.5,,,0,0
91,Female,hhd,2014,Indonesia,0.0671201487751682,0.118772724885914,0.114215502429542,0.0358868313204838,0.00455722245637129,20057,,,,,,,,,,,,,,,,,,,,,,,,,0.00546029630709127,0.130362369618197,20057,,,0,0
86,Male,hstroke,2005,Indonesia,0.0666685230479252,0.115319154911284,0.10696891252103,0.00915498652578106,0.00835024239025387,31741,,,,,,,,,,,,,,,,,,,,,,,,,0.00606023437714149,0.555940303991045,31741,,,0,0
52,Male,dm2,2020,Indonesia,0.0064417761199062,0.0113872528262715,0.0107934237830257,0.105955770824062,0.00059382904324586,1571604,,,,,,,,,,,,,,,,,,,,,,,,,0.0087057235327315,0.00708931963304559,1571604,,,0,3.14332744723327e-05
35,Male,istroke,2045,Indonesia,0.00175207450152849,0.00240205760714277,0.00237954094825041,0.00504233451482398,2.25166588923559e-05,2186798.5,,,,,,,,,,,,,,,,,,,,,,,,,0.00066817362955687,0.00722853094479143,2186798.5,,,0,0
5,Male,istroke,2036,Indonesia,0.000519831071761332,0.000934175984749787,0.000933622132621192,0.00050564193135535,5.53852128594626e-07,2482047,,,,,,,,,,,,,,,,,,,,,,,,,5.890676925233e-05,0.00144579600342418,2482047,,,0,0
16,Female,hstroke,2016,Indonesia,0.000864635033336333,0.00097390987510082,0.000943572517152497,0.0016782976945611,3.03373579483226e-05,2151566.5,,,,,,,,,,,,,,,,,,,,,,,,,9.75298836654104e-05,0.0131671167311262,2151566.5,,,0,0
84,Male,rhd,2030,Indonesia,0.0509019223030271,0.0928460067177343,0.0928101837996508,0.00166671720311154,3.58229180835046e-05,94807.5,,,,,,,,,,,,,,,,,,,,,,,,,6.77452099807477e-05,0.0117525326820944,94807.5,,,0,0
81,Female,dm2,2044,Indonesia,0.0267598105241316,0.0545961653914998,0.0511648067442321,0.14341450939536,0.00343135864726773,259494,,,,,,,,,,,,,,,,,,,,,,,,,0.00566908841664829,0.0203670359458196,259494,,,0,0
32,Female,cmd,2034,Indonesia,0.00114156803477179,0.00176438230415906,0.00175285365766264,0.0001298429109421,1.15286464964223e-05,2030825,,,,,,,,,,,,,,,,,,,,,,,,,1.36381566385493e-05,0.122988071746953,2030825,,,0,0
58,Male,istroke,2046,Indonesia,0.00789271697830891,0.0172717613001425,0.0165378467022911,0.0336106862811332,0.000733914597851346,1215057.5,,,,,,,,,,,,,,,,,,,,,,,,,0.00474016014584277,0.0362553354499942,1215057.5,,,0,0
59,Female,hhd,2012,Indonesia,0.00623257728794484,0.0121325114385851,0.0117927925649316,0.00216671773868426,0.000339718873653433,884954,,,,,,,,,,,,,,,,,,,,,,,,,0.000637535534835166,0.216464439025902,884954,,,0,0
66,Female,hstroke,2006,Indonesia,0.0102255733335718,0.0202645751744157,0.0159548324926314,0.0109803952950769,0.00430974268178431,619007,,,,,,,,,,,,,,,,,,,,,,,,,0.00435040342745063,0.410487231526643,619007,,,0,0
74,Female,hstroke,2036,Indonesia,0.0151547246161406,0.031848477670544,0.0273895855940278,0.00970397079528764,0.00445889207651617,490173,,,,,,,,,,,,,,,,,,,,,,,,,0.00272860949210424,0.46121964474312,490173,,,0,0
34,Male,rhd,2030,Indonesia,0.00182211472697672,0.00230145604033437,0.0022864251434212,0.00739713917664186,1.50308969131691e-05,2168702,,,,,,,,,,,,,,,,,,,,,,,,,2.57954012191969e-05,0.00159468950654086,2168702,,,0,0
78,Female,hstroke,2024,Indonesia,0.0210513388230985,0.0411296205969196,0.0361556632496691,0.0105009989223798,0.00497395734725055,362363,,,,,,,,,,,,,,,,,,,,,,,,,0.00542856891266372,0.674037544665859,362363,,,0,0
9,Male,hstroke,2011,Indonesia,0.000732810553150988,0.00074799059828449,0.00074347313756102,0.00081721802142302,4.51746072347009e-06,2278585,,,,,,,,,,,,,,,,,,,,,,,,,8.70132944608518e-05,0.0105580216649959,2278585,,,0,0
53,Male,dm2,2003,Indonesia,0.00708442774147906,0.0120917890584733,0.0115353470019471,0.0868662703970377,0.000556442056526285,772098.5,,,,,,,,,,,,,,,,,,,,,,,,,0.0042645041167546,0.00731144788666873,772098.5,,,0,0
53,Male,hhd,2015,Indonesia,0.00678991376953077,0.0130454699255124,0.0126685014056462,0.00140922016154016,0.000376968519866207,1343639,,,,,,,,,,,,,,,,,,,,,,,,,0.000629853325776665,0.360602815458762,1343639,,,0,0
84,Female,istroke,2047,Indonesia,0.0347659436930028,0.0685436286734758,0.0582001747596499,0.0659456739875926,0.0103434539138259,162437,,,,,,,,,,,,,,,,,,,,,,,,,0.00828909092310291,0.234766335131812,162437,,,0,0
80,Female,istroke,2020,Indonesia,0.026354508402436,0.0501073171266397,0.0428844135658046,0.0658499105233117,0.00722290356083512,293893,,,,,,,,,,,,,,,,,,,,,,,,,0.00631994508081314,0.172304183443095,293893,,,0,0.000883866146831615
73,Male,istroke,2036,Indonesia,0.0239371932116195,0.0473378580144624,0.0427452465085029,0.0839735245473103,0.00459261150595943,385422.5,,,,,,,,,,,,,,,,,,,,,,,,,0.0153529523839636,0.0710472413075344,385422.5,,,0,0
68,Male,hhd,2036,Indonesia,0.0165877387276877,0.0336931797605244,0.0325956705289745,0.0102979539417038,0.00109750923154993,575869,,,,,,,,,,,,,,,,,,,,,,,,,0.00249502575665614,0.184252184640116,575869,,,0,0
71,Male,hhd,2044,Indonesia,0.0205450090875887,0.0423874435287575,0.0409303742346497,0.0137413595284933,0.0014570692941078,445888.5,,,,,,,,,,,,,,,,,,,,,,,,,0.00164216154869262,0.131883395094777,445888.5,,,0,0
67,Female,istroke,2003,Indonesia,0.0106054016477047,0.0206449642737058,0.0193641153395568,0.0391620187691335,0.00128084893414902,557865.5,,,,,,,,,,,,,,,,,,,,,,,,,0.00238976066889723,0.0372814192572336,557865.5,,,0,0
47,Male,istroke,2030,Indonesia,0.00479285161322457,0.00728135888619256,0.00710970769652112,0.0128891287106558,0.000171651189671444,1789428,,,,,,,,,,,,,,,,,,,,,,,,,0.00186746347275904,0.0236669358844822,1789428,,,0,0
73,Female,ihd,2043,Indonesia,0.013948638874557,0.0302510461167055,0.0258396074100662,0.0837700179838542,0.00441143870663934,522148.5,,,,,,,,,,,,,,,,,,,,,,,,,0.0059835497791263,0.0801377774120639,522148.5,,,0,0
1,Male,ihd,2043,Indonesia,0.00122248574333391,0.00230042957733526,0.00230042957733526,0,0,2340024.5,,,,,,,,,,,,,,,,,,,,,,,,,0,0,2340024.5,,,0,0
50,Female,rhd,2030,Indonesia,0.00323751701004048,0.00626323776254954,0.00622524371022985,0.00702564690748154,3.79940523196933e-05,1677233,,,,,,,,,,,,,,,,,,,,,,,,,5.40520425413048e-05,0.00462532363846076,1677233,,,0,0
64,Female,hstroke,2042,Indonesia,0.00741518774884823,0.0162742117341513,0.0132114439594096,0.00928275810116142,0.0030627677747417,909245,,,,,,,,,,,,,,,,,,,,,,,,,0.00554223081161909,0.626198001124769,909245,,,0,0
51,Female,hhd,2010,Indonesia,0.00400255900616448,0.00699519634363462,0.0068452815851779,0.00130010322943448,0.000149914758456727,1250881,,,,,,,,,,,,,,,,,,,,,,,,,0.000203022555393717,0.107056651541098,1250881,,,0,0
17,Female,hstroke,2035,Indonesia,0.000739466867981462,0.00102197008098209,0.000989007181066914,0.0017018269553705,3.29628999151785e-05,2148735.5,,,,,,,,,,,,,,,,,,,,,,,,,0.000100011823680076,0.0195066063076827,2148735.5,,,0,0
94,Male,hhd,2018,Indonesia,0.141842398700181,0.234191488590733,0.228055457114382,0.0257526069013767,0.00613603147635136,3956,,,,,,,,,,,,,,,,,,,,,,,,,0.0104836875283567,0.153421788474073,3956,,,0,0
4,Female,istroke,2039,Indonesia,0.000572964619112568,0.00082677260532276,0.000825777820386579,0.0003666064653678,9.94784936181117e-07,2322292,,,,,,,,,,,,,,,,,,,,,,,,,5.26331974531013e-05,0.00194234492323954,2322292,,,0,0
81,Male,cmd,2040,Indonesia,0.0391367855670285,0.0769597799288929,0.0766571144658459,0.00233151619013724,0.000302665463046978,163265,,,,,,,,,,,,,,,,,,,,,,,,,0.000832165374175483,0.192207841919962,163265,,,0,0
49,Female,dm2,2027,Indonesia,0.00318887158076571,0.00587768468264613,0.00565125478641348,0.085822941015421,0.000226429896232657,1717862.5,,,,,,,,,,,,,,,,,,,,,,,,,0.00783461384987212,0.00323932921298047,1717862.5,,,0,0
25,Male,istroke,2004,Indonesia,0.00180334532187146,0.00196196284630861,0.00195522320144941,0.00265695008246816,6.73964485919537e-06,2139131,,,,,,,,,,,,,,,,,,,,,,,,,0.000187171510802054,0.00164860107347897,2139131,,,0,0
17,Male,rhd,2000,Indonesia,0.00167858749375177,0.00178723491999109,0.00175338523853117,0.0031504363878316,3.38496814599223e-05,2277494.5,,,,,,,,,,,,,,,,,,,,,,,,,0.000558774023038328,0.00732150212231111,2277494.5,,,0,0
70,Male,ihd,2001,Indonesia,0.0253034648909511,0.0469047957856394,0.0402464337504954,0.0968515612977522,0.00665836203514406,355675.5,,,,,,,,,,,,,,,,,,,,,,,,,0.00996581042808322,0.0455379528773744,355675.5,,,0,0
71,Female,istroke,2029,Indonesia,0.0128886732388972,0.0267286413266036,0.0237742361820605,0.0465952981749394,0.00295440514454314,570655,,,,,,,,,,,,,,,,,,,,,,,,,0.00582161351687042,0.0522824961503922,570655,,,0,0
20,Male,rhd,2017,Indonesia,0.00139287549670041,0.0015050657875607,0.00148918311335078,0.00441817180037654,1.58826742099174e-05,2308939,,,,,,,,,,,,,,,,,,,,,,,,,0.00041739844771319,0.00272218899053532,2308939,,,0,0
16,Female,hstroke,2047,Indonesia,0.000553587050971456,0.000904582526996244,0.000876866103409953,0.0016183538891218,2.77164235862906e-05,2156270,,,,,,,,,,,,,,,,,,,,,,,,,9.46080933388551e-05,0.0179736805090022,2156270,,,0,0
75,Female,rhd,2019,Indonesia,0.0163625783113139,0.0334459092243825,0.0334158084306413,0.003141526661255,3.01007937412895e-05,459466.5,,,,,,,,,,,,,,,,,,,,,,,,,3.65395300611949e-05,0.0103200764972151,459466.5,,,0,0
31,Male,ihd,2041,Indonesia,0.0018045822828628,0.00201171496504708,0.00180378194038825,0.0072308724434963,0.000207933024658836,2144640.5,,,,,,,,,,,,,,,,,,,,,,,,,0.000653565469554911,0.0542443440849945,2144640.5,,,0,0
65,Female,rhd,2025,Indonesia,0.00846622874409764,0.0171923906166177,0.0171580277796527,0.00444440561954856,3.43628369650035e-05,847791.5,,,,,,,,,,,,,,,,,,,,,,,,,4.60386950074366e-05,0.00657242369620814,847791.5,,,0,0
26,Female,hhd,2010,Indonesia,0.00122978260641385,0.00142050631947381,0.00141642287839692,0.00011924349127044,4.08344107688973e-06,2141379.5,,,,,,,,,,,,,,,,,,,,,,,,,2.01394530452032e-05,0.0283220457453908,2141379.5,,,0,0
41,Female,ihd,2031,Indonesia,0.00222152169724455,0.00356293434529783,0.00307528054239957,0.0116246286308863,0.000487653802898258,1968152,,,,,,,,,,,,,,,,,,,,,,,,,0.00084992355934537,0.0628835309375558,1968152,,,0,0
70,Female,ihd,2036,Indonesia,0.011594527148089,0.0248036680903403,0.0211050377753964,0.0735976713867862,0.00369863031494392,584289.5,,,,,,,,,,,,,,,,,,,,,,,,,0.00523798876098545,0.0728422953370712,584289.5,,,0,0
42,Male,hstroke,2034,Indonesia,0.00246370200621363,0.00381206245267763,0.0033560075058294,0.0049497885122883,0.000456054946848232,1966804,,,,,,,,,,,,,,,,,,,,,,,,,0.00076101021881804,0.174891643874433,1966804,,,0,0
79,Male,istroke,2044,Indonesia,0.0325079454044671,0.0662534720975986,0.058605057649634,0.104485345822688,0.00764841444796464,215380,,,,,,,,,,,,,,,,,,,,,,,,,0.0123393264761612,0.0672957200583166,215380,,,0,0
43,Male,ihd,2021,Indonesia,0.0029730329591138,0.00450592173938062,0.00371037476821484,0.0192158874109791,0.000795546971165778,1933096.5,,,,,,,,,,,,,,,,,,,,,,,,,0.00270728573881416,0.0368839273927167,1933096.5,,,0,8.91357726177541e-05
14,Female,hhd,2033,Indonesia,0.000441965134419115,0.000669807419024546,0.000669196820888525,1.13937277438e-05,6.10598136020692e-07,2221491.5,,,,,,,,,,,,,,,,,,,,,,,,,4.01402501762348e-06,0.0239855209003946,2221491.5,,,0,0
67,Male,hstroke,2012,Indonesia,0.0181817333663831,0.0344678050726413,0.0290888310985081,0.0105407431851294,0.00537897397413321,516109.5,,,,,,,,,,,,,,,,,,,,,,,,,0.00454631040109586,0.770241960212738,516109.5,,,0,0
90,Female,cmd,2049,Indonesia,0.0593030995590417,0.108221836764136,0.107372866451608,0.00594993318675158,0.000848970312527931,39319,,,,,,,,,,,,,,,,,,,,,,,,,0.00108554000567025,0.118566027857159,39319,,,0,0
14,Female,istroke,2002,Indonesia,0.000798463421409314,0.000857549669400639,0.000854696122636542,0.0011489830435687,2.85354676409611e-06,2113122.5,,,,,,,,,,,,,,,,,,,,,,,,,4.1990702197633e-05,0.00138071004991979,2113122.5,,,0,0
92,Male,hstroke,2030,Indonesia,0.09253278279317,0.159861138850849,0.151443164047856,0.0093551640254879,0.00841797480299292,9624.5,,,,,,,,,,,,,,,,,,,,,,,,,0.0102568769775072,0.52132814684773,9624.5,,,0,0
73,Male,dm2,2026,Indonesia,0.0254230026845908,0.0473378580144624,0.0440886837494189,0.155560091814295,0.00324917426504351,385422.5,,,,,,,,,,,,,,,,,,,,,,,,,0.0120358137885745,0.0198412993557106,385422.5,,,0,0
76,Male,hstroke,2006,Indonesia,0.0344664321329432,0.0639454745253162,0.0562766707391827,0.0093854337863771,0.00766880378613348,224644,,,,,,,,,,,,,,,,,,,,,,,,,0.00565884647771252,0.800838478881166,224644,,,0,0
86,Female,rhd,2025,Indonesia,0.0423905450527419,0.0780022436905919,0.077960549798497,0.00201514272614052,4.16938920948257e-05,109253,,,,,,,,,,,,,,,,,,,,,,,,,3.8250008677542e-05,0.0115165220205589,109253,,,0,0
74,Male,dm2,2049,Indonesia,0.0233729199220054,0.0493901845774229,0.0459560133405998,0.15496699996977,0.00343417123682306,353983.5,,,,,,,,,,,,,,,,,,,,,,,,,0.0118029729491491,0.020800367974781,353983.5,,,0,0
45,Female,hhd,2047,Indonesia,0.00266329982021235,0.00461753916627301,0.00452586108496108,0.0008323043819612,9.16780813119217e-05,1845379,,,,,,,,,,,,,,,,,,,,,,,,,0.000187527019417434,0.126530222469412,1845379,,,0,0
93,Female,hhd,2024,Indonesia,0.0892605500199442,0.152239214011194,0.145823263814329,0.0370766068133185,0.00641595019686494,14160,,,,,,,,,,,,,,,,,,,,,,,,,0.00594704191520041,0.140035371155837,14160,,,0,0
69,Female,ihd,2038,Indonesia,0.010593208391476,0.022878694854077,0.019449710589842,0.0702399589626055,0.00342898426423495,615924.5,,,,,,,,,,,,,,,,,,,,,,,,,0.0104666095001548,0.0441701774616925,615924.5,,,0,0
56,Male,ihd,2037,Indonesia,0.00720327308817502,0.0147317662209651,0.011853670168484,0.0476828867377307,0.00287809605248106,1334856,,,,,,,,,,,,,,,,,,,,,,,,,0.00825720749167268,0.0912257413519481,1334856,,,0,0
77,Female,ihd,2046,Indonesia,0.0172067624422956,0.0366407723320596,0.0315352684643103,0.0975977049786802,0.00510550386774927,395681.5,,,,,,,,,,,,,,,,,,,,,,,,,0.00988159175299118,0.0604874713628017,395681.5,,,0,0
73,Male,hstroke,2040,Indonesia,0.023445270888002,0.0473378580144624,0.0416526034707391,0.00902459055821636,0.00568525454372324,385422.5,,,,,,,,,,,,,,,,,,,,,,,,,0.00643836485801069,0.903220586607241,385422.5,,,0,0
29,Female,istroke,2023,Indonesia,0.00110336223535099,0.00146179674327725,0.00144729388923807,0.00268978874345694,1.45028540391777e-05,2060492.5,,,,,,,,,,,,,,,,,,,,,,,,,0.000246026997363435,0.00582504480510429,2060492.5,,,0,0
4,Male,istroke,2000,Indonesia,0.00236426941765195,0.0023772917557854,0.00237648131815466,0.000460086390255325,8.10437630747823e-07,2325959.5,,,,,,,,,,,,,,,,,,,,,,,,,6.2304496256906e-05,0.000879844333853266,2325959.5,,,0,0
59,Female,cmd,2016,Indonesia,0.00591800897856955,0.0117200178137233,0.0116928970141076,0.00013164820048738,2.7120799615636e-05,1070973.5,,,,,,,,,,,,,,,,,,,,,,,,,4.91721028873814e-05,0.125072167783922,1070973.5,,,0,0
93,Male,hstroke,2036,Indonesia,0.1116553385105,0.196358879103233,0.186515653164961,0.00963180609944223,0.00984322593827215,6470.5,,,,,,,,,,,,,,,,,,,,,,,,,0.0102568769775072,0.51817411221194,6470.5,,,0,0
11,Female,rhd,2050,Indonesia,0.000201338108738441,0.000449141960913055,0.000437638195157445,0.00139594756260022,1.15037657556102e-05,2312034.5,,,,,,,,,,,,,,,,,,,,,,,,,0.000369050410512733,0.00650940966808163,2312034.5,,,0,0
53,Female,dm2,2016,Indonesia,0.00412505371081773,0.00767671794709688,0.00731553777197699,0.0927473819234229,0.000361180175119898,1409391.5,,,,,,,,,,,,,,,,,,,,,,,,,0.00439279240123696,0.00287593514995424,1409391.5,,,0,0
95,Male,dm2,2026,Indonesia,0.15967509386906,0.269354359608002,0.25887155139522,0.0847104715510797,0.0104828082127823,6609.5,,,,,,,,,,,,,,,,,,,,,,,,,0.0103979836709674,0.100164693607274,6609.5,,,0,0
40,Female,hhd,2033,Indonesia,0.00202855883615116,0.00324188855917213,0.00319390854068974,0.00047121006282724,4.79800184823893e-05,2006656,,,,,,,,,,,,,,,,,,,,,,,,,0.000105931450804738,0.115815216788812,2006656,,,0,0
77,Female,hstroke,2048,Indonesia,0.0171145181518406,0.0366407723320596,0.0317839164304512,0.0102410890152317,0.00485685590160842,395681.5,,,,,,,,,,,,,,,,,,,,,,,,,0.00520532827451546,0.637015664758377,395681.5,,,0,0
45,Female,cmd,2033,Indonesia,0.00273511692017132,0.00461753916627301,0.00460161073389542,0.00014476247735766,1.59284323775843e-05,1845379,,,,,,,,,,,,,,,,,,,,,,,,,2.422013638174e-05,0.135354802858681,1845379,,,0,0
36,Male,hhd,2008,Indonesia,0.00206327946668328,0.00274080415483663,0.00270968344455492,0.0002709954720336,3.11207102817079e-05,1873040.5,,,,,,,,,,,,,,,,,,,,,,,,,0.00012234949534702,0.147416332977203,1873040.5,,,0,0
31,Male,cmd,2029,Indonesia,0.00179901149829295,0.00201171496504708,0.0019987758702259,0.0001847872521973,1.2939094821179e-05,2144640.5,,,,,,,,,,,,,,,,,,,,,,,,,2.93874704258964e-05,0.0684850827807665,2144640.5,,,0,0
64,Female,dm2,2047,Indonesia,0.00728124487564347,0.0162742117341513,0.015168002792058,0.145535259534733,0.00110620894209329,909245,,,,,,,,,,,,,,,,,,,,,,,,,0.0116113293982082,0.00687272298538662,909245,,,0,0
69,Female,rhd,2017,Indonesia,0.0111847989349441,0.0235149022580792,0.0234795724690631,0.00386108053578848,3.53297890160743e-05,609344.5,,,,,,,,,,,,,,,,,,,,,,,,,4.93340648177328e-05,0.00903552098645698,609344.5,,,0,0
66,Male,rhd,2040,Indonesia,0.0139331469182387,0.0294535191146557,0.029432528035462,0.00335241627815954,2.09910791937533e-05,694051.5,,,,,,,,,,,,,,,,,,,,,,,,,3.48939202235938e-05,0.00447064164756376,694051.5,,,0,0
38,Female,rhd,2034,Indonesia,0.00166525113407912,0.00259979698692072,0.00256084855979259,0.00898915567719712,3.89484271281327e-05,2053111,,,,,,,,,,,,,,,,,,,,,,,,,3.15675826624921e-05,0.00443208467850735,2053111,,,0,0
74,Female,istroke,2038,Indonesia,0.0150465317284123,0.031848477670544,0.0280950831225579,0.0541072052022285,0.00375339454798609,490173,,,,,,,,,,,,,,,,,,,,,,,,,0.00686991550070056,0.0627492316616332,490173,,,0,0
57,Female,hhd,2027,Indonesia,0.0044792643297058,0.0092694595986402,0.00901386543920288,0.0015376856780955,0.000255594159437323,1321479,,,,,,,,,,,,,,,,,,,,,,,,,0.000427231879849706,0.270705204401428,1321479,,,0,0
78,Male,dm2,2050,Indonesia,0.0287710655169246,0.0609003181819516,0.0567186756147761,0.150914932915229,0.00418164256717541,242276,,,,,,,,,,,,,,,,,,,,,,,,,0.00791945689817831,0.0232574932249149,242276,,,0,0
70,Male,dm2,2047,Indonesia,0.0187225478399751,0.0394893556060131,0.036771087712268,0.153827314635977,0.00271826789374517,475041.5,,,,,,,,,,,,,,,,,,,,,,,,,0.0126569191222886,0.0168027547819273,475041.5,,,0,0
71,Male,dm2,2014,Indonesia,0.0240251959013296,0.046409405389181,0.0435676353700163,0.133851756686798,0.00284177001916467,420952,,,,,,,,,,,,,,,,,,,,,,,,,0.00704395469615084,0.0193061393650465,420952,,,0,0
75,Female,hstroke,2014,Indonesia,0.017191730052585,0.0355355067569242,0.0303067992895241,0.0110737005784087,0.00522870746740003,426618.5,,,,,,,,,,,,,,,,,,,,,,,,,0.00568341235970619,0.639161369478233,426618.5,,,0,0
73,Female,hstroke,2040,Indonesia,0.0140879864433104,0.0302510461167055,0.0259248086485534,0.00952493138863962,0.00432623746815209,522148.5,,,,,,,,,,,,,,,,,,,,,,,,,0.00264433531806059,0.459797629701705,522148.5,,,0,0
85,Male,dm2,2050,Indonesia,0.0501757830085262,0.0981125431543314,0.0924451488649494,0.132255461168071,0.00566739428938194,76309.5,,,,,,,,,,,,,,,,,,,,,,,,,0.00901774406459642,0.0325830165007952,76309.5,,,0,0
36,Female,rhd,2044,Indonesia,0.00135117799112333,0.00217587742146783,0.00213987784802537,0.00910116597270204,3.59995734424587e-05,2096348,,,,,,,,,,,,,,,,,,,,,,,,,3.08068164862178e-05,0.00395208036110476,2096348,,,0,0
72,Female,cmd,2003,Indonesia,0.0159182999473966,0.0317703212626912,0.0317022106622177,0.0005845150198681,6.81106004735676e-05,394174,,,,,,,,,,,,,,,,,,,,,,,,,9.26303381145601e-05,0.141263643579322,394174,,,0,0
23,Female,cmd,2021,Indonesia,0.00102390871106745,0.00118288071829919,0.00117591191921655,0.00017555578185862,6.96879908263978e-06,2160999,,,,,,,,,,,,,,,,,,,,,,,,,8.36375891159102e-06,0.0583329918421352,2160999,,,0,0
27,Male,cmd,2028,Indonesia,0.00170395149542046,0.00165756319836516,0.00164795522556329,0.0002028115811013,9.60797280186851e-06,2177979.5,,,,,,,,,,,,,,,,,,,,,,,,,8.88814387822953e-06,0.10335402403155,2177979.5,,,0,0
7,Female,istroke,2042,Indonesia,0.000304525044280454,0.000505580560353885,0.000504836038056223,0.0005763951271587,7.44522297661599e-07,2425458.5,,,,,,,,,,,,,,,,,,,,,,,,,7.85383315095397e-05,0.0011054683110052,2425458.5,,,0,0
49,Male,hstroke,2040,Indonesia,0.00532456359965607,0.00892371646222415,0.00754542454040563,0.0070105454437438,0.00137829192181852,1714970,,,,,,,,,,,,,,,,,,,,,,,,,0.00148503895709662,0.29343058727973,1714970,,,0,0
88,Male,dm2,2021,Indonesia,0.0698390850373624,0.11888872059219,0.11232845896317,0.122069811833289,0.00656026162902037,35805.5,,,,,,,,,,,,,,,,,,,,,,,,,0.0101955132411332,0.0415433568859533,35805.5,,,0,0.0487913890130743
8,Female,hhd,2004,Indonesia,0.00159296150952803,0.00161254268695533,0.00161254268695533,0,0,2197001.5,,,,,,,,,,,,,,,,,,,,,,,,,0,0,2197001.5,,,0,0
55,Male,ihd,2024,Indonesia,0.00739609985881942,0.0138956378722917,0.0111858109812822,0.0448445388421803,0.00270982689100952,1392878.5,,,,,,,,,,,,,,,,,,,,,,,,,0.00784746599859085,0.0853163487919045,1392878.5,,,0,0
92,Female,ihd,2027,Indonesia,0.0716049698589571,0.125215360474127,0.109472577936418,0.117191706156573,0.0157427825377091,20467,,,,,,,,,,,,,,,,,,,,,,,,,0.0331553563336743,0.11994234217912,20467,,,0,0
39,Male,dm2,2042,Indonesia,0.00201113587312884,0.0030867814255268,0.00299422959132337,0.0595262299466403,9.25518342034236e-05,2087799,,,,,,,,,,,,,,,,,,,,,,,,,0.00530142227782963,0.00164720643214058,2087799,,,0,0
82,Female,rhd,2038,Indonesia,0.029549478762919,0.0590850136563598,0.0590504051257149,0.0023646420272574,3.46085306449044e-05,225694,,,,,,,,,,,,,,,,,,,,,,,,,3.81556404697311e-05,0.00777698379072377,225694,,,0,0
71,Female,ihd,2004,Indonesia,0.0171531951047155,0.033783647733109,0.029801422787413,0.079354808136605,0.00398222494569598,441746.5,,,,,,,,,,,,,,,,,,,,,,,,,0.00550870183592124,0.0565055228924869,441746.5,,,0,0
0,Male,hhd,2026,Indonesia,0.0196168588017926,0.0228158951980222,0.0228158951980222,0,0,2329001.5,,,,,,,,,,,,,,,,,,,,,,,,,0,0,2329001.5,,,0,0
50,Male,hhd,2012,Indonesia,0.00598768207254444,0.0107930931988856,0.0104987590458663,0.00122701036846088,0.0002943341530193,1382849,,,,,,,,,,,,,,,,,,,,,,,,,0.000457526513177317,0.320069112550902,1382849,,,0,0
43,Female,hhd,2020,Indonesia,0.00260377394703582,0.00412849980970669,0.0040562725629958,0.0006593291862684,7.2227246710889e-05,1905140.5,,,,,,,,,,,,,,,,,,,,,,,,,0.000138737140363694,0.12076199919082,1905140.5,,,0,4.9307961264792e-06
31,Male,dm2,2004,Indonesia,0.00196719890347816,0.00230412468818437,0.00227994180600659,0.031043579020825,2.41828821777862e-05,1933013,,,,,,,,,,,,,,,,,,,,,,,,,0.00217593989538441,0.000902463984252635,1933013,,,0,0
78,Female,cmd,2008,Indonesia,0.0230331343787448,0.0460755765848309,0.0459389189580918,0.00124450487379682,0.000136657626739103,255217.5,,,,,,,,,,,,,,,,,,,,,,,,,0.00042528498283769,0.179186297085659,255217.5,,,0,0
14,Male,cmd,2009,Indonesia,0.00106300696880521,0.00111917351658646,0.00111551412664795,0.00020202357927608,3.65938993851461e-06,2275528,,,,,,,,,,,,,,,,,,,,,,,,,1.48448400868095e-05,0.0159000076815696,2275528,,,0,0
32,Female,cmd,2038,Indonesia,0.00110492124567246,0.00176438230415906,0.00175285365766264,0.0001298429109421,1.15286464964223e-05,2030825,,,,,,,,,,,,,,,,,,,,,,,,,1.36381566385493e-05,0.12565965881283,2030825,,,0,0
37,Male,hhd,2013,Indonesia,0.00201167616512189,0.00279509577112306,0.00276184303592555,0.0002912054855105,3.32527351975113e-05,1973671,,,,,,,,,,,,,,,,,,,,,,,,,0.000138328574224458,0.160507117336549,1973671,,,0,0
5,Male,rhd,2001,Indonesia,0.00187357536636585,0.00188635722537787,0.00188065506365097,0.0005443284829615,5.70216172689862e-06,2321916.5,,,,,,,,,,,,,,,,,,,,,,,,,0.000136070499218611,0.0196373326269401,2321916.5,,,0,0
85,Male,cmd,2038,Indonesia,0.0523404350572003,0.0981125431543314,0.0976395922712831,0.0035994644004973,0.00047295088304824,76309.5,,,,,,,,,,,,,,,,,,,,,,,,,0.000805524772781227,0.167429946304278,76309.5,,,0,0
52,Female,dm2,2047,Indonesia,0.0031202387341233,0.00703434392235635,0.00671592185589363,0.0983372307258602,0.00031842206646272,1590457,,,,,,,,,,,,,,,,,,,,,,,,,0.0063071372163358,0.00268744874599644,1590457,,,0,0
37,Male,dm2,2000,Indonesia,0.00210494214624442,0.00272041987459776,0.0026728216945239,0.0435199961124677,4.75981800738569e-05,1527358,,,,,,,,,,,,,,,,,,,,,,,,,0.00275713716185519,0.00109888008286249,1527358,,,0,0
27,Female,rhd,2020,Indonesia,0.00103536738148023,0.00126007303602271,0.00123332862218196,0.0080355892374931,2.67444138407501e-05,2074370.5,,,,,,,,,,,,,,,,,,,,,,,,,0.000245869370612016,0.00407918048551408,2074370.5,,,0,0
37,Male,hhd,2050,Indonesia,0.00169424500724612,0.00260326074075957,0.00257133342812297,0.0002938313887348,3.19273126366029e-05,2146181,,,,,,,,,,,,,,,,,,,,,,,,,0.000138559916309324,0.16381343001454,2146181,,,0,0
90,Female,dm2,2032,Indonesia,0.0605340386512607,0.108221836764136,0.103244958323528,0.105212789677704,0.00497687844060751,39319,,,,,,,,,,,,,,,,,,,,,,,,,0.0073196034034093,0.0617270149484506,39319,,,0,0
42,Male,ihd,2032,Indonesia,0.00247578254817818,0.00381206245267763,0.0031689229193808,0.0176083869544926,0.000643139533296838,1966804,,,,,,,,,,,,,,,,,,,,,,,,,0.00244265291333866,0.0381478100808539,1966804,,,0,0
29,Male,dm2,2007,Indonesia,0.00174584165502945,0.0020459171104397,0.00202689263211851,0.0276769177275874,1.90244783211898e-05,2078356.5,,,,,,,,,,,,,,,,,,,,,,,,,0.00339521526640542,0.000889525703943338,2078356.5,,,0,0
75,Male,hstroke,2028,Indonesia,0.0271316868213437,0.0514425111403834,0.045469772860974,0.00857759389976448,0.00597273827940936,325266,,,,,,,,,,,,,,,,,,,,,,,,,0.00497252531798485,0.849451179052098,325266,,,0,0
30,Female,ihd,2010,Indonesia,0.00140374369411961,0.00170208859464089,0.00158091594090661,0.0058625163965348,0.000121172653734275,2075467.5,,,,,,,,,,,,,,,,,,,,,,,,,0.0006884874905796,0.0191946876816712,2075467.5,,,0,0
7,Female,ihd,2028,Indonesia,0.000401174291857258,0.000505580560353885,0.000505580560353885,0,0,2425458.5,,,,,,,,,,,,,,,,,,,,,,,,,0,0,2425458.5,,,0,0
73,Male,hstroke,2003,Indonesia,0.0300727775782082,0.0561441222154147,0.0488948005839936,0.0101135310931221,0.00724932163142101,287091.5,,,,,,,,,,,,,,,,,,,,,,,,,0.0076446007225438,0.862449832408047,287091.5,,,0,0
11,Female,hhd,2046,Indonesia,0.000213918891285961,0.000449141960913055,0.000449141960913055,0,0,2312034.5,,,,,,,,,,,,,,,,,,,,,,,,,0,0,2312034.5,,,0,0
26,Male,cmd,2000,Indonesia,0.00142017897109877,0.00155415710864575,0.00154816429113744,0.00018401855697596,5.99281750831036e-06,1981031.5,,,,,,,,,,,,,,,,,,,,,,,,,4.80970360935584e-06,0.0554775463703885,1981031.5,,,0,0
12,Female,ihd,2004,Indonesia,0.0015225992006597,0.0015481351090004,0.0015481351090004,0,0,2120237.5,,,,,,,,,,,,,,,,,,,,,,,,,0,0,2120237.5,,,0,0
14,Female,cmd,2013,Indonesia,0.000689536141667691,0.000757803279603194,0.000754436184014443,0.00015420411854366,3.36709558875063e-06,2180633.5,,,,,,,,,,,,,,,,,,,,,,,,,7.72480948747959e-06,0.0353186213542841,2180633.5,,,0,0
83,Female,rhd,2038,Indonesia,0.0324638004902892,0.0638143211649178,0.0637779412939105,0.00227726720197818,3.63798710073847e-05,193103.5,,,,,,,,,,,,,,,,,,,,,,,,,4.09342330550502e-05,0.0087420874286042,193103.5,,,0,0
74,Male,ihd,2042,Indonesia,0.0241248380668287,0.0493901845774229,0.0416305636368649,0.104839638428287,0.00775962094055797,353983.5,,,,,,,,,,,,,,,,,,,,,,,,,0.00857165956692322,0.0464648014424918,353983.5,,,0,0
60,Male,hstroke,2012,Indonesia,0.0118860227463838,0.0229022951747628,0.019161432336283,0.00979140884401802,0.00374086283847982,775553,,,,,,,,,,,,,,,,,,,,,,,,,0.00618109879107939,0.290764867690386,775553,,,0,0
63,Male,ihd,2010,Indonesia,0.0153025356092809,0.0290290764156814,0.0245133734193744,0.0828907654211492,0.00451570299630705,606061,,,,,,,,,,,,,,,,,,,,,,,,,0.00882873680855523,0.0531747469553888,606061,,,0,0
72,Female,dm2,2027,Indonesia,0.0139550134626683,0.028653614562867,0.0266281918040458,0.160231554366619,0.00202542275882119,548756,,,,,,,,,,,,,,,,,,,,,,,,,0.00655942081077014,0.0131689161172295,548756,,,0,0
31,Female,ihd,2005,Indonesia,0.00151055884375274,0.00181064123146031,0.00169695068130505,0.00637837476832382,0.000113690550155259,1925497.5,,,,,,,,,,,,,,,,,,,,,,,,,0.000723076441787202,0.0163355797140182,1925497.5,,,0,0
17,Male,rhd,2021,Indonesia,0.001256939382787,0.00122522020511914,0.00120977843620483,0.003124324504531,1.54417689143077e-05,2264664,,,,,,,,,,,,,,,,,,,,,,,,,0.00051636547696019,0.0049174583453144,2264664,,,0,0
90,Female,istroke,2010,Indonesia,0.0633406314926802,0.112307308390278,0.0953160236152208,0.0572862471849859,0.0169912847750571,21934,,,,,,,,,,,,,,,,,,,,,,,,,0.0239069280895324,0.526439630554486,21934,,,0,0
6,Female,rhd,2040,Indonesia,0.000397192024986514,0.00061264457534351,0.000608924583315946,0.00064439918604285,3.71999202756435e-06,2402716,,,,,,,,,,,,,,,,,,,,,,,,,0.000132550804569347,0.00370984549784435,2402716,,,0,0
79,Female,cmd,2016,Indonesia,0.0233070915031137,0.0473339066119583,0.0471679838679374,0.0013622595242449,0.00016592274402086,304219,,,,,,,,,,,,,,,,,,,,,,,,,0.000491114094169009,0.189766732676729,304219,,,0,0
30,Male,hstroke,2007,Indonesia,0.0017982777089278,0.00214142956275913,0.0020315976748762,0.00261605485111386,0.000109831887882935,2037324,,,,,,,,,,,,,,,,,,,,,,,,,0.000327802746483518,0.0225503236402342,2037324,,,0,0
28,Female,hhd,2026,Indonesia,0.00100939723171898,0.00136093488964998,0.00135402105580102,0.00013716183066142,6.91383384895971e-06,2066333.5,,,,,,,,,,,,,,,,,,,,,,,,,2.75504772650896e-05,0.0409062702900505,2066333.5,,,0,0
69,Male,ihd,2045,Indonesia,0.0173380529473149,0.0365912676832688,0.0307162653436416,0.0907018905776681,0.00587500233962718,517094,,,,,,,,,,,,,,,,,,,,,,,,,0.0147050078298692,0.0778171204158673,517094,,,0,0
36,Female,ihd,2006,Indonesia,0.00168186801561458,0.0021519672765226,0.00198338073643268,0.00908905848961008,0.000168586540089914,1807725.5,,,,,,,,,,,,,,,,,,,,,,,,,0.00100469669228902,0.0218147499004266,1807725.5,,,0,0
18,Female,cmd,2023,Indonesia,0.0008932851639426,0.00105029259255934,0.00104515663266973,0.00018376642251484,5.13595988960216e-06,2141387.5,,,,,,,,,,,,,,,,,,,,,,,,,4.08275177896053e-06,0.0483900902096359,2141387.5,,,0,0
43,Female,hhd,2043,Indonesia,0.00244538753595424,0.00412849980970669,0.0040562725629958,0.0006593291862684,7.2227246710889e-05,1905140.5,,,,,,,,,,,,,,,,,,,,,,,,,0.000138737140363694,0.126881228814436,1905140.5,,,0,0
9,Female,dm2,2021,Indonesia,0.000420532201675461,0.00047736126063347,0.00047736126063347,0,0,2339741.5,,,,,,,,,,,,,,,,,,,,,,,,,0,0,2339741.5,,,0,0
35,Male,rhd,2036,Indonesia,0.00179216847571518,0.00240205760714277,0.00238700313896397,0.00740051183004524,1.50544681788028e-05,2186798.5,,,,,,,,,,,,,,,,,,,,,,,,,1.57516887834378e-05,0.00243356751187763,2186798.5,,,0,0
86,Female,rhd,2018,Indonesia,0.0425082119632098,0.0785872239674596,0.0785445751865548,0.00200330373812608,4.26487809047903e-05,104108,,,,,,,,,,,,,,,,,,,,,,,,,3.93161577924743e-05,0.0157649577091942,104108,,,0,0
64,Male,dm2,2024,Indonesia,0.0139789532797361,0.026770373668407,0.0249929160967277,0.14356089314114,0.00177745757167933,822687.5,,,,,,,,,,,,,,,,,,,,,,,,,0.00935837402645229,0.0203248111765611,822687.5,,,0,0
69,Female,hhd,2046,Indonesia,0.0102954816942893,0.022878694854077,0.0220749510746246,0.0109728676614513,0.000803743779452358,615924.5,,,,,,,,,,,,,,,,,,,,,,,,,0.00125665902533074,0.127401339528771,615924.5,,,0,0
76,Male,ihd,2011,Indonesia,0.0326585917577474,0.0617063042222143,0.0528561669944576,0.126221469844463,0.00885013722775672,260152,,,,,,,,,,,,,,,,,,,,,,,,,0.0113924775977461,0.0642326815163078,260152,,,0,0
74,Female,cmd,2018,Indonesia,0.0156906976280308,0.0324196432791837,0.0323399352494491,0.00071785882734244,7.97080297345417e-05,484224.5,,,,,,,,,,,,,,,,,,,,,,,,,0.000124799462999476,0.154524329165863,484224.5,,,0,0
46,Male,hhd,2009,Indonesia,0.00429715657661024,0.00710555940928753,0.00693258718208963,0.00091479125321378,0.000172972227197897,1466130.5,,,,,,,,,,,,,,,,,,,,,,,,,0.000298975858756217,0.206020024357734,1466130.5,,,0,0
71,Female,ihd,2024,Indonesia,0.0132055541534401,0.0267286413266036,0.0227603649609507,0.076955383810967,0.00396827636565288,570655,,,,,,,,,,,,,,,,,,,,,,,,,0.00547334359321631,0.067636285139543,570655,,,0,0
1,Female,hstroke,2032,Indonesia,0.00208723286152102,0.00210925776222,0.00210465391428031,0.0002449589485149,4.60384793969156e-06,2218772,,,,,,,,,,,,,,,,,,,,,,,,,6.17369386740448e-05,0.0231106325953821,2218772,,,0,0
62,Male,hhd,2044,Indonesia,0.0109009975933301,0.0240872282221583,0.0232774559519164,0.0033210393732719,0.000809772270241896,952742.5,,,,,,,,,,,,,,,,,,,,,,,,,0.0016155975468206,0.252377272097541,952742.5,,,0,0
68,Male,istroke,2040,Indonesia,0.0162068608409911,0.0336931797605244,0.0311798113664346,0.0656778212286595,0.0025133683940898,575869,,,,,,,,,,,,,,,,,,,,,,,,,0.00946812777224388,0.0622962498790201,575869,,,0,0
38,Female,dm2,2044,Indonesia,0.00161017439361026,0.00259979698692072,0.00255673869962759,0.0469838633379146,4.30582872931349e-05,2053111,,,,,,,,,,,,,,,,,,,,,,,,,0.00343012934829591,0.00122436185743368,2053111,,,0,0
17,Male,istroke,2023,Indonesia,0.00122203342325611,0.00122522020511914,0.00122248216358641,0.0015106565441516,2.73804153272649e-06,2264664,,,,,,,,,,,,,,,,,,,,,,,,,0.000152580483554913,0.00393382562631531,2264664,,,0,0
49,Male,dm2,2011,Indonesia,0.00568737899153995,0.00991860381690735,0.00950391082059943,0.0836843122786624,0.000414692996307923,1394102.5,,,,,,,,,,,,,,,,,,,,,,,,,0.00553171677950257,0.00675192840947442,1394102.5,,,0,0
88,Female,cmd,2016,Indonesia,0.0506524302839828,0.0925538389967184,0.0919366047494049,0.00477782970162834,0.000617234247313509,57656.5,,,,,,,,,,,,,,,,,,,,,,,,,0.00128037270140273,0.0881878764313008,57656.5,,,0,0
62,Male,hhd,2019,Indonesia,0.012189991692477,0.0240872282221583,0.0232774559519164,0.0033210393732719,0.000809772270241896,952742.5,,,,,,,,,,,,,,,,,,,,,,,,,0.0016155975468206,0.234856361499055,952742.5,,,0,0
62,Female,hstroke,2031,Indonesia,0.00693585787729723,0.0144378539692187,0.0117701723547499,0.0093825029782149,0.00266768161446876,1028701.5,,,,,,,,,,,,,,,,,,,,,,,,,0.00498581770764957,0.557317178497488,1028701.5,,,0,0
90,Female,istroke,2006,Indonesia,0.0636723605380147,0.113110520258455,0.0953551758098764,0.0582732560238201,0.017755344448579,18706,,,,,,,,,,,,,,,,,,,,,,,,,0.0251092688573005,0.539141646659876,18706,,,0,0
44,Female,ihd,2050,Indonesia,0.00253161283718907,0.00437301948798985,0.00373862046649996,0.0144208489026949,0.000634399021489884,1870906,,,,,,,,,,,,,,,,,,,,,,,,,0.00108305252964341,0.0799765665297752,1870906,,,0,0
38,Female,hstroke,2040,Indonesia,0.00163050536715017,0.00259979698692072,0.00232041733059989,0.00460312115465044,0.000279379656320828,2053111,,,,,,,,,,,,,,,,,,,,,,,,,0.000855301644648621,0.0655099627131512,2053111,,,0,0
63,Male,istroke,2050,Indonesia,0.0112455524688759,0.0254288009452827,0.0238219352691221,0.048421620928175,0.0016068656761606,887925.5,,,,,,,,,,,,,,,,,,,,,,,,,0.00853283239844851,0.0651576474180925,887925.5,,,0,0
11,Female,rhd,2026,Indonesia,0.000319423506391484,0.000449141960913055,0.000437638195157445,0.00139594756260022,1.15037657556102e-05,2312034.5,,,,,,,,,,,,,,,,,,,,,,,,,0.000369050410512733,0.00785371292925014,2312034.5,,,0,0
33,Female,hstroke,2020,Indonesia,0.00136715214849298,0.00186725608348625,0.00172967670830172,0.00358575928653704,0.000137579375184534,2042193.5,,,,,,,,,,,,,,,,,,,,,,,,,0.000380762032679736,0.0769364354456008,2042193.5,,,0,1.65503640673582e-06
42,Female,hhd,2000,Indonesia,0.00288360040856461,0.0040461242058869,0.0039982936918747,0.000584887141289,4.78305140121985e-05,1264569.5,,,,,,,,,,,,,,,,,,,,,,,,,0.00012118939180529,0.10297806527505,1264569.5,,,0,0
86,Female,ihd,2021,Indonesia,0.0428332823855126,0.0780022436905919,0.0681771710215663,0.115925046954271,0.00982507266902557,109253,,,,,,,,,,,,,,,,,,,,,,,,,0.0136009496246834,0.0581854935778304,109253,,,0,0.0113861151342257
12,Female,cmd,2048,Indonesia,0.000191151650257281,0.000435032311052848,0.000432488354583156,0.0001472450298413,2.54395646969215e-06,2300094,,,,,,,,,,,,,,,,,,,,,,,,,8.53440503730186e-06,0.0344397953737755,2300094,,,0,0
35,Male,cmd,2014,Indonesia,0.0019035625393552,0.00256385210170278,0.00254684648820242,0.00019148486400898,1.70056135003687e-05,2084860.5,,,,,,,,,,,,,,,,,,,,,,,,,3.03618782784112e-05,0.0841170041757352,2084860.5,,,0,0
16,Male,cmd,2015,Indonesia,0.00116640743329167,0.00124157189006022,0.00123752842749652,0.00024654788190212,4.04346256369326e-06,2292601,,,,,,,,,,,,,,,,,,,,,,,,,1.15286171492772e-05,0.0335418960236956,2292601,,,0,0
77,Female,rhd,2044,Indonesia,0.0173038115314696,0.0366407723320596,0.0366126202276224,0.0029014947718982,2.81521044372423e-05,395681.5,,,,,,,,,,,,,,,,,,,,,,,,,3.4700797516815e-05,0.00585888955298425,395681.5,,,0,0
70,Female,ihd,2042,Indonesia,0.0113378464852146,0.0248036680903403,0.0211050377753964,0.0735976713867862,0.00369863031494392,584289.5,,,,,,,,,,,,,,,,,,,,,,,,,0.00523798876098545,0.0754473206480967,584289.5,,,0,0
3,Male,hhd,2005,Indonesia,0.00219639351253871,0.00220708945925954,0.00220708945925954,0,0,2293524.5,,,,,,,,,,,,,,,,,,,,,,,,,0,0,2293524.5,,,0,0
9,Male,cmd,2041,Indonesia,0.000329095072663747,0.000573258926267138,0.000571819708419215,0.0001980863273532,1.4392178479232e-06,2462985,,,,,,,,,,,,,,,,,,,,,,,,,8.74260494146542e-06,0.00999580421097394,2462985,,,0,0
42,Male,hstroke,2002,Indonesia,0.00264683284416935,0.00372769737915859,0.00332039338647691,0.0052919367138869,0.000407303992681678,1359004.5,,,,,,,,,,,,,,,,,,,,,,,,,0.000672361283466331,0.114921369304311,1359004.5,,,0,0
4,Female,istroke,2032,Indonesia,0.00066934252374771,0.00082677260532276,0.000825777820386579,0.0003666064653678,9.94784936181117e-07,2322292,,,,,,,,,,,,,,,,,,,,,,,,,5.26331974531013e-05,0.00194829150654294,2322292,,,0,0
65,Female,hstroke,2027,Indonesia,0.00837387387829905,0.0171923906166177,0.0139320797617395,0.00923288566263468,0.00326031085487817,847791.5,,,,,,,,,,,,,,,,,,,,,,,,,0.00365708556162687,0.483110320033645,847791.5,,,0,0
61,Male,ihd,2014,Indonesia,0.0122497385939996,0.0241133093997584,0.0198939066309856,0.0688654582591514,0.00421940276877283,800103,,,,,,,,,,,,,,,,,,,,,,,,,0.00539890722273671,0.0472164358359764,800103,,,0,0
79,Female,hhd,2036,Indonesia,0.0225256695071085,0.0456184688617797,0.0438486750940271,0.0214981616800288,0.00176979376775258,328335,,,,,,,,,,,,,,,,,,,,,,,,,0.00209237942532377,0.141591542336655,328335,,,0,0
79,Female,hhd,2013,Indonesia,0.0242657534426815,0.0488162819817868,0.0470448791522478,0.0211358703307538,0.00177140282953903,273657.5,,,,,,,,,,,,,,,,,,,,,,,,,0.00202342282734585,0.139382892477798,273657.5,,,0,0
67,Female,dm2,2025,Indonesia,0.00933424341929948,0.0190287483815503,0.0176738529287785,0.153948006150356,0.0013548954527718,730291.5,,,,,,,,,,,,,,,,,,,,,,,,,0.011072025106728,0.00860123672187933,730291.5,,,0,0
9,Female,hhd,2008,Indonesia,0.00060435286778227,0.000624044586825961,0.000624044586825961,0,0,2187778.5,,,,,,,,,,,,,,,,,,,,,,,,,0,0,2187778.5,,,0,0
8,Female,hhd,2033,Indonesia,0.000337299024654098,0.000491470910493677,0.000491470910493677,0,0,2387736,,,,,,,,,,,,,,,,,,,,,,,,,0,0,2387736,,,0,0
34,Male,dm2,2012,Indonesia,0.00194416356105744,0.00253482486252233,0.00249131032286091,0.0403164682504741,4.35145396614247e-05,2051841.5,,,,,,,,,,,,,,,,,,,,,,,,,0.00244701696470357,0.00130628902089783,2051841.5,,,0,0
11,Male,istroke,2018,Indonesia,0.000578559737476551,0.000594683865415778,0.000594137678273476,0.00097384973874674,5.46187142302195e-07,2423990.5,,,,,,,,,,,,,,,,,,,,,,,,,7.4091988166123e-05,0.000788750292767448,2423990.5,,,0,0
3,Male,istroke,2023,Indonesia,0.0010596480713974,0.00128678891258985,0.00128609687602655,0.0003469672826672,6.92036563293592e-07,2414830,,,,,,,,,,,,,,,,,,,,,,,,,5.5338746721403e-05,0.00124843790206809,2414830,,,0,0
24,Female,dm2,2039,Indonesia,0.000820147804146121,0.00120217879773007,0.00119480572537777,0.0166705094814133,7.37307235230311e-06,2130662.5,,,,,,,,,,,,,,,,,,,,,,,,,0.00238978184228873,0.000790402337678954,2130662.5,,,0,0
61,Female,cmd,2019,Indonesia,0.00675468609743966,0.013404175095103,0.0133741272146476,0.0001535923507118,3.00478804553867e-05,1088178,,,,,,,,,,,,,,,,,,,,,,,,,5.76981977861837e-05,0.260782068459209,1088178,,,0,0
42,Male,cmd,2012,Indonesia,0.00267882274979383,0.00411240658717002,0.00408974390438347,0.0002356495737037,2.26626827865506e-05,1782318.5,,,,,,,,,,,,,,,,,,,,,,,,,4.86004489202008e-05,0.102874477257967,1782318.5,,,0,0
89,Female,ihd,2037,Indonesia,0.0548176087122719,0.0997250749091406,0.0872868413715888,0.117088086380231,0.0124382335375518,52438,,,,,,,,,,,,,,,,,,,,,,,,,0.0184734444822966,0.0778992959017168,52438,,,0,0
2,Male,rhd,2033,Indonesia,0.00115398391188154,0.00179360924496256,0.0017919467397514,0.00014743278775275,1.66250521115488e-06,2377304,,,,,,,,,,,,,,,,,,,,,,,,,4.63376021492474e-05,0.00520813557123661,2377304,,,0,0
47,Female,rhd,2036,Indonesia,0.00295161317553246,0.00510657852283932,0.00506680315631485,0.0076040087347646,3.9775366524469e-05,1782531.5,,,,,,,,,,,,,,,,,,,,,,,,,3.25093277364553e-05,0.0046541170913076,1782531.5,,,0,0
33,Male,ihd,2016,Indonesia,0.0017645648480706,0.00230375548713331,0.0020387448857527,0.0088037500686366,0.000265010601380611,2188646.5,,,,,,,,,,,,,,,,,,,,,,,,,0.000780464516203021,0.0352466953791448,2188646.5,,,0,0
36,Female,dm2,2009,Indonesia,0.00167669369135505,0.00218795499167788,0.0021594974975588,0.0383236579225,2.84574941190807e-05,1882678,,,,,,,,,,,,,,,,,,,,,,,,,0.00252440872186104,0.000922353615878103,1882678,,,0,0
94,Male,ihd,2034,Indonesia,0.133484609490422,0.232856619355618,0.194155084479368,0.111672283150214,0.0387015348762499,4224.5,,,,,,,,,,,,,,,,,,,,,,,,,0.0483394741282969,0.214198899763499,4224.5,,,0,0
85,Female,hstroke,2041,Indonesia,0.0380801367922275,0.0732729361820339,0.067084589643485,0.0127485686620406,0.00618834653854889,134361.5,,,,,,,,,,,,,,,,,,,,,,,,,0.00644277136327014,0.270921962885253,134361.5,,,0,0
79,Male,hstroke,2008,Indonesia,0.0421172439695742,0.0776762647991254,0.0699453575108616,0.00925877319716606,0.00773090728826378,158772.5,,,,,,,,,,,,,,,,,,,,,,,,,0.00576491881354773,0.824898860863575,158772.5,,,0,0
14,Female,istroke,2047,Indonesia,0.000363214868828321,0.000669807419024546,0.000666723693691162,0.00107411294432318,3.08372533338433e-06,2221491.5,,,,,,,,,,,,,,,,,,,,,,,,,4.24122083213555e-05,0.00225937458522129,2221491.5,,,0,0
74,Female,ihd,2005,Indonesia,0.0178297894438422,0.0358284557979737,0.031669309447193,0.0878603229758074,0.00415914635078071,353593.5,,,,,,,,,,,,,,,,,,,,,,,,,0.00584076032931991,0.0596251009534754,353593.5,,,0,0
0,Male,dm2,2020,Indonesia,0.0232679834131771,0.0228158951980222,0.0228158951980222,0,0,2329001.5,,,,,,,,,,,,,,,,,,,,,,,,,0,0,2329001.5,,,0,0
3,Male,hhd,2036,Indonesia,0.00068974105286934,0.00128678891258985,0.00128678891258985,0,0,2414830,,,,,,,,,,,,,,,,,,,,,,,,,0,0,2414830,,,0,0
78,Female,istroke,2004,Indonesia,0.0258007003559825,0.0506610654854876,0.0435413256340274,0.0657825240397188,0.0071197398514602,209440,,,,,,,,,,,,,,,,,,,,,,,,,0.0125914760155138,0.0740113812692206,209440,,,0,0
83,Male,rhd,2034,Indonesia,0.0466621748210523,0.0875794702811371,0.0875451589545088,0.00173446903400672,3.43113266282864e-05,115748,,,,,,,,,,,,,,,,,,,,,,,,,6.34168519147743e-05,0.00961343767713661,115748,,,0,0
66,Male,hstroke,2047,Indonesia,0.0134173662994008,0.0294535191146557,0.0251477074144165,0.00948593112160062,0.00430581170023928,694051.5,,,,,,,,,,,,,,,,,,,,,,,,,0.00374355098815348,0.775355799739533,694051.5,,,0,0
19,Female,rhd,2041,Indonesia,0.000734918789229604,0.00107861510413658,0.00105612698363087,0.00423816879414806,2.2488120505705e-05,2143706,,,,,,,,,,,,,,,,,,,,,,,,,0.000598849268852665,0.00537670344678086,2143706,,,0,0
43,Male,dm2,2012,Indonesia,0.00307538647173381,0.00490335407249905,0.0047342040241649,0.0656307416788234,0.000169150048334151,1740935,,,,,,,,,,,,,,,,,,,,,,,,,0.00484205471470937,0.00231387130246493,1740935,,,0,0
20,Female,dm2,2033,Indonesia,0.000825240847081993,0.00110693761571382,0.00110130538990694,0.0103305140594366,5.63222580688391e-06,2328385,,,,,,,,,,,,,,,,,,,,,,,,,0.0019330490199823,0.000898010086770497,2328385,,,0,0
42,Male,hhd,2022,Indonesia,0.0025455461324803,0.00381206245267763,0.00374283718506332,0.0005534738181823,6.92252676143125e-05,1966804,,,,,,,,,,,,,,,,,,,,,,,,,0.000290461559494945,0.183299216432218,1966804,,,0,0
74,Male,hstroke,2019,Indonesia,0.0256767083995952,0.0493901845774229,0.0435611881658566,0.00880109222899042,0.0058289964115663,353983.5,,,,,,,,,,,,,,,,,,,,,,,,,0.00660921942190523,0.79281060102379,353983.5,,,0,0
28,Female,rhd,2037,Indonesia,0.000897291622068687,0.00136093488964998,0.00133291470893645,0.00823700960239876,2.80201807135313e-05,2066333.5,,,,,,,,,,,,,,,,,,,,,,,,,0.000207021899104444,0.00356995390688938,2066333.5,,,0,0
0,Female,cmd,2026,Indonesia,0.0200214483821108,0.0178217508860996,0.0177981199306505,9.32494512176e-05,2.36309554490855e-05,2206294,,,,,,,,,,,,,,,,,,,,,,,,,4.5500112720693e-05,0.103608026223163,2206294,,,0,0
43,Female,hstroke,2049,Indonesia,0.00241702201691392,0.00412849980970669,0.00355043002240426,0.00591501603406662,0.000578069787302428,1905140.5,,,,,,,,,,,,,,,,,,,,,,,,,0.000664595374980308,0.125421685876585,1905140.5,,,0,0
7,Male,rhd,2050,Indonesia,0.0002666794266277,0.000581563056909728,0.000578411357394444,0.0008419074580781,3.15169951528368e-06,2555431.5,,,,,,,,,,,,,,,,,,,,,,,,,0.000162864294408345,0.00382116113539979,2555431.5,,,0,0
43,Male,dm2,2039,Indonesia,0.00291671528211432,0.00450592173938062,0.00433508543554933,0.073091325739027,0.000170836303831285,1933096.5,,,,,,,,,,,,,,,,,,,,,,,,,0.00719561211295541,0.00222027001761433,1933096.5,,,0,0
6,Female,rhd,2011,Indonesia,0.000806964966482927,0.000820356849909363,0.000814945625167445,0.000634933337071675,5.41122474191828e-06,2231814,,,,,,,,,,,,,,,,,,,,,,,,,0.000133238762349842,0.011313110969169,2231814,,,0,0
43,Female,hhd,2011,Indonesia,0.00274431962593182,0.00415215680518649,0.00408809403094983,0.00065253699552374,6.40627742366635e-05,1700074.5,,,,,,,,,,,,,,,,,,,,,,,,,0.000126118427884092,0.106314644399685,1700074.5,,,0,0
31,Female,hhd,2043,Indonesia,0.00101106831719991,0.00166352045053179,0.00165157975275976,0.00017332123729408,1.19406977720279e-05,2050287,,,,,,,,,,,,,,,,,,,,,,,,,5.39523473234343e-05,0.122317866835093,2050287,,,0,0
80,Male,istroke,2039,Indonesia,0.0363087909784152,0.0716066260132458,0.0628635137698445,0.107092849324233,0.00874311224340132,188953.5,,,,,,,,,,,,,,,,,,,,,,,,,0.0125784135630654,0.0775485742734424,188953.5,,,0,0
29,Male,hstroke,2044,Indonesia,0.00178994654465373,0.00183463908170612,0.00174988731901158,0.00234238384965524,8.4751762694543e-05,2159286.5,,,,,,,,,,,,,,,,,,,,,,,,,0.00032847308610806,0.0729698768087881,2159286.5,,,0,0
39,Male,istroke,2029,Indonesia,0.00210117631447341,0.0030867814255268,0.00304889420678783,0.00676371172330938,3.78872187389714e-05,2087799,,,,,,,,,,,,,,,,,,,,,,,,,0.00102696586586244,0.00976370040201571,2087799,,,0,0
19,Male,istroke,2034,Indonesia,0.00125640450927209,0.00135532617871339,0.00135181362465644,0.00174198690195592,3.51255405695554e-06,2256460,,,,,,,,,,,,,,,,,,,,,,,,,0.000177139755760543,0.00412258610735559,2256460,,,0,0
18,Male,cmd,2019,Indonesia,0.00120631958293405,0.00129027319191626,0.00128591198501551,0.0002616623244359,4.36120690075981e-06,2255407,,,,,,,,,,,,,,,,,,,,,,,,,6.79132145659276e-06,0.0339137599339773,2255407,,,0,0
36,Female,hhd,2032,Indonesia,0.00142746243188465,0.00217587742146783,0.00215219631597955,0.00029208509411574,2.36811054882749e-05,2096348,,,,,,,,,,,,,,,,,,,,,,,,,4.56495429725537e-05,0.0564719245875803,2096348,,,0,0
85,Female,rhd,2009,Indonesia,0.0418003490450283,0.0785510369365344,0.0784965698890308,0.0020107191010355,5.44670475035626e-05,77501,,,,,,,,,,,,,,,,,,,,,,,,,5.15892618852202e-05,0.0205284717664414,77501,,,0,0
7,Male,rhd,2018,Indonesia,0.000607101550866515,0.000614485195092244,0.00061119370679508,0.0008419277246169,3.29148829716411e-06,2516086,,,,,,,,,,,,,,,,,,,,,,,,,0.000164133337084954,0.00815142180112175,2516086,,,0,0
1,Male,dm2,2038,Indonesia,0.00137284915184462,0.00230042957733526,0.00230042957733526,0,0,2340024.5,,,,,,,,,,,,,,,,,,,,,,,,,0,0,2340024.5,,,0,0
0,Female,rhd,2042,Indonesia,0.0166069159239074,0.0178217508860996,0.0178217508860996,0,0,2206294,,,,,,,,,,,,,,,,,,,,,,,,,0,0,2206294,,,0,0
5,Female,hhd,2042,Indonesia,0.000461364668200463,0.000719708590333135,0.000719708590333135,0,0,2356525.5,,,,,,,,,,,,,,,,,,,,,,,,,0,0,2356525.5,,,0,0
69,Male,istroke,2032,Indonesia,0.0186328937812734,0.0365912676832688,0.0336122389706573,0.0692956961663041,0.00297902871261147,517094,,,,,,,,,,,,,,,,,,,,,,,,,0.0101855916292743,0.0668076382089293,517094,,,0,0
33,Male,cmd,2026,Indonesia,0.00183137550682863,0.00220085447352597,0.00218616842482657,0.00018550428497826,1.46860486993919e-05,2128999,,,,,,,,,,,,,,,,,,,,,,,,,3.40755033922618e-05,0.0726545508035597,2128999,,,0,0
31,Male,rhd,2015,Indonesia,0.0017153532300355,0.00215023671857411,0.00213332787060624,0.00728913946683274,1.6908847967869e-05,2206659.5,,,,,,,,,,,,,,,,,,,,,,,,,6.97390144087123e-05,0.0019004950486331,2206659.5,,,0,0
91,Male,dm2,2031,Indonesia,0.0858773227792851,0.149618034286184,0.141810830762552,0.110649475155538,0.00780720352363224,13904,,,,,,,,,,,,,,,,,,,,,,,,,0.0126373501515846,0.0439253392975975,13904,,,0,0
55,Male,ihd,2050,Indonesia,0.00658080833888233,0.0138956378722917,0.0111858109812822,0.0448445388421803,0.00270982689100952,1392878.5,,,,,,,,,,,,,,,,,,,,,,,,,0.00784746599859085,0.0964469340904293,1392878.5,,,0,0
0,Female,dm2,2042,Indonesia,0.0166069159239074,0.0178217508860996,0.0178217508860996,0,0,2206294,,,,,,,,,,,,,,,,,,,,,,,,,0,0,2206294,,,0,0
88,Male,rhd,2017,Indonesia,0.0694444952649024,0.120448772627538,0.120402214465865,0.0013983200808002,4.655816167365e-05,33034.5,,,,,,,,,,,,,,,,,,,,,,,,,0.000110932562312863,0.0273526622231008,33034.5,,,0,0
28,Male,cmd,2007,Indonesia,0.00169340560113109,0.00195040465812028,0.0019393782470296,0.00018284548825408,1.10264110906809e-05,2121690.5,,,,,,,,,,,,,,,,,,,,,,,,,8.502464116963e-06,0.0869686265318867,2121690.5,,,0,0
77,Female,rhd,2031,Indonesia,0.0180727067573988,0.0366407723320596,0.0366126202276224,0.0029014947718982,2.81521044372423e-05,395681.5,,,,,,,,,,,,,,,,,,,,,,,,,3.4700797516815e-05,0.00743034313031768,395681.5,,,0,0
81,Female,ihd,2041,Indonesia,0.0269536123657095,0.0545961653914998,0.0470274167283446,0.108758907918947,0.00756874866315521,259494,,,,,,,,,,,,,,,,,,,,,,,,,0.00662489722057808,0.085026364587323,259494,,,0,0
92,Female,rhd,2034,Indonesia,0.0709680845626586,0.125215360474127,0.125152818586688,0.0015774158416266,6.2541887439089e-05,20467,,,,,,,,,,,,,,,,,,,,,,,,,8.16639223541234e-05,0.050513957055555,20467,,,0,0
21,Male,rhd,2048,Indonesia,0.00138962607185519,0.00148543215230765,0.00147158831073002,0.00479725422319628,1.38438415776331e-05,2299917.5,,,,,,,,,,,,,,,,,,,,,,,,,0.000382229429977467,0.00153064265070354,2299917.5,,,0,0
43,Male,istroke,2038,Indonesia,0.00291929364799144,0.00450592173938062,0.00442858906502719,0.00923937690703084,7.73326743534286e-05,1933096.5,,,,,,,,,,,,,,,,,,,,,,,,,0.000738160465696093,0.00773992398438157,1933096.5,,,0,0
63,Male,ihd,2034,Indonesia,0.0122764766142717,0.0254288009452827,0.0209318385853053,0.070682956841185,0.00449696235997737,887925.5,,,,,,,,,,,,,,,,,,,,,,,,,0.00557670591720488,0.0546258132454709,887925.5,,,0,0
92,Female,ihd,2039,Indonesia,0.0705740171446663,0.125215360474127,0.109472577936418,0.117191706156573,0.0157427825377091,20467,,,,,,,,,,,,,,,,,,,,,,,,,0.0331553563336743,0.123605074428588,20467,,,0,0
15,Male,rhd,2034,Indonesia,0.000791003995749445,0.000959453215192784,0.000946178638760865,0.00255050419956456,1.32745764319186e-05,2293433.5,,,,,,,,,,,,,,,,,,,,,,,,,0.000449493528387496,0.00384309827498964,2293433.5,,,0,0
3,Female,hhd,2008,Indonesia,0.00166751424086912,0.00168123236380676,0.00168123236380676,0,0,2239692,,,,,,,,,,,,,,,,,,,,,,,,,0,0,2239692,,,0,0
42,Male,dm2,2047,Indonesia,0.00239748378644787,0.00381206245267763,0.0036734047399342,0.0694992923876019,0.000138657712743435,1966804,,,,,,,,,,,,,,,,,,,,,,,,,0.00691284776322137,0.00193966652894889,1966804,,,0,0
22,Male,ihd,2003,Indonesia,0.00170512512152807,0.00183562123117868,0.0017888264715671,0.0019797267445386,4.67947596115804e-05,2204117.5,,,,,,,,,,,,,,,,,,,,,,,,,0.000599460349580381,0.0233380871089893,2204117.5,,,0,0
45,Male,rhd,2024,Indonesia,0.00383300562955543,0.00589364031278659,0.00587490086529639,0.0064744701772332,1.87394474902016e-05,1862284.5,,,,,,,,,,,,,,,,,,,,,,,,,3.30588720231255e-05,0.00228167552405609,1862284.5,,,0,0
31,Female,hstroke,2034,Indonesia,0.00108686911277965,0.00166352045053179,0.00155893658350931,0.0032586868886823,0.000104583867022479,2050287,,,,,,,,,,,,,,,,,,,,,,,,,0.000306410929234856,0.0714623391624805,2050287,,,0,0
59,Male,ihd,2016,Indonesia,0.0100263654996574,0.0198369262955818,0.0161655487857012,0.0596191239737121,0.00367137750988064,1015779,,,,,,,,,,,,,,,,,,,,,,,,,0.00879667783494523,0.0701691533916587,1015779,,,0,0
91,Female,rhd,2047,Indonesia,0.0647272086042803,0.116718598619131,0.116659872062689,0.00164748625347354,5.87265564427324e-05,28752,,,,,,,,,,,,,,,,,,,,,,,,,7.50884402681773e-05,0.0367163981331576,28752,,,0,0
39,Female,dm2,2038,Indonesia,0.00181915749281559,0.00292084277304642,0.00286921126690897,0.0500198929691636,5.16315061374569e-05,2032880.5,,,,,,,,,,,,,,,,,,,,,,,,,0.00362552061006692,0.00135818869708383,2032880.5,,,0,0
70,Female,rhd,2050,Indonesia,0.0110524976947701,0.0248036680903403,0.0247705014756664,0.00376096771212196,3.31666146739114e-05,584289.5,,,,,,,,,,,,,,,,,,,,,,,,,2.78231526818787e-05,0.00310195236789173,584289.5,,,0,0
5,Male,rhd,2047,Indonesia,0.000397809494443591,0.000934175984749787,0.000931668788688887,0.0005432155447242,2.50719606089957e-06,2482047,,,,,,,,,,,,,,,,,,,,,,,,,0.000129996224909569,0.00432372824799281,2482047,,,0,0
18,Female,hstroke,2036,Indonesia,0.00075295464854465,0.00105029259255934,0.00101586958299332,0.00179576552435936,3.44230095660205e-05,2141387.5,,,,,,,,,,,,,,,,,,,,,,,,,0.00010368962675004,0.0192883192579534,2141387.5,,,0,0
95,Female,istroke,2003,Indonesia,0.127778226958049,0.220692202166136,0.18798818825206,0.050460376997812,0.0327040139140762,6690.5,,,,,,,,,,,,,,,,,,,,,,,,,0.0387056523801118,0.639325953720782,6690.5,,,0,0
68,Female,ihd,2037,Indonesia,0.00972174378371189,0.0209537216178136,0.0177943834042876,0.0668822465384247,0.00315933821352598,674288,,,,,,,,,,,,,,,,,,,,,,,,,0.00997419547226126,0.0436219381527193,674288,,,0,0
91,Male,hstroke,2043,Indonesia,0.0827896648071372,0.149618034286184,0.141468011172354,0.00919537720882372,0.00815002311382994,13904,,,,,,,,,,,,,,,,,,,,,,,,,0.00962803443438693,0.52378278814653,13904,,,0,0
50,Male,ihd,2010,Indonesia,0.0061276639843307,0.0107800601641716,0.00904586790468576,0.0362424711004057,0.00173419225948583,1291431.5,,,,,,,,,,,,,,,,,,,,,,,,,0.0034747852197792,0.0275444570077368,1291431.5,,,0,0
53,Female,rhd,2041,Indonesia,0.00339891672751083,0.00748136705761312,0.00744403780041433,0.00645634230995294,3.73292571987961e-05,1540073.5,,,,,,,,,,,,,,,,,,,,,,,,,5.36918251090422e-05,0.00431293304727543,1540073.5,,,0,0
2,Male,istroke,2032,Indonesia,0.00118760535268323,0.00179360924496256,0.00179291656807327,0.00025530619298745,6.92676889285125e-07,2377304,,,,,,,,,,,,,,,,,,,,,,,,,4.34164165029967e-05,0.00187430060633618,2377304,,,0,0
24,Female,hstroke,2040,Indonesia,0.000812117943113861,0.00120217879773007,0.00115525943252501,0.00238948480006484,4.69193652050618e-05,2130662.5,,,,,,,,,,,,,,,,,,,,,,,,,0.000139106518520206,0.023759814094881,2130662.5,,,0,0
16,Male,hhd,2018,Indonesia,0.00107257728279461,0.00113786032161632,0.00113720222081158,2.195845519528e-05,6.581008047349e-07,2267600,,,,,,,,,,,,,,,,,,,,,,,,,6.85009452122752e-06,0.0485404703583532,2267600,,,0,0
25,Male,cmd,2016,Indonesia,0.00152896468476187,0.00172584744697062,0.00171677802186151,0.00022170637159106,9.0694251091116e-06,2180696,,,,,,,,,,,,,,,,,,,,,,,,,8.1899263149748e-06,0.0808847923486834,2180696,,,0,0
13,Male,ihd,2015,Indonesia,0.000754061618209936,0.000788713913065797,0.000782843459392224,0.00016016804556248,5.87045367357262e-06,2273540.5,,,,,,,,,,,,,,,,,,,,,,,,,5.20340992749544e-05,0.00802862238296202,2273540.5,,,0,0
40,Female,hstroke,2020,Indonesia,0.00213114638896488,0.00324188855917213,0.00284751115334734,0.00510577488602412,0.00039437740582479,2006656,,,,,,,,,,,,,,,,,,,,,,,,,0.000510523265091652,0.0961473197874069,2006656,,,0,2.7762241927624e-06
74,Male,hhd,2008,Indonesia,0.0313171238669807,0.0590915165608174,0.0569147970847484,0.0163633989693919,0.00217671947606902,298132.5,,,,,,,,,,,,,,,,,,,,,,,,,0.00213998457469811,0.151390488446618,298132.5,,,0,0
40,Male,hstroke,2009,Indonesia,0.00247531525208134,0.00356865428751017,0.00316554013478844,0.0047307925527225,0.000403114152721728,1762736.5,,,,,,,,,,,,,,,,,,,,,,,,,0.000660276696727764,0.130362032697191,1762736.5,,,0,0
55,Female,cmd,2027,Indonesia,0.00409105762815891,0.00837541332812666,0.00835478375967107,0.00012169994378232,2.06295684555879e-05,1427948,,,,,,,,,,,,,,,,,,,,,,,,,3.15350734061202e-05,0.128376918339285,1427948,,,0,0
67,Male,rhd,2033,Indonesia,0.0152884548378455,0.0307950918377801,0.0307741283988301,0.0032293309128955,2.09634389499348e-05,633773.5,,,,,,,,,,,,,,,,,,,,,,,,,3.49495034440044e-05,0.00518621149973122,633773.5,,,0,0
47,Male,istroke,2041,Indonesia,0.00492252531989858,0.00728135888619256,0.00710970769652112,0.0128891287106558,0.000171651189671444,1789428,,,,,,,,,,,,,,,,,,,,,,,,,0.00186746347275904,0.0236073368034107,1789428,,,0,0
94,Male,istroke,2004,Indonesia,0.155346284468536,0.257291998322482,0.227985840212055,0.0789465901135207,0.029306158110427,2049.5,,,,,,,,,,,,,,,,,,,,,,,,,0.0248511765489552,0.208846740277744,2049.5,,,0,0
89,Female,hhd,2011,Indonesia,0.058239634363967,0.103437004053846,0.099535102000644,0.0346799614786092,0.00390190205320238,31030,,,,,,,,,,,,,,,,,,,,,,,,,0.00430469446076736,0.109235892251999,31030,,,0,0
90,Male,hhd,2027,Indonesia,0.0807334315999584,0.13937492972152,0.135394445355207,0.0280642162930949,0.00398048436631209,19539.5,,,,,,,,,,,,,,,,,,,,,,,,,0.00892863322584908,0.133705507889236,19539.5,,,0,0
47,Female,dm2,2011,Indonesia,0.00320258590390609,0.00526575185167479,0.00509821609161118,0.0698607865211873,0.000167535760063604,1506478.5,,,,,,,,,,,,,,,,,,,,,,,,,0.00531675229464927,0.00269274367912752,1506478.5,,,0,0
13,Female,cmd,2037,Indonesia,0.000320327887329104,0.000552419865038697,0.00054942822389981,0.00015462082667956,2.99164113888703e-06,2266505.5,,,,,,,,,,,,,,,,,,,,,,,,,7.82525042669239e-06,0.0378971736560652,2266505.5,,,0,0
21,Female,rhd,2016,Indonesia,0.00106153462246992,0.00121051218699478,0.00118671545319264,0.00537299169285452,2.37967338021373e-05,2140123.5,,,,,,,,,,,,,,,,,,,,,,,,,0.000500740043093426,0.00471824326479811,2140123.5,,,0,0
51,Female,ihd,2008,Indonesia,0.00396151533238876,0.00688662773613982,0.0060161178555947,0.0257083697014023,0.000870509880545125,1154553,,,,,,,,,,,,,,,,,,,,,,,,,0.00231887679092684,0.0387762793978653,1154553,,,0,0
64,Female,cmd,2017,Indonesia,0.00815567392069093,0.0166841557529964,0.0166494959907972,0.00022284108298328,3.46597621991483e-05,819893,,,,,,,,,,,,,,,,,,,,,,,,,7.42821642852652e-05,0.228439579248514,819893,,,0,0
92,Female,cmd,2030,Indonesia,0.0713189167861378,0.125215360474127,0.124125415987237,0.0070316686198261,0.00108994448688974,20467,,,,,,,,,,,,,,,,,,,,,,,,,0.00134545830368087,0.141037007848979,20467,,,0,0
45,Male,hhd,2006,Indonesia,0.00374174049035486,0.00588390949659555,0.00574668935680505,0.00083146109048886,0.000137220139790504,1386444,,,,,,,,,,,,,,,,,,,,,,,,,0.000254200974688928,0.174572751954893,1386444,,,0,0
75,Male,ihd,2006,Indonesia,0.0331155825753571,0.0616811989448012,0.0526032859330537,0.103481494741613,0.00907791301174748,252489,,,,,,,,,,,,,,,,,,,,,,,,,0.00784543800781191,0.0641682991156629,252489,,,0,0
26,Male,rhd,2022,Indonesia,0.00166006712579797,0.00163614758651308,0.00162203013239095,0.00640609607394884,1.41174541221352e-05,2184759.5,,,,,,,,,,,,,,,,,,,,,,,,,9.54092852501027e-05,0.00310291101861049,2184759.5,,,0,0
86,Male,istroke,2007,Indonesia,0.0664379329331889,0.114745576764376,0.0998298454926936,0.106684429693216,0.0149157312716822,34636.5,,,,,,,,,,,,,,,,,,,,,,,,,0.0316805728985725,0.205564810689841,34636.5,,,0,0
53,Male,hstroke,2015,Indonesia,0.00678991376953077,0.0130454699255124,0.01080432446973,0.00841456657928006,0.00224114545578235,1343639,,,,,,,,,,,,,,,,,,,,,,,,,0.00412936818975124,0.434838858993523,1343639,,,0,0
47,Male,cmd,2040,Indonesia,0.00491180438798035,0.00728135888619256,0.00724269534685584,0.0002580417150161,3.86635393367202e-05,1789428,,,,,,,,,,,,,,,,,,,,,,,,,3.04780994871873e-05,0.20268882015279,1789428,,,0,0
19,Female,hhd,2009,Indonesia,0.0011860797126725,0.0013236752586411,0.00132192947232591,5.047749520582e-05,1.74578631519391e-06,2095563,,,,,,,,,,,,,,,,,,,,,,,,,1.1009846416603e-05,0.0486349773583528,2095563,,,0,0
39,Male,hhd,2007,Indonesia,0.00233721194185122,0.0032687236722404,0.00322025815891185,0.00039957662009526,4.84655133285433e-05,1732648.5,,,,,,,,,,,,,,,,,,,,,,,,,0.000192921427213479,0.162675388252128,1732648.5,,,0,0
28,Female,istroke,2046,Indonesia,0.000831006415127624,0.00136093488964998,0.00134833088782735,0.00252912369603452,1.26040018226296e-05,2066333.5,,,,,,,,,,,,,,,,,,,,,,,,,0.000226029508412132,0.00563773424767841,2066333.5,,,0,0
31,Male,cmd,2006,Indonesia,0.00183544367771725,0.00220520267753183,0.00219235926457402,0.00017249830223864,1.28434129578013e-05,1974728,,,,,,,,,,,,,,,,,,,,,,,,,2.46623580779647e-05,0.0539900732122573,1974728,,,0,0
4,Female,hhd,2009,Indonesia,0.00135001618672656,0.00136375831199382,0.00136375831199382,0,0,2236445,,,,,,,,,,,,,,,,,,,,,,,,,0,0,2236445,,,0,0
10,Female,hstroke,2026,Indonesia,0.000344196072529888,0.000463251610773263,0.000457603905360221,0.00112561570450088,5.64770541304215e-06,2313941,,,,,,,,,,,,,,,,,,,,,,,,,6.926951997217e-05,0.00588926779067726,2313941,,,0,0
61,Male,dm2,2027,Indonesia,0.011283794487474,0.0223833614916544,0.0209985927117286,0.135937199222662,0.0013847687799258,1018405,,,,,,,,,,,,,,,,,,,,,,,,,0.00910715330661749,0.016852281644915,1018405,,,0,0
72,Male,hstroke,2040,Indonesia,0.022525396462651,0.0452855314515018,0.0397440187756217,0.0092480888874423,0.00554151267588018,415699.5,,,,,,,,,,,,,,,,,,,,,,,,,0.00626751029411616,0.861851116251372,415699.5,,,0,0
81,Female,rhd,2011,Indonesia,0.0302893721343206,0.0593928410633468,0.0593496228459911,0.00239628499620784,4.32182173557187e-05,189884.5,,,,,,,,,,,,,,,,,,,,,,,,,4.77018780934738e-05,0.0172850105207273,189884.5,,,0,0
64,Female,ihd,2010,Indonesia,0.00909503941069135,0.0181874419136397,0.0157172661152185,0.0578670055971598,0.00247017579842126,686146,,,,,,,,,,,,,,,,,,,,,,,,,0.00811908324764374,0.0517145800942083,686146,,,0,0
78,Female,hhd,2000,Indonesia,0.0240281970753209,0.0465902438278561,0.04504177317462,0.0206024271001207,0.00154847065323608,169030.5,,,,,,,,,,,,,,,,,,,,,,,,,0.00195322266726533,0.136258929013379,169030.5,,,0,0
29,Male,hstroke,2045,Indonesia,0.00179204345406204,0.00183463908170612,0.00174988731901158,0.00234238384965524,8.4751762694543e-05,2159286.5,,,,,,,,,,,,,,,,,,,,,,,,,0.00032847308610806,0.072974679342676,2159286.5,,,0,0
14,Male,hhd,2011,Indonesia,0.00101418044283438,0.00106673279396274,0.00106632221051389,1.103304884576e-05,4.10583448856074e-07,2326155.5,,,,,,,,,,,,,,,,,,,,,,,,,3.75842158526771e-06,0.0198010792161206,2326155.5,,,0,0
95,Female,ihd,2028,Indonesia,0.123431421615018,0.206286921085328,0.179492903376233,0.117713163032827,0.026794017709095,16259,,,,,,,,,,,,,,,,,,,,,,,,,0.0164589934633869,0.261603082404203,16259,,,0,0
4,Female,rhd,2026,Indonesia,0.000781050853819827,0.00082677260532276,0.000824331343239266,0.00036867621193355,2.4412620834942e-06,2322292,,,,,,,,,,,,,,,,,,,,,,,,,5.99981373814007e-05,0.00607020186691217,2322292,,,0,0
38,Male,hstroke,2039,Indonesia,0.00189498990460234,0.00284502108314319,0.00255865999939283,0.0039368321911059,0.000286361083750355,2115229,,,,,,,,,,,,,,,,,,,,,,,,,0.000835068892768128,0.143625339279274,2115229,,,0,0
22,Female,rhd,2034,Indonesia,0.000860869812338942,0.00116358263886831,0.00114168807091532,0.0059306586740651,2.18945679529921e-05,2187723.5,,,,,,,,,,,,,,,,,,,,,,,,,0.00048393174638637,0.00297325519974838,2187723.5,,,0,0
12,Female,hstroke,2004,Indonesia,0.0015225992006597,0.0015481351090004,0.00154189808200222,0.0014547529568404,6.23702699817294e-06,2120237.5,,,,,,,,,,,,,,,,,,,,,,,,,8.61275306952116e-05,0.00553094723861246,2120237.5,,,0,0
49,Male,dm2,2045,Indonesia,0.00531840149409047,0.00892371646222415,0.00850645444401619,0.0948579838164615,0.000417262018207956,1714970,,,,,,,,,,,,,,,,,,,,,,,,,0.00854701769556852,0.00646962145817694,1714970,,,0,0
77,Male,istroke,2014,Indonesia,0.0314171022097869,0.060608836812552,0.0542623357723106,0.0990537803131448,0.00634650104024141,250559,,,,,,,,,,,,,,,,,,,,,,,,,0.0118312761112382,0.0541049619061226,250559,,,0,0
52,Male,dm2,2026,Indonesia,0.00630190906659256,0.0113872528262715,0.0107934237830257,0.105955770824062,0.00059382904324586,1571604,,,,,,,,,,,,,,,,,,,,,,,,,0.0087057235327315,0.00702107056162362,1571604,,,0,0
15,Female,hhd,2020,Indonesia,0.000679184454541355,0.000787194973010395,0.000786279075806364,1.70905916157e-05,9.15897204031038e-07,2175274,,,,,,,,,,,,,,,,,,,,,,,,,6.27752865540232e-06,0.0420818322078525,2175274,,,0,0
89,Female,rhd,2002,Indonesia,0.0589703386944856,0.105795396007779,0.105714314080572,0.00166250136001304,8.10819272065894e-05,21872,,,,,,,,,,,,,,,,,,,,,,,,,8.49349902825921e-05,0.0387555983978665,21872,,,0,0
77,Male,rhd,2010,Indonesia,0.0345042184133229,0.0648336123431457,0.0647975178867406,0.0021634220020098,3.60944564050549e-05,222674.5,,,,,,,,,,,,,,,,,,,,,,,,,2.63882874114743e-05,0.0174651792180149,222674.5,,,0,0
25,Male,ihd,2033,Indonesia,0.00166199467068825,0.00161473197466101,0.00152575390459159,0.00375796350826898,8.89780700694153e-05,2209550,,,,,,,,,,,,,,,,,,,,,,,,,0.000329459447705677,0.0521057308298761,2209550,,,0,0
69,Female,dm2,2001,Indonesia,0.0128922283513267,0.0249777949042155,0.0233894546765364,0.116910986087567,0.00158834022767909,462417.5,,,,,,,,,,,,,,,,,,,,,,,,,0.00309347166909189,0.0107557843186405,462417.5,,,0,0
17,Male,cmd,2000,Indonesia,0.00167858749375177,0.00178723491999109,0.00178191503575409,0.0002077046186332,5.31988423700307e-06,2277494.5,,,,,,,,,,,,,,,,,,,,,,,,,9.84549662123866e-06,0.036417772246071,2277494.5,,,0,0
11,Male,dm2,2043,Indonesia,0.000331494921339996,0.000564954795624549,0.000564954795624549,0,0,2434486.5,,,,,,,,,,,,,,,,,,,,,,,,,0,0,2434486.5,,,0,0
57,Female,dm2,2005,Indonesia,0.00519385516179912,0.00945223516746815,0.00892426365315423,0.0987807475789535,0.000527971514313921,764814,,,,,,,,,,,,,,,,,,,,,,,,,0.00714774538001864,0.006734495304962,764814,,,0,0
56,Female,hhd,2003,Indonesia,0.00498329287502647,0.00882553810911121,0.00863116906451971,0.0015294255649357,0.000194369044591498,775963.5,,,,,,,,,,,,,,,,,,,,,,,,,0.000340020251209275,0.194363710260211,775963.5,,,0,0
61,Female,rhd,2000,Indonesia,0.00768392535942205,0.0139963392629439,0.0139396772027746,0.0050218837775184,5.66620601693064e-05,677063,,,,,,,,,,,,,,,,,,,,,,,,,8.11840201737579e-05,0.0133468209015144,677063,,,0,0
56,Female,rhd,2032,Indonesia,0.00415092320163071,0.00882243646338343,0.00878353896313777,0.00590515217193326,3.88975002456556e-05,1374725.5,,,,,,,,,,,,,,,,,,,,,,,,,4.6815210383683e-05,0.00693804244199777,1374725.5,,,0,0
4,Female,ihd,2032,Indonesia,0.00066934252374771,0.00082677260532276,0.00082677260532276,0,0,2322292,,,,,,,,,,,,,,,,,,,,,,,,,0,0,2322292,,,0,0
18,Female,cmd,2028,Indonesia,0.000831445324106454,0.00105029259255934,0.00104515663266973,0.00018376642251484,5.13595988960216e-06,2141387.5,,,,,,,,,,,,,,,,,,,,,,,,,4.08275177896053e-06,0.0502981611902635,2141387.5,,,0,0
45,Male,rhd,2002,Indonesia,0.00354182064462341,0.00534561812681478,0.00532243096892715,0.00651276463400804,2.31871578876357e-05,1185056,,,,,,,,,,,,,,,,,,,,,,,,,3.55831820200119e-05,0.00214404623861598,1185056,,,0,0
86,Male,hstroke,2025,Indonesia,0.0588442258731811,0.103379079590929,0.0965010865215319,0.00842044205103702,0.00687799306939667,60378,,,,,,,,,,,,,,,,,,,,,,,,,0.00503353316226004,0.620072849846071,60378,,,0,0
27,Male,ihd,2004,Indonesia,0.00171992615493111,0.00189548641066984,0.00182062289385254,0.0042632968030903,7.48635168172993e-05,2054003.5,,,,,,,,,,,,,,,,,,,,,,,,,0.000357091383706139,0.022396431309684,2054003.5,,,0,0
40,Female,istroke,2004,Indonesia,0.00262674712166213,0.00353270175909128,0.00347833932154123,0.0055224204866335,5.436243755005e-05,1554217,,,,,,,,,,,,,,,,,,,,,,,,,0.000289937810992634,0.0147156142824554,1554217,,,0,0
28,Male,istroke,2050,Indonesia,0.00180139691752754,0.00174610114003564,0.00173658239548429,0.00312003181028902,9.51874455135476e-06,2167667,,,,,,,,,,,,,,,,,,,,,,,,,0.000237166821170547,0.00297482420227128,2167667,,,0,0
65,Female,istroke,2039,Indonesia,0.007915175419543,0.0171923906166177,0.0161153604476459,0.0326836439269246,0.00107703016897176,847791.5,,,,,,,,,,,,,,,,,,,,,,,,,0.00207189933037195,0.041440473529709,847791.5,,,0,0
46,Male,ihd,2039,Indonesia,0.00439844035191256,0.00658749959948958,0.00533473031471698,0.0240383887804387,0.0012527692847726,1831644,,,,,,,,,,,,,,,,,,,,,,,,,0.00302687690436842,0.0947584470559305,1831644,,,0,0
39,Female,dm2,2028,Indonesia,0.00188470911957484,0.00292084277304642,0.00286921126690897,0.0500198929691636,5.16315061374569e-05,2032880.5,,,,,,,,,,,,,,,,,,,,,,,,,0.00362552061006692,0.00133031198912096,2032880.5,,,0,0
6,Female,hhd,2045,Indonesia,0.000363488721083457,0.00061264457534351,0.00061264457534351,0,0,2402716,,,,,,,,,,,,,,,,,,,,,,,,,0,0,2402716,,,0,0
10,Male,hhd,2018,Indonesia,0.000585695190824043,0.000599634197834895,0.000599634197834895,0,0,2435575,,,,,,,,,,,,,,,,,,,,,,,,,0,0,2435575,,,0,0
21,Female,istroke,2038,Indonesia,0.00080179636035396,0.00113526012729107,0.00112757270075771,0.00167698321319598,7.68742653335772e-06,2189482,,,,,,,,,,,,,,,,,,,,,,,,,6.55562390911144e-05,0.00436649276568769,2189482,,,0,0
73,Female,ihd,2041,Indonesia,0.0140403261467032,0.0302510461167055,0.0258396074100662,0.0837700179838542,0.00441143870663934,522148.5,,,,,,,,,,,,,,,,,,,,,,,,,0.0059835497791263,0.079308010898295,522148.5,,,0,0
68,Male,hhd,2001,Indonesia,0.0216457901203757,0.0396861479991167,0.0382240004544237,0.0104699407747199,0.00146214754469306,414594.5,,,,,,,,,,,,,,,,,,,,,,,,,0.00302083674654483,0.230032442224536,414594.5,,,0,0
75,Male,istroke,2050,Indonesia,0.0241365095631806,0.0514425111403834,0.0464166959588581,0.0916219316834552,0.00502581518152535,325266,,,,,,,,,,,,,,,,,,,,,,,,,0.0103584290102363,0.0529175974717562,325266,,,0,0
93,Female,istroke,2000,Indonesia,0.0947580381835712,0.165275761611126,0.140404861465196,0.0546210152189398,0.02487090014593,5154.5,,,,,,,,,,,,,,,,,,,,,,,,,0.0311056013591941,0.680693486690702,5154.5,,,0,0
49,Female,hstroke,2019,Indonesia,0.00336131392991451,0.00587768468264613,0.00485024448363497,0.00770962388436154,0.00102744019901116,1717862.5,,,,,,,,,,,,,,,,,,,,,,,,,0.00145317922200706,0.111104294478958,1717862.5,,,0,0
41,Male,istroke,2014,Indonesia,0.00246271843680643,0.00379257524822611,0.00373939132867172,0.00780293255921514,5.31839195543862e-05,1873582,,,,,,,,,,,,,,,,,,,,,,,,,0.000590068268665359,0.00601636181583214,1873582,,,0,0
71,Female,hstroke,2043,Indonesia,0.0121983479314834,0.0267286413266036,0.022642695635743,0.00930334174270952,0.00408594569086063,570655,,,,,,,,,,,,,,,,,,,,,,,,,0.00248892285155645,0.456407966800084,570655,,,0,0
88,Male,istroke,2049,Indonesia,0.0630271825892256,0.11888872059219,0.105003511308529,0.100541166420045,0.0138852092836618,35805.5,,,,,,,,,,,,,,,,,,,,,,,,,0.0322457100743862,0.263578966610563,35805.5,,,0,0
32,Female,hstroke,2006,Indonesia,0.00159150414290358,0.00192895055033035,0.00181593472463233,0.0038755098265276,0.000113015825698013,1920567,,,,,,,,,,,,,,,,,,,,,,,,,0.000333690228119783,0.0447716800587763,1920567,,,0,0
14,Female,hstroke,2036,Indonesia,0.00042148926410325,0.000669807419024546,0.000652583948096031,0.0014514077566244,1.72234709285148e-05,2221491.5,,,,,,,,,,,,,,,,,,,,,,,,,8.27892169996964e-05,0.0122262864392781,2221491.5,,,0,0
90,Male,istroke,2047,Indonesia,0.0757499422571885,0.13937492972152,0.123873900146383,0.0937268115969968,0.0155010295751361,19539.5,,,,,,,,,,,,,,,,,,,,,,,,,0.0169275250818703,0.177621344801533,19539.5,,,0,0
50,Female,dm2,2048,Indonesia,0.00299114182404016,0.00626323776254954,0.00600614380957353,0.0899943709189008,0.000257093952976011,1677233,,,,,,,,,,,,,,,,,,,,,,,,,0.00590950693216686,0.00236166494865466,1677233,,,0,0
40,Male,hstroke,2047,Indonesia,0.00212079195495141,0.00332854176791041,0.00295733375261112,0.0044433103516971,0.000371208015299293,2054920,,,,,,,,,,,,,,,,,,,,,,,,,0.000630578530893148,0.150290472583494,2054920,,,0,0
6,Female,cmd,2035,Indonesia,0.000438657270234971,0.00061264457534351,0.000610801897873231,0.0001663520460101,1.84267747027869e-06,2402716,,,,,,,,,,,,,,,,,,,,,,,,,2.52829744973202e-06,0.0072663296233361,2402716,,,0,0
80,Male,cmd,2001,Indonesia,0.0467185126350115,0.0848735294603815,0.0845002162562045,0.0023490021077736,0.000373313204176979,97686,,,,,,,,,,,,,,,,,,,,,,,,,0.000891387064923993,0.202822028302972,97686,,,0,0
93,Female,dm2,2047,Indonesia,0.087181394879352,0.152239214011194,0.146419728064613,0.0861498901075413,0.00581948594658138,14160,,,,,,,,,,,,,,,,,,,,,,,,,0.00803041667009293,0.0736102023817836,14160,,,0,0
2,Female,rhd,2034,Indonesia,0.00136182097095043,0.00152154719126619,0.00151959505658502,0.0001390892793515,1.9521346811776e-06,2255592,,,,,,,,,,,,,,,,,,,,,,,,,3.37949640975129e-05,0.0107295264518552,2255592,,,0,0
2,Female,istroke,2023,Indonesia,0.00173700828574224,0.00152154719126619,0.0015201975931412,0.0002175849662333,1.34959812499628e-06,2255592,,,,,,,,,,,,,,,,,,,,,,,,,3.8872915950808e-05,0.00478448138145791,2255592,,,0,0
0,Male,hhd,2007,Indonesia,0.036480731084962,0.0365689561699752,0.0365689561699752,0,0,2464729.5,,,,,,,,,,,,,,,,,,,,,,,,,0,0,2464729.5,,,0,0
0,Female,ihd,2008,Indonesia,0.0274793757218368,0.0276001783567147,0.0276001783567147,0,0,2345772,,,,,,,,,,,,,,,,,,,,,,,,,0,0,2345772,,,0,0
77,Male,hhd,2011,Indonesia,0.0338961592264621,0.0639471107428934,0.0617095930033497,0.018897758088081,0.00223751773954373,229587,,,,,,,,,,,,,,,,,,,,,,,,,0.00203397886888879,0.1488266853311,229587,,,0,0
27,Male,istroke,2006,Indonesia,0.00161279614258254,0.00181434258614663,0.00180581695832343,0.0029721273950111,8.52562782319978e-06,2127242.5,,,,,,,,,,,,,,,,,,,,,,,,,0.0002130583846782,0.00187264110694854,2127242.5,,,0,0
87,Male,hhd,2009,Indonesia,0.0689344445365658,0.118409743643949,0.114868791339338,0.0273229984879954,0.00354095230461046,29002,,,,,,,,,,,,,,,,,,,,,,,,,0.00322361213154835,0.10015615805058,29002,,,0,0
59,Female,hstroke,2042,Indonesia,0.00510887977274506,0.0113368173468716,0.00923889196645577,0.0093363557175765,0.00209792538041583,1208539,,,,,,,,,,,,,,,,,,,,,,,,,0.00342124581283895,0.188590731024924,1208539,,,0,0
87,Male,ihd,2029,Indonesia,0.0610276707094345,0.108645616027526,0.092592738315715,0.120378309418681,0.0160528777118107,46933,,,,,,,,,,,,,,,,,,,,,,,,,0.013388564927685,0.100148995997863,46933,,,0,0
42,Male,rhd,2036,Indonesia,0.00245217349298703,0.00381206245267763,0.00379559615812107,0.0069106797688065,1.64662945565636e-05,1966804,,,,,,,,,,,,,,,,,,,,,,,,,2.6893579119883e-05,0.002633777517067,1966804,,,0,0
0,Female,rhd,2013,Indonesia,0.0219004907653467,0.0220020353957358,0.0220020353957358,0,0,2423792.5,,,,,,,,,,,,,,,,,,,,,,,,,0,0,2423792.5,,,0,0
62,Male,hhd,2002,Indonesia,0.0147694898490866,0.0270524295062753,0.0260679369701991,0.00336991695772,0.000984492536076237,592187.5,,,,,,,,,,,,,,,,,,,,,,,,,0.00183134776881768,0.28258685808459,592187.5,,,0,0
90,Male,cmd,2034,Indonesia,0.0787089119807215,0.13937492972152,0.138437177722041,0.00501635193524522,0.000937751999478556,19539.5,,,,,,,,,,,,,,,,,,,,,,,,,0.00160281493439876,0.222371882680719,19539.5,,,0,0
33,Female,hhd,2036,Indonesia,0.00118757355368887,0.00186725608348625,0.00185112356780439,0.00021205205315766,1.61325156818567e-05,2042193.5,,,,,,,,,,,,,,,,,,,,,,,,,7.31223524608064e-05,0.133031437303425,2042193.5,,,0,0
32,Male,istroke,2020,Indonesia,0.00182843975227825,0.00210025290671756,0.00208492626081018,0.0040234959349111,1.5326645907386e-05,2120154,,,,,,,,,,,,,,,,,,,,,,,,,0.000220358389593926,0.00775390920745186,2120154,,,0,2.11610659843531e-06
56,Male,cmd,2033,Indonesia,0.00735138618656479,0.0147317662209651,0.0146773273790745,0.0001977702653802,5.44388418906097e-05,1334856,,,,,,,,,,,,,,,,,,,,,,,,,4.83535244961781e-05,0.331068926762447,1334856,,,0,0
82,Female,cmd,2012,Indonesia,0.0323110549412329,0.0637589673409048,0.0634953092894072,0.0020077095618658,0.000263658051497603,168908,,,,,,,,,,,,,,,,,,,,,,,,,0.000529138198923604,0.114695690503179,168908,,,0,0
46,Female,ihd,2042,Indonesia,0.00280434127902605,0.00486205884455616,0.00413752833273453,0.01656043658722,0.000724530511821632,1819791.5,,,,,,,,,,,,,,,,,,,,,,,,,0.00107163485536628,0.0362791756026263,1819791.5,,,0,0
81,Male,cmd,2017,Indonesia,0.0427009294722599,0.0792552516859175,0.0789411610722924,0.0023242248324053,0.000314090613625099,154580,,,,,,,,,,,,,,,,,,,,,,,,,0.0008487291026668,0.174621881833279,154580,,,0,0
49,Male,hstroke,2032,Indonesia,0.0053358909500901,0.00892371646222415,0.00754542454040563,0.0070105454437438,0.00137829192181852,1714970,,,,,,,,,,,,,,,,,,,,,,,,,0.00148503895709662,0.293162108825522,1714970,,,0,0
3,Male,hstroke,2038,Indonesia,0.000652004387946419,0.00128678891258985,0.00128330699152289,0.0003500375740314,3.48192106695331e-06,2414830,,,,,,,,,,,,,,,,,,,,,,,,,4.347058943655e-05,0.00715022388596004,2414830,,,0,0
91,Male,hhd,2050,Indonesia,0.0813560844177797,0.149618034286184,0.145392805792567,0.0280465934242021,0.00422522849361697,13904,,,,,,,,,,,,,,,,,,,,,,,,,0.00966209481032106,0.142547294284012,13904,,,0,0
44,Female,hstroke,2001,Indonesia,0.00294504714200159,0.0043413373690917,0.00371231562209345,0.00760761674653368,0.000629021746998251,1203938.5,,,,,,,,,,,,,,,,,,,,,,,,,0.000838142626237143,0.105156222848789,1203938.5,,,0,0
28,Male,hhd,2012,Indonesia,0.00169861566349445,0.00198470688861464,0.00197594923813276,0.0001281134179731,8.75765048187429e-06,2220771.5,,,,,,,,,,,,,,,,,,,,,,,,,2.38303456812408e-05,0.0752004908823704,2220771.5,,,0,0
1,Female,cmd,2023,Indonesia,0.00250691595643505,0.00210925776222,0.00210583496704531,0.0001854515659758,3.42279517468769e-06,2218772,,,,,,,,,,,,,,,,,,,,,,,,,5.38761407619847e-06,0.0286953362550747,2218772,,,0,0
82,Female,hhd,2028,Indonesia,0.0304123127200037,0.0590850136563598,0.0567353316584439,0.0253502750463887,0.00234968199791594,225694,,,,,,,,,,,,,,,,,,,,,,,,,0.00272607366491552,0.0844373698664678,225694,,,0,0
45,Female,hhd,2034,Indonesia,0.00272912607712058,0.00461753916627301,0.00452586108496108,0.0008323043819612,9.16780813119217e-05,1845379,,,,,,,,,,,,,,,,,,,,,,,,,0.000187527019417434,0.125023305408653,1845379,,,0,0
54,Male,hstroke,2007,Indonesia,0.00784200325197494,0.0140061950718975,0.0117189496135379,0.0090690655829347,0.00228724545835964,902646,,,,,,,,,,,,,,,,,,,,,,,,,0.00406052237890624,0.394663477912313,902646,,,0,0
81,Male,istroke,2016,Indonesia,0.0430498786269384,0.0805146103054596,0.0694951990121681,0.109259393870714,0.0110194112932915,149519,,,,,,,,,,,,,,,,,,,,,,,,,0.0139786848610601,0.0754375264725015,149519,,,0,0
95,Female,istroke,2026,Indonesia,0.123690663026343,0.206286921085328,0.181962117119118,0.0475335349139783,0.0243248039662104,16259,,,,,,,,,,,,,,,,,,,,,,,,,0.0307123487968741,0.582736753585053,16259,,,0,0
25,Male,istroke,2049,Indonesia,0.00167358323612242,0.00161473197466101,0.00160802218399628,0.00257209244294506,6.70979066472783e-06,2209550,,,,,,,,,,,,,,,,,,,,,,,,,0.000189501498030649,0.0026811803420387,2209550,,,0,0
4,Male,hstroke,2033,Indonesia,0.000659469139910506,0.00111048244866982,0.00110725383933479,0.000419649748862025,3.22860933502874e-06,2445488.5,,,,,,,,,,,,,,,,,,,,,,,,,4.36188489774542e-05,0.0065058373109017,2445488.5,,,0,0
19,Female,rhd,2032,Indonesia,0.000812320624502776,0.00107861510413658,0.00105612698363087,0.00423816879414806,2.2488120505705e-05,2143706,,,,,,,,,,,,,,,,,,,,,,,,,0.000598849268852665,0.00590346728269027,2143706,,,0,0
92,Male,istroke,2037,Indonesia,0.09050412301485,0.159861138850849,0.142744288984238,0.0869124567739485,0.0171168498666104,9624.5,,,,,,,,,,,,,,,,,,,,,,,,,0.0196007047672788,0.210909582011931,9624.5,,,0,0
7,Female,ihd,2037,Indonesia,0.000332732408949603,0.000505580560353885,0.000505580560353885,0,0,2425458.5,,,,,,,,,,,,,,,,,,,,,,,,,0,0,2425458.5,,,0,0
92,Male,hhd,2023,Indonesia,0.0949394437837899,0.159861138850849,0.155391166229927,0.0280289705553094,0.00446997262092185,9624.5,,,,,,,,,,,,,,,,,,,,,,,,,0.010395556394793,0.152982715167155,9624.5,,,0,0
36,Female,cmd,2013,Indonesia,0.00164346972746226,0.00220027522550301,0.00219000915198106,0.00012939013186224,1.02660735219455e-05,1965022.5,,,,,,,,,,,,,,,,,,,,,,,,,1.41491498176048e-05,0.0558753398772999,1965022.5,,,0,0
62,Female,hstroke,2030,Indonesia,0.00697144105171289,0.0144378539692187,0.0117701723547499,0.0093825029782149,0.00266768161446876,1028701.5,,,,,,,,,,,,,,,,,,,,,,,,,0.00498581770764957,0.557132005885826,1028701.5,,,0,0
40,Female,dm2,2026,Indonesia,0.00207940668693291,0.00324188855917213,0.00318168383419035,0.0530559226004125,6.02047249817789e-05,2006656,,,,,,,,,,,,,,,,,,,,,,,,,0.00641955461408894,0.00158333122999909,2006656,,,0,0
87,Female,hstroke,2005,Indonesia,0.047778098133227,0.0877833113908291,0.0791292829522067,0.016334812237804,0.00865402843862242,40112,,,,,,,,,,,,,,,,,,,,,,,,,0.00914463113062767,0.31191871859368,40112,,,0,0
24,Male,ihd,2032,Indonesia,0.00163239096886566,0.00159331636280893,0.00151472229729675,0.00329361429929812,7.85940655121769e-05,2235943,,,,,,,,,,,,,,,,,,,,,,,,,0.000832203361286271,0.0465967926006094,2235943,,,0,0
23,Female,istroke,2036,Indonesia,0.000843772833455857,0.00118288071829919,0.00117428863381382,0.00188933145867706,8.59208448537477e-06,2160999,,,,,,,,,,,,,,,,,,,,,,,,,7.35869704000157e-05,0.00435849594661554,2160999,,,0,0
93,Male,hhd,2013,Indonesia,0.12120495338226,0.202299818383897,0.196937367057622,0.0260392424819915,0.00536245132627497,4482,,,,,,,,,,,,,,,,,,,,,,,,,0.0107575339558394,0.157130557799116,4482,,,0,0
54,Male,hstroke,2003,Indonesia,0.0076243810493622,0.0131375627098139,0.0110624519531032,0.00925582097163438,0.00207511075671073,736609.5,,,,,,,,,,,,,,,,,,,,,,,,,0.00393902616128824,0.372148597362947,736609.5,,,0,0
69,Male,hhd,2023,Indonesia,0.0198388406849382,0.0365912676832688,0.0353739050975329,0.011445755803967,0.00121736258573588,517094,,,,,,,,,,,,,,,,,,,,,,,,,0.00257459325303275,0.183787504134414,517094,,,0,0
13,Male,hhd,2017,Indonesia,0.000709715563700034,0.000741038191560557,0.00074086681653982,5.5275436156e-06,1.71375020736957e-07,2296880,,,,,,,,,,,,,,,,,,,,,,,,,1.82516513380133e-06,0.00851583731793776,2296880,,,0,0
65,Male,istroke,2027,Indonesia,0.0144252380064286,0.0281119463915314,0.026284659515667,0.0552407836095949,0.00182728687586436,757215,,,,,,,,,,,,,,,,,,,,,,,,,0.00783981816775891,0.0526660021558372,757215,,,0,0
95,Male,cmd,2043,Indonesia,0.149915472387568,0.269354359608002,0.266943910463857,0.0056720291817293,0.00241044914414525,6609.5,,,,,,,,,,,,,,,,,,,,,,,,,0.00134628998864082,0.488110137869703,6609.5,,,0,0
31,Male,cmd,2016,Indonesia,0.00168569621546576,0.00211381503857235,0.00210044697777968,0.0001824755537403,1.33680607926626e-05,2183090.5,,,,,,,,,,,,,,,,,,,,,,,,,3.0382847063772e-05,0.065902235393701,2183090.5,,,0,0
3,Female,dm2,2050,Indonesia,0.000536184913029685,0.000933836620312386,0.000933836620312386,0,0,2292728,,,,,,,,,,,,,,,,,,,,,,,,,0,0,2292728,,,0,0
66,Male,istroke,2013,Indonesia,0.0168262966058347,0.0323455329985964,0.0301071945332289,0.058685295226122,0.00223833846536747,550320.5,,,,,,,,,,,,,,,,,,,,,,,,,0.0084915758639038,0.0534357932422117,550320.5,,,0,0
39,Female,ihd,2008,Indonesia,0.00204884545074931,0.00284068087253764,0.00256005101142905,0.0110869503883897,0.000280629861108585,1759590,,,,,,,,,,,,,,,,,,,,,,,,,0.00134580956147018,0.0268173032669326,1759590,,,0,0
93,Female,istroke,2029,Indonesia,0.0887075689107391,0.152239214011194,0.133091558498513,0.0511430012997713,0.0191476555126811,14160,,,,,,,,,,,,,,,,,,,,,,,,,0.0242476361146101,0.616116608661723,14160,,,0,0
15,Male,hhd,2008,Indonesia,0.0012412507601921,0.00131505422452805,0.00131436637660094,1.653421362492e-05,6.87847927101342e-07,2231874.5,,,,,,,,,,,,,,,,,,,,,,,,,5.42311364682431e-06,0.0456720803595777,2231874.5,,,0,0
89,Male,istroke,2032,Indonesia,0.0729212579059118,0.129131825156855,0.114438705727456,0.097133989008521,0.0146931194293989,26761,,,,,,,,,,,,,,,,,,,,,,,,,0.0352692995383337,0.294204901139063,26761,,,0,0
50,Male,dm2,2003,Indonesia,0.00561022235415419,0.00927840751824244,0.00888422229893502,0.0792869743704966,0.000394185219307426,942102,,,,,,,,,,,,,,,,,,,,,,,,,0.00413320956919014,0.00569516385356774,942102,,,0,0
71,Female,dm2,2047,Indonesia,0.0120434476414413,0.0267286413266036,0.0248373240289923,0.158974844723366,0.00189131729761131,570655,,,,,,,,,,,,,,,,,,,,,,,,,0.00687653449726514,0.0125863790758005,570655,,,0,0
30,Male,rhd,2049,Indonesia,0.0018030776148174,0.0019231770233766,0.00190847247966074,0.00711573569358922,1.47045437158622e-05,2163873,,,,,,,,,,,,,,,,,,,,,,,,,0.000100520071713369,0.00194312087105586,2163873,,,0,0
15,Male,hhd,2046,Indonesia,0.000687891640380046,0.000959453215192784,0.000958980532808858,1.632235397028e-05,4.72682383925574e-07,2293433.5,,,,,,,,,,,,,,,,,,,,,,,,,5.05596401880342e-06,0.0418919716790958,2293433.5,,,0,0
89,Female,hhd,2025,Indonesia,0.0559067155993652,0.0997250749091406,0.0956807705574611,0.03554345654059,0.00404430435167956,52438,,,,,,,,,,,,,,,,,,,,,,,,,0.00453380208175791,0.111030635404582,52438,,,0,0
69,Male,hhd,2034,Indonesia,0.0184032874174663,0.0365912676832688,0.0353739050975329,0.011445755803967,0.00121736258573588,517094,,,,,,,,,,,,,,,,,,,,,,,,,0.00257459325303275,0.182337708688333,517094,,,0,0
8,Male,ihd,2046,Indonesia,0.000293141931212968,0.000577410991588433,0.000577410991588433,0,0,2514756.5,,,,,,,,,,,,,,,,,,,,,,,,,0,0,2514756.5,,,0,0
49,Male,hstroke,2009,Indonesia,0.00561933893334015,0.00972030999211653,0.00816136841413889,0.00744997456590968,0.00155894157797764,1302160.5,,,,,,,,,,,,,,,,,,,,,,,,,0.00147452604870972,0.237047586499294,1302160.5,,,0,0
61,Male,hstroke,2028,Indonesia,0.0112026573648571,0.0223833614916544,0.0189706896970375,0.00923051079640958,0.00341267179461687,1018405,,,,,,,,,,,,,,,,,,,,,,,,,0.00587101144635189,0.33263290896689,1018405,,,0,0
29,Female,dm2,2029,Indonesia,0.00102931239872614,0.00146179674327725,0.0014486486164523,0.0257667379721957,1.31481268249467e-05,2060492.5,,,,,,,,,,,,,,,,,,,,,,,,,0.00244736572377908,0.000730763327730523,2060492.5,,,0,0
31,Male,hhd,2038,Indonesia,0.00180331674104592,0.00201171496504708,0.00199770348698536,0.00015640293910604,1.40114780617203e-05,2144640.5,,,,,,,,,,,,,,,,,,,,,,,,,3.02824378095342e-05,0.162840368573681,2144640.5,,,0,0
32,Male,istroke,2003,Indonesia,0.00174954508003164,0.00209635717631515,0.00208299766340486,0.0040908104002076,1.33595129102869e-05,1870283.5,,,,,,,,,,,,,,,,,,,,,,,,,0.00021852801663209,0.00521412493480827,1870283.5,,,0,0
36,Male,dm2,2003,Indonesia,0.00203181380071298,0.00263063882387105,0.00258453227153088,0.0423924617342221,4.61065523401739e-05,1716234,,,,,,,,,,,,,,,,,,,,,,,,,0.00317111102145902,0.00111102229964733,1716234,,,0,0
17,Male,istroke,2015,Indonesia,0.00130385603831892,0.00139252454905836,0.00138900422461918,0.0015113260754189,3.5203244391817e-06,2316779.5,,,,,,,,,,,,,,,,,,,,,,,,,0.00014600000236939,0.00335845316883432,2316779.5,,,0,0
13,Female,istroke,2001,Indonesia,0.000682239983969908,0.000722793118258057,0.000721030845607607,0.00106689838346266,1.7622726504493e-06,2115156,,,,,,,,,,,,,,,,,,,,,,,,,3.95644573867063e-05,0.00113040890697189,2115156,,,0,0
67,Female,hhd,2042,Indonesia,0.00863600782352689,0.0190287483815503,0.0184067083797189,0.0086848465512757,0.000622040001831435,730291.5,,,,,,,,,,,,,,,,,,,,,,,,,0.00118205076526573,0.129729506219841,730291.5,,,0,0
92,Male,cmd,2010,Indonesia,0.101148140690199,0.168185171381071,0.166856102185453,0.0052844737653294,0.00132906919561856,5763,,,,,,,,,,,,,,,,,,,,,,,,,0.00211853641295234,0.287238323081706,5763,,,0,0
10,Female,istroke,2037,Indonesia,0.000270486088332997,0.000463251610773263,0.000462342820459212,0.00078198402670398,9.08790314050468e-07,2313941,,,,,,,,,,,,,,,,,,,,,,,,,3.58980431030691e-05,0.00115365135359759,2313941,,,0,0
49,Male,istroke,2040,Indonesia,0.00532456359965607,0.00892371646222415,0.00867889318732422,0.0157267223257674,0.000244823274899932,1714970,,,,,,,,,,,,,,,,,,,,,,,,,0.00230495588604233,0.0250526308300856,1714970,,,0,0
6,Male,istroke,2037,Indonesia,0.000425220928212829,0.000757869520829757,0.000757384760918512,0.000584979255699425,4.84759911245143e-07,2531212,,,,,,,,,,,,,,,,,,,,,,,,,6.23420488007083e-05,0.00114482162916029,2531212,,,0,0
35,Female,cmd,2027,Indonesia,0.00140210223230681,0.00207300364214063,0.00206155519238181,0.00013259821644196,1.14484497588275e-05,2104220,,,,,,,,,,,,,,,,,,,,,,,,,1.49875769113525e-05,0.0671501601081017,2104220,,,0,0
58,Female,cmd,2050,Indonesia,0.00446349815374238,0.0103031384727559,0.0102782776775556,0.0001247914833392,2.48607952002636e-05,1266478,,,,,,,,,,,,,,,,,,,,,,,,,4.43236368399942e-05,0.148265879426854,1266478,,,0,0
41,Male,hhd,2009,Indonesia,0.00259755498076105,0.00380729239394514,0.00374474683776721,0.0004978075909714,6.25455561779258e-05,1719278.5,,,,,,,,,,,,,,,,,,,,,,,,,0.00025562518064426,0.165247142689618,1719278.5,,,0,0
36,Female,hstroke,2037,Indonesia,0.00139262468516562,0.00217587742146783,0.00197507199149506,0.00416028553835696,0.000200805429972769,2096348,,,,,,,,,,,,,,,,,,,,,,,,,0.000686859556650373,0.0564402540525316,2096348,,,0,0
51,Female,hstroke,2017,Indonesia,0.00373802560189091,0.00674332940370658,0.00549216111466309,0.00857169607882646,0.0012511682890435,1561249.5,,,,,,,,,,,,,,,,,,,,,,,,,0.00172495970055585,0.146484813425626,1561249.5,,,0,0
26,Female,hstroke,2015,Indonesia,0.00111508583473673,0.00131516290101041,0.00125921049020898,0.00273884949086476,5.59524108014293e-05,2080398.5,,,,,,,,,,,,,,,,,,,,,,,,,0.00023891276632737,0.0297578882158192,2080398.5,,,0,0
27,Male,hhd,2019,Indonesia,0.001440112999296,0.00165756319836516,0.00165181783576055,0.0001138237571946,5.74536260461197e-06,2177979.5,,,,,,,,,,,,,,,,,,,,,,,,,1.7907693551473e-05,0.0649599410838801,2177979.5,,,0,0
34,Female,cmd,2050,Indonesia,0.00116161920848784,0.00197012986281344,0.00195865468080875,0.00013167978127534,1.14751820046924e-05,2082722.5,,,,,,,,,,,,,,,,,,,,,,,,,1.47596057406237e-05,0.132449126404115,2082722.5,,,0,0
1,Male,istroke,2009,Indonesia,0.00352280772058956,0.00353324429940136,0.00353240040539785,0.0001692899484656,8.43894003508467e-07,2458511.5,,,,,,,,,,,,,,,,,,,,,,,,,2.75052921343764e-05,0.00244374420776158,2458511.5,,,0,0
18,Female,dm2,2006,Indonesia,0.00124407157006105,0.00137529737407579,0.00137057899084753,0.00687865701884414,4.71838322825713e-06,2099581,,,,,,,,,,,,,,,,,,,,,,,,,0.0010542075256692,0.000740309506562659,2099581,,,0,0
35,Male,ihd,2024,Indonesia,0.00186092993889645,0.00240205760714277,0.00209377833860795,0.0104041058084222,0.000308279268534822,2186798.5,,,,,,,,,,,,,,,,,,,,,,,,,0.0018703858876783,0.0494409823472091,2186798.5,,,0,0
59,Female,rhd,2019,Indonesia,0.00581100745705701,0.0113368173468716,0.0112988308382331,0.00538722437268282,3.79865086385257e-05,1208539,,,,,,,,,,,,,,,,,,,,,,,,,4.58828885805305e-05,0.00926594409650788,1208539,,,0,0
37,Male,rhd,2021,Indonesia,0.001919689731485,0.00260326074075957,0.0025881591300495,0.007407257136852,1.51016107100702e-05,2146181,,,,,,,,,,,,,,,,,,,,,,,,,1.56583616610584e-05,0.00270399637350751,2146181,,,0,3.52590880684276e-05
7,Female,hhd,2013,Indonesia,0.000583290390563694,0.000596562841040448,0.000596562841040448,0,0,2273694,,,,,,,,,,,,,,,,,,,,,,,,,0,0,2273694,,,0,0
56,Male,istroke,2018,Indonesia,0.00769107093100571,0.0149593932423427,0.0144386685520936,0.0285893574364063,0.000520724690249158,1294910.5,,,,,,,,,,,,,,,,,,,,,,,,,0.0040632927316068,0.0295851730712811,1294910.5,,,0,0
32,Female,istroke,2041,Indonesia,0.00108022575103996,0.00176438230415906,0.00174418289347024,0.0031717838857242,2.0199410688822e-05,2030825,,,,,,,,,,,,,,,,,,,,,,,,,0.000229311753741029,0.0119853973757685,2030825,,,0,0
21,Male,dm2,2008,Indonesia,0.00173690070506984,0.00187690325454054,0.0018707787237558,0.0116069305342318,6.12453078473522e-06,2172778,,,,,,,,,,,,,,,,,,,,,,,,,0.00134499963710617,0.000587232321249246,2172778,,,0,0
64,Male,cmd,2050,Indonesia,0.0119047349604407,0.026770373668407,0.0266943871820023,0.00038147307256052,7.59864864047318e-05,822687.5,,,,,,,,,,,,,,,,,,,,,,,,,0.000101360366918308,0.329698810628717,822687.5,,,0,0
6,Female,hstroke,2017,Indonesia,0.000649339790125794,0.000660096070275376,0.000656019716032822,0.00080487123152815,4.07635424255432e-06,2390462.5,,,,,,,,,,,,,,,,,,,,,,,,,4.44794068052103e-05,0.00832825406263131,2390462.5,,,0,0
82,Male,istroke,2000,Indonesia,0.0542452647680574,0.0984006978629236,0.0849705315464478,0.118093393877448,0.0134301663164758,65436.5,,,,,,,,,,,,,,,,,,,,,,,,,0.0164758229911507,0.0876044287655458,65436.5,,,0,0
44,Male,istroke,2034,Indonesia,0.00340262669349608,0.0051997810260836,0.00509886872290067,0.0101518148579371,0.000100912303182932,1892981,,,,,,,,,,,,,,,,,,,,,,,,,0.000827306520537368,0.00877786170868319,1892981,,,0,0
8,Male,istroke,2033,Indonesia,0.000385981565367948,0.000577410991588433,0.000576969780668637,0.0007417126357142,4.41210919795801e-07,2514756.5,,,,,,,,,,,,,,,,,,,,,,,,,6.87587974370675e-05,0.000926877745596285,2514756.5,,,0,0
53,Female,ihd,2009,Indonesia,0.00439621197155881,0.00786947899773817,0.00682993956610826,0.0294470560322007,0.00103953943162991,1089972.5,,,,,,,,,,,,,,,,,,,,,,,,,0.00260448167689495,0.0419147810836828,1089972.5,,,0,0
3,Female,cmd,2006,Indonesia,0.00190909505544392,0.00192322177206725,0.00192035764077584,0.0001721372803581,2.86413129141426e-06,2179112,,,,,,,,,,,,,,,,,,,,,,,,,3.5516293263921e-06,0.00994711579706986,2179112,,,0,0
83,Female,dm2,2027,Indonesia,0.0334278826698306,0.0638143211649178,0.0600603628053777,0.136277881024676,0.00375395835954013,193103.5,,,,,,,,,,,,,,,,,,,,,,,,,0.00597095357438904,0.0229737151269744,193103.5,,,0,0
6,Male,hhd,2027,Indonesia,0.000563888520336393,0.000757869520829757,0.000757869520829757,0,0,2531212,,,,,,,,,,,,,,,,,,,,,,,,,0,0,2531212,,,0,0
62,Male,hstroke,2015,Indonesia,0.0128906073193493,0.0256525784663704,0.0215100924237288,0.0098896813595008,0.0041424860426416,781183.5,,,,,,,,,,,,,,,,,,,,,,,,,0.00682623854716964,0.325754674042763,781183.5,,,0,0
78,Female,hhd,2045,Indonesia,0.0196125083583456,0.0411296205969196,0.0395531229058882,0.0202141238912422,0.00157649769103146,362363,,,,,,,,,,,,,,,,,,,,,,,,,0.0019077929499077,0.138413515146546,362363,,,0,0
15,Female,hstroke,2043,Indonesia,0.000477171484498654,0.000787194973010395,0.000764725025752992,0.0015348808228731,2.24699472574027e-05,2175274,,,,,,,,,,,,,,,,,,,,,,,,,8.92043629976342e-05,0.015622314708268,2175274,,,0,0
50,Male,rhd,2044,Indonesia,0.00553091476762635,0.00974489525023994,0.00972381287534577,0.00568420513018948,2.10823748941776e-05,1669063.5,,,,,,,,,,,,,,,,,,,,,,,,,2.90473791899276e-05,0.00485666051587164,1669063.5,,,0,0
56,Male,rhd,2042,Indonesia,0.00703841611714495,0.0147317662209651,0.0147091851009398,0.00471596999571716,2.25811200252785e-05,1334856,,,,,,,,,,,,,,,,,,,,,,,,,2.46189720114132e-05,0.00356678441539346,1334856,,,0,0
23,Male,rhd,2021,Indonesia,0.00164006568073606,0.00157190075095685,0.00155828811761872,0.00551313900813416,1.36126333381321e-05,2267661.5,,,,,,,,,,,,,,,,,,,,,,,,,0.000322569936787295,0.00201837320182589,2267661.5,,,0,0
56,Female,dm2,2034,Indonesia,0.00410244105970844,0.00882243646338343,0.00832677971450755,0.115517880887285,0.000495656748875884,1374725.5,,,,,,,,,,,,,,,,,,,,,,,,,0.0111645364708371,0.00572202651461424,1374725.5,,,0,0
49,Female,dm2,2022,Indonesia,0.00326985431105804,0.00587768468264613,0.00565125478641348,0.085822941015421,0.000226429896232657,1717862.5,,,,,,,,,,,,,,,,,,,,,,,,,0.00783461384987212,0.00320135123997394,1717862.5,,,0,0
50,Male,dm2,2020,Indonesia,0.00571624711709812,0.00974489525023994,0.00926877755701935,0.0985572461523285,0.000476117693220591,1669063.5,,,,,,,,,,,,,,,,,,,,,,,,,0.00820022328733645,0.00613287256795742,1669063.5,,,0,2.46617590441518e-05
27,Female,hhd,2002,Indonesia,0.00131448820013415,0.00147531356250513,0.00147196530429911,0.0001257702701888,3.34825820602323e-06,1963811,,,,,,,,,,,,,,,,,,,,,,,,,1.97501650763279e-05,0.0209353712494568,1963811,,,0,0
7,Female,rhd,2008,Indonesia,0.000683156342924507,0.000699191592629791,0.00069174320540623,0.0007665847331423,7.4483872235612e-06,2159689.5,,,,,,,,,,,,,,,,,,,,,,,,,0.000148083212704254,0.0110605806608273,2159689.5,,,0,0
95,Female,rhd,2016,Indonesia,0.123877154397085,0.207772995954633,0.207656988119787,0.001260337111436,0.000116007834846387,13385,,,,,,,,,,,,,,,,,,,,,,,,,0.000127410431223523,0.0796600287810425,13385,,,0,0
9,Male,cmd,2044,Indonesia,0.000310879855951596,0.000573258926267138,0.000571819708419215,0.0001980863273532,1.4392178479232e-06,2462985,,,,,,,,,,,,,,,,,,,,,,,,,8.74260494146542e-06,0.00999526770523293,2462985,,,0,0
89,Male,hhd,2027,Indonesia,0.0743444443032607,0.129131825156855,0.125396084917848,0.0280818391619876,0.00373574023900721,26761,,,,,,,,,,,,,,,,,,,,,,,,,0.00358246733277185,0.107919599288484,26761,,,0,0
21,Male,dm2,2047,Indonesia,0.00139403630722803,0.00148543215230765,0.0014790031315968,0.0127272052006456,6.42902071084802e-06,2299917.5,,,,,,,,,,,,,,,,,,,,,,,,,0.00149554588778464,0.000587925497298371,2299917.5,,,0,0
24,Male,hhd,2012,Indonesia,0.00169288477071142,0.00187746373961095,0.00187310354074446,9.277442005502e-05,4.36019886648961e-06,2175849.5,,,,,,,,,,,,,,,,,,,,,,,,,2.15998580745014e-05,0.0788961818567831,2175849.5,,,0,0
81,Female,hstroke,2022,Indonesia,0.0285936487988743,0.0545961653914998,0.0492709037073228,0.0112807286438239,0.00532526168417694,259494,,,,,,,,,,,,,,,,,,,,,,,,,0.00543857872464997,0.572918984316101,259494,,,0,0
64,Male,hhd,2011,Indonesia,0.0159849170151013,0.0302934286927728,0.0293004047749907,0.00561496952647894,0.000993023917782076,588411.5,,,,,,,,,,,,,,,,,,,,,,,,,0.00195088743839483,0.223493468308205,588411.5,,,0,0
34,Female,dm2,2003,Indonesia,0.00160367869174754,0.0019704612598113,0.00194946355347783,0.0319335040039968,2.09977063334678e-05,1788169.5,,,,,,,,,,,,,,,,,,,,,,,,,0.00317342806165619,0.000726800101424614,1788169.5,,,0,0
95,Female,rhd,2037,Indonesia,0.122405087159588,0.206286921085328,0.206176795029306,0.0012897791959535,0.000110126056022595,16259,,,,,,,,,,,,,,,,,,,,,,,,,0.000118663906190243,0.0424123690529834,16259,,,0,0
20,Male,hstroke,2009,Indonesia,0.00168672589087789,0.00181620002698148,0.00177652671904923,0.0015903338163754,3.96733079322582e-05,2211172,,,,,,,,,,,,,,,,,,,,,,,,,8.44002262014556e-05,0.0317579431634334,2211172,,,0,0
65,Female,istroke,2003,Indonesia,0.00960630823160252,0.0184685965422277,0.0173662545267199,0.0346034303620689,0.00110234201550781,615143.5,,,,,,,,,,,,,,,,,,,,,,,,,0.00207402058468277,0.0323687042457228,615143.5,,,0,0
88,Male,rhd,2011,Indonesia,0.0740331612277471,0.126251634167718,0.126196357460322,0.00136052968279032,5.52767073960419e-05,24001.5,,,,,,,,,,,,,,,,,,,,,,,,,0.000131773546594577,0.0333994611497872,24001.5,,,0,0
73,Male,dm2,2047,Indonesia,0.0226979174536803,0.0473378580144624,0.0440886837494189,0.155560091814295,0.00324917426504351,385422.5,,,,,,,,,,,,,,,,,,,,,,,,,0.0120358137885745,0.0196586005529535,385422.5,,,0,0
48,Female,hstroke,2041,Indonesia,0.00296267875585785,0.00549213160274273,0.00455198734563858,0.00742549479255172,0.000940144257104143,1750710,,,,,,,,,,,,,,,,,,,,,,,,,0.00138518686686081,0.120194909729001,1750710,,,0,0
68,Male,hhd,2048,Indonesia,0.0155558694151107,0.0336931797605244,0.0325956705289745,0.0102979539417038,0.00109750923154993,575869,,,,,,,,,,,,,,,,,,,,,,,,,0.00249502575665614,0.183686269927301,575869,,,0,0
32,Male,rhd,2000,Indonesia,0.00170348822809136,0.00201145321984316,0.00199311718639317,0.0075289735119818,1.83360334499977e-05,1772452,,,,,,,,,,,,,,,,,,,,,,,,,4.13328961008603e-05,0.00185170614895198,1772452,,,0,0
1,Female,rhd,2050,Indonesia,0.00159122011503799,0.00210925776222,0.0021071553899691,4.73638338241e-05,2.10237225089607e-06,2218772,,,,,,,,,,,,,,,,,,,,,,,,,3.63988130822441e-05,0.0160078578977138,2218772,,,0,0
66,Male,istroke,2043,Indonesia,0.0137003839313477,0.0294535191146557,0.0275160216389395,0.0586503649503049,0.00193749747571625,694051.5,,,,,,,,,,,,,,,,,,,,,,,,,0.00829524104148618,0.0551168107451772,694051.5,,,0,0
3,Male,rhd,2004,Indonesia,0.0039390700861337,0.00395038872577094,0.00394646626622033,0.0002461160786437,3.92245955061332e-06,2289546.5,,,,,,,,,,,,,,,,,,,,,,,,,7.37798241767431e-05,0.00932722256080194,2289546.5,,,0,0
4,Male,rhd,2043,Indonesia,0.000503404955230878,0.00111048244866982,0.00110829750433611,0.00039386958804725,2.18494433370752e-06,2445488.5,,,,,,,,,,,,,,,,,,,,,,,,,8.32288598079015e-05,0.00203856631423545,2445488.5,,,0,0
26,Male,hstroke,2045,Indonesia,0.00172515774159168,0.00163614758651308,0.00158442074987594,0.00199174508458798,5.17268366371456e-05,2184759.5,,,,,,,,,,,,,,,,,,,,,,,,,0.000232857177164983,0.0580677695284935,2184759.5,,,0,0
77,Female,hhd,2004,Indonesia,0.0231620069775337,0.045383940582502,0.04390239059382,0.0190024653741934,0.00148154998868204,240991,,,,,,,,,,,,,,,,,,,,,,,,,0.00170479008577095,0.130237596404991,240991,,,0,0
75,Male,hhd,2035,Indonesia,0.0259840348823899,0.0514425111403834,0.049657289355819,0.0174999658189049,0.00178522178456441,325266,,,,,,,,,,,,,,,,,,,,,,,,,0.00166894778315466,0.134684889066328,325266,,,0,0
14,Female,rhd,2037,Indonesia,0.000415168563831787,0.000669807419024546,0.000652679969374773,0.00217355845400022,1.71274496497731e-05,2221491.5,,,,,,,,,,,,,,,,,,,,,,,,,0.000543027788670208,0.00689380997355505,2221491.5,,,0,0
39,Female,cmd,2031,Indonesia,0.00186320867688756,0.00292084277304642,0.00290782189942795,0.00013822365846204,1.30208736184763e-05,2032880.5,,,,,,,,,,,,,,,,,,,,,,,,,1.65555486376013e-05,0.0721102909694444,2032880.5,,,0,0
2,Male,hhd,2029,Indonesia,0.00129926976177558,0.00179360924496256,0.00179360924496256,0,0,2377304,,,,,,,,,,,,,,,,,,,,,,,,,0,0,2377304,,,0,0
82,Male,hhd,2000,Indonesia,0.0542452647680574,0.0984006978629236,0.0947847570855974,0.0236331446716817,0.00361594077732621,65436.5,,,,,,,,,,,,,,,,,,,,,,,,,0.00333985978590624,0.209401285028306,65436.5,,,0,0
78,Male,cmd,2039,Indonesia,0.030285299906543,0.0609003181819516,0.0607026543149257,0.00170427814298856,0.000197663867025874,242276,,,,,,,,,,,,,,,,,,,,,,,,,0.0002794517918314,0.218429559004139,242276,,,0,0
24,Male,hhd,2004,Indonesia,0.00184505490534164,0.001995201064128,0.00199136741188085,9.295796857196e-05,3.83365224714604e-06,2170799.5,,,,,,,,,,,,,,,,,,,,,,,,,1.98345817811049e-05,0.0607120898677742,2170799.5,,,0,0
83,Female,istroke,2033,Indonesia,0.0328689659895993,0.0638143211649178,0.0540595026663632,0.0672761948071589,0.00975481849855462,193103.5,,,,,,,,,,,,,,,,,,,,,,,,,0.00775256589742699,0.21713063583167,193103.5,,,0,0
28,Male,rhd,2036,Indonesia,0.00175755627503471,0.00174610114003564,0.00173167580698582,0.00684107751734334,1.44253330498226e-05,2167667,,,,,,,,,,,,,,,,,,,,,,,,,6.54245211569376e-05,0.00307659510986184,2167667,,,0,0
14,Male,cmd,2043,Indonesia,0.000581865898374809,0.000826569720229607,0.000823842075412179,0.00022538450380964,2.72764481742839e-06,2341521,,,,,,,,,,,,,,,,,,,,,,,,,1.25382008397479e-05,0.0137564264392637,2341521,,,0,0
71,Male,ihd,2002,Indonesia,0.0269566758501289,0.0501993462293982,0.0430017707914231,0.0972761909565083,0.00719757543797501,336061.5,,,,,,,,,,,,,,,,,,,,,,,,,0.00956571787220558,0.0463887473897016,336061.5,,,0,0
92,Female,hstroke,2022,Indonesia,0.0721300515735993,0.125215360474127,0.116946921056741,0.0155691458620516,0.00826843941738599,20467,,,,,,,,,,,,,,,,,,,,,,,,,0.0123896978254986,0.721917108273475,20467,,,0,0
47,Female,hstroke,2003,Indonesia,0.0031192338392191,0.00493206819570773,0.00409222348557017,0.0086297206943932,0.000839844710137558,1136912,,,,,,,,,,,,,,,,,,,,,,,,,0.00145687715048384,0.0857012768377857,1136912,,,0,0
64,Male,istroke,2033,Indonesia,0.0130895584166523,0.026770373668407,0.0250532973923946,0.051831202268885,0.00171707627601248,822687.5,,,,,,,,,,,,,,,,,,,,,,,,,0.00909367271014423,0.0685692679362845,822687.5,,,0,0
24,Male,ihd,2004,Indonesia,0.00184505490534164,0.001995201064128,0.00193615473616411,0.0029229444536311,5.90463279638859e-05,2170799.5,,,,,,,,,,,,,,,,,,,,,,,,,0.000764660730424222,0.0232418892271942,2170799.5,,,0,0
93,Male,hstroke,2011,Indonesia,0.124355020816271,0.204521019372144,0.193302099698686,0.0104819222510599,0.0112189196734576,4063,,,,,,,,,,,,,,,,,,,,,,,,,0.011483509467311,0.473747213490156,4063,,,0,0
10,Male,dm2,2011,Indonesia,0.000722644677176343,0.000740665472834167,0.000740665472834167,0,0,2271800,,,,,,,,,,,,,,,,,,,,,,,,,0,0,2271800,,,0,0
52,Male,hstroke,2034,Indonesia,0.00614457964385538,0.0113872528262715,0.00956068305861672,0.0078588003125179,0.00182656976765481,1571604,,,,,,,,,,,,,,,,,,,,,,,,,0.00353062911476753,0.448502949075208,1571604,,,0,0
87,Female,istroke,2040,Indonesia,0.0439967720272072,0.0827315511991498,0.07062219103951,0.0619541115288938,0.0121093601596399,87246,,,,,,,,,,,,,,,,,,,,,,,,,0.0135826581506383,0.187489415035158,87246,,,0,0
93,Female,ihd,2031,Indonesia,0.0885041851919053,0.152239214011194,0.132812686416356,0.117365525115324,0.0194265275948377,14160,,,,,,,,,,,,,,,,,,,,,,,,,0.0331553563336743,0.120128126441191,14160,,,0,0
51,Female,hstroke,2022,Indonesia,0.00351977818549377,0.00664879084245295,0.00544675875962776,0.00827788206798118,0.00120203208282519,1633384.5,,,,,,,,,,,,,,,,,,,,,,,,,0.00163950504603905,0.161894343036979,1633384.5,,,0,0
21,Female,rhd,2004,Indonesia,0.00216333556888364,0.00230995175080786,0.00227571363163411,0.0054618172382101,3.42381191737513e-05,2163712.5,,,,,,,,,,,,,,,,,,,,,,,,,0.000528265041637347,0.00511306173990886,2163712.5,,,0,0
26,Male,cmd,2028,Indonesia,0.00167991490748009,0.00163614758651308,0.00162713478450429,0.00021358558391014,9.01280200879081e-06,2184759.5,,,,,,,,,,,,,,,,,,,,,,,,,8.37344892411867e-06,0.0951382615361162,2184759.5,,,0,0
92,Male,dm2,2024,Indonesia,0.0945696162629443,0.159861138850849,0.151638288029013,0.106842696262955,0.0082228508218362,9624.5,,,,,,,,,,,,,,,,,,,,,,,,,0.0133974456393462,0.0475618083303238,9624.5,,,0,0
68,Male,hstroke,2046,Indonesia,0.0157061298907746,0.0336931797605244,0.0290066766564491,0.00946987388513374,0.00468650310407534,575869,,,,,,,,,,,,,,,,,,,,,,,,,0.00409752696869172,0.852588195711191,575869,,,0,0
28,Male,hstroke,2039,Indonesia,0.00176796604994349,0.00174610114003564,0.00167556011467708,0.00221470525829552,7.05410253585611e-05,2167667,,,,,,,,,,,,,,,,,,,,,,,,,0.00028992579684573,0.0671366663984471,2167667,,,0,0
31,Male,cmd,2048,Indonesia,0.00180724585040383,0.00201171496504708,0.0019987758702259,0.0001847872521973,1.2939094821179e-05,2144640.5,,,,,,,,,,,,,,,,,,,,,,,,,2.93874704258964e-05,0.0686244391205993,2144640.5,,,0,0
19,Female,cmd,2041,Indonesia,0.000734918789229604,0.00107861510413658,0.00107312556417304,0.00018340883099708,5.48953996353776e-06,2143706,,,,,,,,,,,,,,,,,,,,,,,,,4.17091636166334e-06,0.056121418604511,2143706,,,0,0
76,Female,hstroke,2024,Indonesia,0.0177197155613195,0.0350433407782211,0.0303191394849767,0.0100620496085837,0.00472420129324434,428084,,,,,,,,,,,,,,,,,,,,,,,,,0.00505819269038464,0.676880246577015,428084,,,0,0
40,Male,cmd,2005,Indonesia,0.00244606766582139,0.00343209546632393,0.00341346071068455,0.00021523275537264,1.86347556393757e-05,1599537.5,,,,,,,,,,,,,,,,,,,,,,,,,3.92235905299304e-05,0.0782294294955498,1599537.5,,,0,0
28,Female,istroke,2014,Indonesia,0.00120123287485454,0.00144425826447048,0.00143139796399007,0.00253733472550752,1.2860300480408e-05,2061045,,,,,,,,,,,,,,,,,,,,,,,,,0.000211853999792851,0.00489395225037065,2061045,,,0,0
15,Female,hhd,2014,Indonesia,0.000788516119752354,0.000877799051902462,0.000876884053657357,1.756610012772e-05,9.14998245104195e-07,2178806,,,,,,,,,,,,,,,,,,,,,,,,,6.34219614685595e-06,0.035599689790251,2178806,,,0,0
39,Male,ihd,2012,Indonesia,0.00230294300068796,0.00334080365327795,0.00289625613847671,0.0149582075710652,0.000444547514801249,1886912,,,,,,,,,,,,,,,,,,,,,,,,,0.00299173171515069,0.0445828427191402,1886912,,,0,0
77,Female,hhd,2000,Indonesia,0.0213646507828815,0.0412393092591418,0.0399078556869958,0.0192849650472626,0.00133145357214595,193468,,,,,,,,,,,,,,,,,,,,,,,,,0.0017584561778001,0.131596286327955,193468,,,0,0
34,Male,cmd,2040,Indonesia,0.00178561820343778,0.00230145604033437,0.00228585581826159,0.00019072739998522,1.56002220727771e-05,2168702,,,,,,,,,,,,,,,,,,,,,,,,,3.58390129469651e-05,0.0731503038106236,2168702,,,0,0
6,Female,hhd,2039,Indonesia,0.000404799026120554,0.00061264457534351,0.00061264457534351,0,0,2402716,,,,,,,,,,,,,,,,,,,,,,,,,0,0,2402716,,,0,0
45,Male,istroke,2015,Indonesia,0.00361701415720434,0.0062848885029979,0.00614473523476273,0.011054914622359,0.000140153268235163,1757660.5,,,,,,,,,,,,,,,,,,,,,,,,,0.00156683177922179,0.019057019107759,1757660.5,,,0,0
23,Male,dm2,2020,Indonesia,0.0016436624501598,0.00157190075095685,0.00156356552617837,0.0167110287867271,8.335224778481e-06,2267661.5,,,,,,,,,,,,,,,,,,,,,,,,,0.00168974706502972,0.000595014656868469,2267661.5,,,0,0
14,Male,istroke,2007,Indonesia,0.00110273526828981,0.0011615476906621,0.00115936937352205,0.00130042817897918,2.17831714004709e-06,2234473,,,,,,,,,,,,,,,,,,,,,,,,,8.67400091039284e-05,0.00149957475142439,2234473,,,0,0
14,Female,ihd,2006,Indonesia,0.000810048731261355,0.000875907621868095,0.00086023034294304,0.0003988847250912,1.56772789250552e-05,2115964.5,,,,,,,,,,,,,,,,,,,,,,,,,0.000115498852637761,0.0122789634290881,2115964.5,,,0,0
57,Female,cmd,2030,Indonesia,0.00439425662751111,0.0092694595986402,0.00924632783185831,0.000115191194215,2.31317667818892e-05,1321479,,,,,,,,,,,,,,,,,,,,,,,,,3.87436793676297e-05,0.147571139568114,1321479,,,0,0
73,Female,istroke,2020,Indonesia,0.0153638695318251,0.0302510461167055,0.0266825148117783,0.0515713726469075,0.00356853130492718,522148.5,,,,,,,,,,,,,,,,,,,,,,,,,0.00655164446293499,0.0591451700497149,522148.5,,,0,0.000536372645897193
14,Female,hhd,2019,Indonesia,0.000607277846811647,0.000669807419024546,0.000669196820888525,1.13937277438e-05,6.10598136020692e-07,2221491.5,,,,,,,,,,,,,,,,,,,,,,,,,4.01402501762348e-06,0.0205801105739758,2221491.5,,,0,0
48,Male,istroke,2005,Indonesia,0.00480921094255863,0.00789018072715941,0.00770439723972249,0.0145079143207982,0.000185783487436919,1161428,,,,,,,,,,,,,,,,,,,,,,,,,0.00204981703124451,0.0164913058643103,1161428,,,0,0
59,Female,ihd,2046,Indonesia,0.00502502332914896,0.0113368173468716,0.00955195800819348,0.0405326312913336,0.00178485933867813,1208539,,,,,,,,,,,,,,,,,,,,,,,,,0.00577008818169635,0.0841606214609812,1208539,,,0,0
35,Female,ihd,2022,Indonesia,0.00145413563780559,0.00207300364214063,0.00184688583769312,0.00797512206229922,0.000226117804447508,2104220,,,,,,,,,,,,,,,,,,,,,,,,,0.000869066565145562,0.0349384781951307,2104220,,,0,0
6,Female,istroke,2032,Indonesia,0.000468212450086431,0.00061264457534351,0.000611816632166342,0.0005064655732284,8.27943177168105e-07,2402716,,,,,,,,,,,,,,,,,,,,,,,,,7.43872765103495e-05,0.00154690346751506,2402716,,,0,0
86,Female,dm2,2010,Indonesia,0.0447301687529999,0.08277240923262,0.0788572508385206,0.101857664950007,0.00391515839409944,65108,,,,,,,,,,,,,,,,,,,,,,,,,0.00407149350181615,0.0238812567602015,65108,,,0,0
10,Male,hhd,2022,Indonesia,0.000519356649510534,0.000569106860945843,0.000569106860945843,0,0,2435751.5,,,,,,,,,,,,,,,,,,,,,,,,,0,0,2435751.5,,,0,0
22,Male,hhd,2036,Indonesia,0.00156355811414364,0.00155048513910478,0.00154808783033481,7.48312906065e-05,2.39730876996792e-06,2296296.5,,,,,,,,,,,,,,,,,,,,,,,,,1.52911032642929e-05,0.0696514023154779,2296296.5,,,0,0
16,Male,istroke,2031,Indonesia,0.000963109744214821,0.00109233671015596,0.0010900376001651,0.00141878460700068,2.29910999086046e-06,2273410,,,,,,,,,,,,,,,,,,,,,,,,,0.00014553351043873,0.0034860440271915,2273410,,,0,0
59,Female,hhd,2027,Indonesia,0.00551944953326606,0.0113368173468716,0.0109990822801177,0.0021837435668723,0.00033773506675386,1208539,,,,,,,,,,,,,,,,,,,,,,,,,0.000648555631127559,0.242060410449244,1208539,,,0,0
11,Female,hhd,2014,Indonesia,0.000471189622354741,0.00049392467882354,0.00049392467882354,0,0,2163745,,,,,,,,,,,,,,,,,,,,,,,,,0,0,2163745,,,0,0
84,Female,hstroke,2032,Indonesia,0.0358742251093776,0.0685436286734758,0.0626039432711702,0.0123459252916844,0.00593968540230562,162437,,,,,,,,,,,,,,,,,,,,,,,,,0.00621380042407017,0.547907877545502,162437,,,0,0
20,Male,cmd,2010,Indonesia,0.00166727980960262,0.00179513047099112,0.00178797914415937,0.0002373799665924,7.15132683175283e-06,2200874.5,,,,,,,,,,,,,,,,,,,,,,,,,8.80497273022807e-06,0.0261798348827243,2200874.5,,,0,0
44,Female,istroke,2020,Indonesia,0.0027160383518467,0.00437301948798985,0.00427102364587374,0.00715021197232986,0.000101995842116104,1870906,,,,,,,,,,,,,,,,,,,,,,,,,0.000428059899414033,0.0209964637486135,1870906,,,0,5.58359137706353e-06
53,Female,istroke,2001,Indonesia,0.00440845031405733,0.00749096084997465,0.00726160072214693,0.0145121549318318,0.000229360127827723,796565,,,,,,,,,,,,,,,,,,,,,,,,,0.00136376115583376,0.0155984482340968,796565,,,0,0
67,Female,hstroke,2031,Indonesia,0.00905011544175169,0.0190287483815503,0.0153733513663992,0.0091331407855812,0.00365539701515111,730291.5,,,,,,,,,,,,,,,,,,,,,,,,,0.00400668993011492,0.532890324763705,730291.5,,,0,0
38,Male,dm2,2042,Indonesia,0.0018757514500669,0.00284502108314319,0.00276783787511977,0.056201875799653,7.71832080234197e-05,2115229,,,,,,,,,,,,,,,,,,,,,,,,,0.00509572362973412,0.00145885728573816,2115229,,,0,0
83,Female,ihd,2021,Indonesia,0.0340798026633298,0.0638143211649178,0.0552196331011564,0.112643168229078,0.00859468806376141,193103.5,,,,,,,,,,,,,,,,,,,,,,,,,0.00731725059835433,0.0863799953616832,193103.5,,,0,0.0104737201669846
71,Male,ihd,2014,Indonesia,0.0240251959013296,0.046409405389181,0.0394997642044698,0.103354249362405,0.00690964118471122,420952,,,,,,,,,,,,,,,,,,,,,,,,,0.00814135613565505,0.0400800330649313,420952,,,0,0
73,Female,hstroke,2017,Indonesia,0.0148333317336516,0.0310879979932665,0.0264911197937358,0.00999880624751054,0.00459687819953064,507923,,,,,,,,,,,,,,,,,,,,,,,,,0.00278287702922786,0.424936319281977,507923,,,0,0
32,Female,istroke,2035,Indonesia,0.0011319780101353,0.00176438230415906,0.00174418289347024,0.0031717838857242,2.0199410688822e-05,2030825,,,,,,,,,,,,,,,,,,,,,,,,,0.000229311753741029,0.0119500265443474,2030825,,,0,0
67,Female,hstroke,2023,Indonesia,0.00944006352207282,0.0190287483815503,0.0153733513663992,0.0091331407855812,0.00365539701515111,730291.5,,,,,,,,,,,,,,,,,,,,,,,,,0.00400668993011492,0.532424834870724,730291.5,,,0,0
37,Female,cmd,2022,Indonesia,0.00157480194448301,0.00227875120079502,0.00226735621552792,0.0001344350867752,1.13949852670976e-05,2076719,,,,,,,,,,,,,,,,,,,,,,,,,1.60846684459036e-05,0.0649840925470078,2076719,,,0,0
17,Male,cmd,2038,Indonesia,0.0010233574758899,0.00122522020511914,0.00122142672620231,0.0002629075067585,3.79347891682976e-06,2264664,,,,,,,,,,,,,,,,,,,,,,,,,6.12598090859054e-06,0.0386439199975438,2264664,,,0,0
92,Male,dm2,2036,Indonesia,0.0907734021183296,0.159861138850849,0.151638288029013,0.106842696262955,0.0082228508218362,9624.5,,,,,,,,,,,,,,,,,,,,,,,,,0.0133974456393462,0.0470818282585218,9624.5,,,0,0
33,Male,istroke,2042,Indonesia,0.00179640575325978,0.00220085447352597,0.00218313115662359,0.00436310879488206,1.7723316902376e-05,2128999,,,,,,,,,,,,,,,,,,,,,,,,,0.00024485536450432,0.00806430101483903,2128999,,,0,0
38,Male,rhd,2017,Indonesia,0.00201239866503236,0.00291901804094048,0.00290270836975006,0.007323458234401,1.63096711904181e-05,2067813.5,,,,,,,,,,,,,,,,,,,,,,,,,1.73240713544549e-05,0.00307408840900624,2067813.5,,,0,0
52,Male,rhd,2021,Indonesia,0.00641700205568602,0.0113872528262715,0.0113656187899674,0.0053512326950818,2.16340363041002e-05,1571604,,,,,,,,,,,,,,,,,,,,,,,,,2.98733762458558e-05,0.00569388837891121,1571604,,,0,0.000245484688883872
42,Female,istroke,2048,Indonesia,0.0023031473529009,0.00388398013142353,0.00380433798619007,0.0060505290387949,7.96421452334657e-05,1931948,,,,,,,,,,,,,,,,,,,,,,,,,0.000354018939447767,0.0193168221505184,1931948,,,0,0
81,Female,ihd,2023,Indonesia,0.028485705981908,0.0545961653914998,0.0470274167283446,0.108758907918947,0.00756874866315521,259494,,,,,,,,,,,,,,,,,,,,,,,,,0.00662489722057808,0.0788409834918334,259494,,,0,0
0,Female,cmd,2035,Indonesia,0.0178745222849108,0.0178217508860996,0.0177981199306505,9.32494512176e-05,2.36309554490855e-05,2206294,,,,,,,,,,,,,,,,,,,,,,,,,4.5500112720693e-05,0.0984285995270186,2206294,,,0,0
44,Female,cmd,2000,Indonesia,0.00304877428425087,0.00448663999614992,0.00447518838820893,0.00013134731666552,1.14516079409864e-05,1154635.5,,,,,,,,,,,,,,,,,,,,,,,,,8.41491832513901e-06,0.098204812838402,1154635.5,,,0,0
24,Female,cmd,2038,Indonesia,0.000828443670258008,0.00120217879773007,0.00119479147975014,0.00016877550727344,7.387317979935e-06,2130662.5,,,,,,,,,,,,,,,,,,,,,,,,,8.85354932258107e-06,0.0728391184292729,2130662.5,,,0,0
42,Male,dm2,2012,Indonesia,0.00267882274979383,0.00411240658717002,0.00397559321372158,0.0626182357479617,0.000136813373448441,1782318.5,,,,,,,,,,,,,,,,,,,,,,,,,0.00472808616130018,0.00202476913251313,1782318.5,,,0,0
70,Female,hstroke,2041,Indonesia,0.0113778624350625,0.0248036680903403,0.020825359568407,0.00926079150342744,0.00397830852193325,584289.5,,,,,,,,,,,,,,,,,,,,,,,,,0.00241778455909596,0.453059552820598,584289.5,,,0,0
90,Female,rhd,2034,Indonesia,0.0603619504993481,0.108221836764136,0.10816692553869,0.00171755666532048,5.49112254463758e-05,39319,,,,,,,,,,,,,,,,,,,,,,,,,6.85129581822313e-05,0.0401831410692127,39319,,,0,0
64,Female,hstroke,2011,Indonesia,0.00898805839020698,0.0179863725403711,0.0143366808146909,0.0105230112566604,0.00364969172568024,689057,,,,,,,,,,,,,,,,,,,,,,,,,0.00639398685189559,0.568442655420371,689057,,,0,0
21,Male,rhd,2046,Indonesia,0.00139855454121203,0.00148543215230765,0.00147158831073002,0.00479725422319628,1.38438415776331e-05,2299917.5,,,,,,,,,,,,,,,,,,,,,,,,,0.000382229429977467,0.0015642190305535,2299917.5,,,0,0
79,Female,rhd,2010,Indonesia,0.025380098834539,0.0505046538926897,0.050462552779003,0.00261024480260188,4.21011136866639e-05,243204,,,,,,,,,,,,,,,,,,,,,,,,,5.18935464650812e-05,0.0176511951424304,243204,,,0,0
63,Female,hstroke,2027,Indonesia,0.00751403070389866,0.015356032851685,0.0124908081570798,0.00933263053968816,0.00286522469460523,969635,,,,,,,,,,,,,,,,,,,,,,,,,0.00526402425963433,0.590541303953026,969635,,,0,0
25,Male,istroke,2021,Indonesia,0.00165043880946553,0.00161473197466101,0.00160802218399628,0.00257209244294506,6.70979066472783e-06,2209550,,,,,,,,,,,,,,,,,,,,,,,,,0.000189501498030649,0.00270051887082048,2209550,,,0,0
43,Male,istroke,2050,Indonesia,0.00289177273459389,0.00450592173938062,0.00442858906502719,0.00923937690703084,7.73326743534286e-05,1933096.5,,,,,,,,,,,,,,,,,,,,,,,,,0.000738160465696093,0.00773191544066084,1933096.5,,,0,0
77,Male,dm2,2045,Indonesia,0.0264535858545848,0.0555471642663045,0.0515580021141427,0.153187724436194,0.0039891621521617,269588,,,,,,,,,,,,,,,,,,,,,,,,,0.00789156690316111,0.021750371668887,269588,,,0,0
58,Male,hstroke,2047,Indonesia,0.00785735339946888,0.0172717613001425,0.0145352410917747,0.00893691797630822,0.00273652020836775,1215057.5,,,,,,,,,,,,,,,,,,,,,,,,,0.00246292037539485,0.438914736474075,1215057.5,,,0,0
81,Male,cmd,2019,Indonesia,0.0417737001708051,0.0769597799288929,0.0766571144658459,0.00233151619013724,0.000302665463046978,163265,,,,,,,,,,,,,,,,,,,,,,,,,0.000832165374175483,0.167295190064088,163265,,,0,0
22,Male,cmd,2022,Indonesia,0.00163002944975762,0.00155048513910478,0.0015438530202683,0.0002566815951455,6.63211883648002e-06,2296296.5,,,,,,,,,,,,,,,,,,,,,,,,,8.19261380288346e-06,0.0295314252057388,2296296.5,,,0,0
80,Female,dm2,2015,Indonesia,0.025882976553011,0.0525464915804172,0.0493599734620859,0.130395575173767,0.00318651811833127,258949,,,,,,,,,,,,,,,,,,,,,,,,,0.00509490219911543,0.0189223816973952,258949,,,0,0
14,Male,dm2,2044,Indonesia,0.000574900714332488,0.000826569720229607,0.000824914928554052,0.00231948082524512,1.65479167555518e-06,2341521,,,,,,,,,,,,,,,,,,,,,,,,,0.000571020861011322,0.000287728517352184,2341521,,,0,0
76,Male,istroke,2003,Indonesia,0.0341454419822371,0.0629439567002099,0.0566982745961157,0.0996334407550186,0.00624568210409421,202409,,,,,,,,,,,,,,,,,,,,,,,,,0.0119149764617263,0.0505111640504511,202409,,,0,0
56,Female,hhd,2020,Indonesia,0.00450944401463003,0.00882243646338343,0.00858358525482426,0.00150488522605728,0.000238851208559176,1374725.5,,,,,,,,,,,,,,,,,,,,,,,,,0.000375122991964336,0.253223242808298,1374725.5,,,0,1.74004702853091e-05
67,Female,hstroke,2011,Indonesia,0.0104123308211676,0.0212578135587429,0.0168208351028147,0.0105970279913865,0.00443697845592822,626838.5,,,,,,,,,,,,,,,,,,,,,,,,,0.00466312382924634,0.482203823340588,626838.5,,,0,0
23,Male,rhd,2007,Indonesia,0.00175573508645898,0.00191603370640972,0.00189375132495266,0.00558549723325918,2.22823814570579e-05,2248402.5,,,,,,,,,,,,,,,,,,,,,,,,,0.000338093274857646,0.00215543720120277,2248402.5,,,0,0
86,Female,hstroke,2028,Indonesia,0.0420865185753121,0.0780022436905919,0.0715652360157997,0.0131512120323968,0.00643700767479216,109253,,,,,,,,,,,,,,,,,,,,,,,,,0.00672821876899889,0.287042012520255,109253,,,0,0
41,Male,hhd,2043,Indonesia,0.00227845418959799,0.00357030211029402,0.00350853643367525,0.0005015453322928,6.17656766187706e-05,2009934.5,,,,,,,,,,,,,,,,,,,,,,,,,0.000259799197369993,0.176723389998392,2009934.5,,,0,0
84,Male,rhd,2008,Indonesia,0.0592178931706214,0.104910438557936,0.104856937800768,0.00158985145385278,5.35007571682334e-05,60237.5,,,,,,,,,,,,,,,,,,,,,,,,,9.7498520214381e-05,0.0240119856728399,60237.5,,,0,0
52,Male,hstroke,2021,Indonesia,0.00641700205568602,0.0113872528262715,0.00956068305861672,0.0078588003125179,0.00182656976765481,1571604,,,,,,,,,,,,,,,,,,,,,,,,,0.00353062911476753,0.447379749442303,1571604,,,0,0.000245484688883872
55,Female,ihd,2036,Indonesia,0.00386881507367892,0.00837541332812666,0.0070488060806498,0.0313634097528306,0.00132660724747686,1427948,,,,,,,,,,,,,,,,,,,,,,,,,0.00460132791535105,0.0749166818777493,1427948,,,0,0
38,Female,istroke,2022,Indonesia,0.00175382182570099,0.00259979698692072,0.00255639357629443,0.00468562085496634,4.34034106262913e-05,2053111,,,,,,,,,,,,,,,,,,,,,,,,,0.000378206699434558,0.0147554027925817,2053111,,,0,0
68,Female,dm2,2040,Indonesia,0.00960728794669476,0.0209537216178136,0.0194647207038319,0.155204715793609,0.00148900091398168,674288,,,,,,,,,,,,,,,,,,,,,,,,,0.0106409514007103,0.0093324683553273,674288,,,0,0
95,Female,ihd,2008,Indonesia,0.126045349106007,0.214070582556832,0.188873884124243,0.11838596438986,0.0251966984325886,8923,,,,,,,,,,,,,,,,,,,,,,,,,0.0161679881175563,0.248861340058598,8923,,,0,0
9,Female,rhd,2047,Indonesia,0.000245078773978248,0.00047736126063347,0.000469429699255865,0.00108910411784886,7.93156137760479e-06,2339741.5,,,,,,,,,,,,,,,,,,,,,,,,,0.000208195881009619,0.00504498839315271,2339741.5,,,0,0
24,Male,dm2,2019,Indonesia,0.00143116274591467,0.00159331636280893,0.00158364794434331,0.0189627265884254,9.66841846562396e-06,2235943,,,,,,,,,,,,,,,,,,,,,,,,,0.00177491693703731,0.000639847485808577,2235943,,,0,0
82,Male,dm2,2002,Indonesia,0.0534551754205492,0.0967679332568473,0.0928075475708546,0.104413141920154,0.00396038568599268,70132.5,,,,,,,,,,,,,,,,,,,,,,,,,0.00277481238716107,0.0199465882017781,70132.5,,,0,0
7,Male,rhd,2026,Indonesia,0.00046188417045544,0.000581563056909728,0.000578411357394444,0.0008419074580781,3.15169951528368e-06,2555431.5,,,,,,,,,,,,,,,,,,,,,,,,,0.000162864294408345,0.00619266405882939,2555431.5,,,0,0
66,Male,cmd,2036,Indonesia,0.0142741270462355,0.0294535191146557,0.029376036297399,0.00049245009343204,7.74828172567253e-05,694051.5,,,,,,,,,,,,,,,,,,,,,,,,,0.000140327393549923,0.136874196607509,694051.5,,,0,0
93,Female,rhd,2014,Indonesia,0.0897394438303417,0.154463551294209,0.154377821349308,0.00143095965345837,8.5729944900756e-05,9917,,,,,,,,,,,,,,,,,,,,,,,,,9.27127052099615e-05,0.0923774081885621,9917,,,0,0
40,Female,ihd,2028,Indonesia,0.00206391465000908,0.00324188855917213,0.00281084848453375,0.0109679960436028,0.000431040074638382,2006656,,,,,,,,,,,,,,,,,,,,,,,,,0.000775339076399265,0.0577994854231776,2006656,,,0,0
16,Male,hstroke,2005,Indonesia,0.00146215421234082,0.00155505476111293,0.0015276023500691,0.0012838218353195,2.74524110438352e-05,2230655,,,,,,,,,,,,,,,,,,,,,,,,,5.8996781907669e-05,0.0213926445816651,2230655,,,0,0
66,Male,hstroke,2026,Indonesia,0.015310955670463,0.0294535191146557,0.0251477074144165,0.00948593112160062,0.00430581170023928,694051.5,,,,,,,,,,,,,,,,,,,,,,,,,0.00374355098815348,0.775624390081222,694051.5,,,0,0
79,Female,dm2,2020,Indonesia,0.0238910392496712,0.0456184688617797,0.042561164224707,0.149440845752237,0.00305730463707268,328335,,,,,,,,,,,,,,,,,,,,,,,,,0.00404933670817404,0.0144902699311355,328335,,,0,0.000722615461099473
30,Male,ihd,2045,Indonesia,0.00179845870611647,0.0019231770233766,0.0017397907350865,0.0065948198141749,0.0001833862882901,2163873,,,,,,,,,,,,,,,,,,,,,,,,,0.000613734229127919,0.0562052919849193,2163873,,,0,0
20,Female,dm2,2036,Indonesia,0.000797140667388588,0.00110693761571382,0.00110130538990694,0.0103305140594366,5.63222580688391e-06,2222870,,,,,,,,,,,,,,,,,,,,,,,,,0.0019330490199823,0.000901556359777036,2222870,,,0,0
75,Female,ihd,2033,Indonesia,0.0161974193825328,0.0334459092243825,0.0286874379371882,0.0906838614812672,0.0047584712871943,459466.5,,,,,,,,,,,,,,,,,,,,,,,,,0.00911468901381387,0.0523363368925294,459466.5,,,0,0
59,Female,istroke,2018,Indonesia,0.00585812734460592,0.0114641004870585,0.0109152237566441,0.0217612887103452,0.00054887673041439,1162561,,,,,,,,,,,,,,,,,,,,,,,,,0.0031767739672882,0.0256562997082598,1162561,,,0,0
60,Female,cmd,2007,Indonesia,0.00698933883756503,0.0133633940764719,0.0133361972411784,0.00014133223450502,2.71968352934799e-05,737622,,,,,,,,,,,,,,,,,,,,,,,,,4.90475231898867e-05,0.243314917907339,737622,,,0,0
75,Male,hstroke,2017,Indonesia,0.0275953646038769,0.0532839005497207,0.046839282283268,0.00887826153069098,0.00644461826645269,320046.5,,,,,,,,,,,,,,,,,,,,,,,,,0.00518977369037553,0.714917699168572,320046.5,,,0,0
33,Female,rhd,2030,Indonesia,0.00124464045971875,0.00186725608348625,0.00183341375397214,0.00905730978969156,3.38423295141068e-05,2042193.5,,,,,,,,,,,,,,,,,,,,,,,,,3.92001301005594e-05,0.00307982739328953,2042193.5,,,0,0
73,Male,hhd,2025,Indonesia,0.0255951064237687,0.0473378580144624,0.0456915023207451,0.0157594295334726,0.00164635569371731,385422.5,,,,,,,,,,,,,,,,,,,,,,,,,0.00178317565019879,0.132124763137873,385422.5,,,0,0
76,Male,rhd,2011,Indonesia,0.0326585917577474,0.0617063042222143,0.06167145689736,0.00226619025484828,3.4847324854322e-05,260152,,,,,,,,,,,,,,,,,,,,,,,,,2.57898131243712e-05,0.0164471636643169,260152,,,0,0
29,Female,rhd,2045,Indonesia,0.00089029074114574,0.00146179674327725,0.00143250079569094,0.00843842996730442,2.92959475863125e-05,2060492.5,,,,,,,,,,,,,,,,,,,,,,,,,0.000168174427596872,0.00342734880001079,2060492.5,,,0,0
2,Female,dm2,2046,Indonesia,0.00110971805509515,0.00152154719126619,0.00152154719126619,0,0,2255592,,,,,,,,,,,,,,,,,,,,,,,,,0,0,2255592,,,0,0
63,Female,ihd,2006,Indonesia,0.00872657200664267,0.0169060506156605,0.0148077881706515,0.0555050139028979,0.002098262445009,680639,,,,,,,,,,,,,,,,,,,,,,,,,0.00786626881339241,0.047781567053664,680639,,,0,0
91,Female,ihd,2042,Indonesia,0.0650539297304668,0.116718598619131,0.102077332414808,0.117157166231125,0.0146412662043233,28752,,,,,,,,,,,,,,,,,,,,,,,,,0.0303659883078094,0.116121574398472,28752,,,0,0
74,Male,cmd,2047,Indonesia,0.0235742567624742,0.0493901845774229,0.0492495637472441,0.00113638711074314,0.000140620830178794,353983.5,,,,,,,,,,,,,,,,,,,,,,,,,0.000431666699002853,0.124095503493198,353983.5,,,0,0
18,Male,cmd,2021,Indonesia,0.00132998661769404,0.00129027319191626,0.00128591198501551,0.0002616623244359,4.36120690075981e-06,2255407,,,,,,,,,,,,,,,,,,,,,,,,,6.79132145659276e-06,0.0425474372660184,2255407,,,0,0
42,Female,rhd,2009,Indonesia,0.0026060543011127,0.00381410518102718,0.0037559748762708,0.0086028039227492,5.81303047563814e-05,1674068.5,,,,,,,,,,,,,,,,,,,,,,,,,8.65911202803962e-05,0.011315011250153,1674068.5,,,0,0
87,Male,dm2,2033,Indonesia,0.060022419368791,0.108645616027526,0.102501001696709,0.125876590725872,0.00614461433081641,46933,,,,,,,,,,,,,,,,,,,,,,,,,0.00944727379381245,0.0369888071337406,46933,,,0,0
57,Male,dm2,2047,Indonesia,0.00713930787433151,0.0155678945696385,0.014628691029293,0.12351607144361,0.000939203540345449,1276165,,,,,,,,,,,,,,,,,,,,,,,,,0.00573520077112729,0.00713849722401817,1276165,,,0,0
39,Male,rhd,2004,Indonesia,0.00261470608499667,0.00351384570038119,0.00349124279013555,0.00727721478356218,2.26029102456372e-05,1606057.5,,,,,,,,,,,,,,,,,,,,,,,,,2.08608230841905e-05,0.00371845954650358,1606057.5,,,0,0
65,Female,istroke,2036,Indonesia,0.00801620305427578,0.0171923906166177,0.0161153604476459,0.0326836439269246,0.00107703016897176,847791.5,,,,,,,,,,,,,,,,,,,,,,,,,0.00207189933037195,0.0414155915067161,847791.5,,,0,0
81,Male,istroke,2046,Indonesia,0.0381181708021507,0.0769597799288929,0.0671219698900549,0.109700352825777,0.009837810038838,163265,,,,,,,,,,,,,,,,,,,,,,,,,0.0130988493693594,0.0827855193673705,163265,,,0,0
57,Female,hstroke,2031,Indonesia,0.00436751994012924,0.0092694595986402,0.007551371707593,0.0093055908771509,0.0017180878910472,1321479,,,,,,,,,,,,,,,,,,,,,,,,,0.00286796223561022,0.158454104762859,1321479,,,0,0
6,Male,hhd,2009,Indonesia,0.00106507552000126,0.00107530354581243,0.00107530354581243,0,0,2289051,,,,,,,,,,,,,,,,,,,,,,,,,0,0,2289051,,,0,0
11,Male,istroke,2043,Indonesia,0.000331494921339996,0.000564954795624549,0.000564436955027053,0.0009739008027263,5.17840597496222e-07,2434486.5,,,,,,,,,,,,,,,,,,,,,,,,,7.50207537361069e-05,0.00095009752411439,2434486.5,,,0,0
61,Female,rhd,2035,Indonesia,0.00629446179452367,0.013404175095103,0.0133676223257539,0.00505302661943894,3.65527693491093e-05,1088178,,,,,,,,,,,,,,,,,,,,,,,,,4.96183116450949e-05,0.00625183031613728,1088178,,,0,0
9,Male,hhd,2013,Indonesia,0.000686579408610178,0.000701120253800811,0.000701120253800811,0,0,2301675.5,,,,,,,,,,,,,,,,,,,,,,,,,0,0,2301675.5,,,0,0
88,Male,hstroke,2016,Indonesia,0.0694758789054307,0.121247619076419,0.113239309664435,0.00902987939627262,0.00800830941198444,31573.5,,,,,,,,,,,,,,,,,,,,,,,,,0.00594030150337383,0.553230080713617,31573.5,,,0,0
91,Male,rhd,2017,Indonesia,0.0889712385325711,0.151082517987331,0.151024047135985,0.0012365905104611,5.84708513464728e-05,12449.5,,,,,,,,,,,,,,,,,,,,,,,,,7.55303398346366e-05,0.0455156477306807,12449.5,,,0,0
42,Male,dm2,2046,Indonesia,0.00240190425781154,0.00381206245267763,0.0036734047399342,0.0694992923876019,0.000138657712743435,1966804,,,,,,,,,,,,,,,,,,,,,,,,,0.00691284776322137,0.00194006355322784,1966804,,,0,0
1,Female,hhd,2023,Indonesia,0.00250691595643505,0.00210925776222,0.00210925776222,0,0,2218772,,,,,,,,,,,,,,,,,,,,,,,,,0,0,2218772,,,0,0
77,Female,ihd,2010,Indonesia,0.0203142146512515,0.0409063825943103,0.0358039131913952,0.0997342570176736,0.00510246940291512,311137,,,,,,,,,,,,,,,,,,,,,,,,,0.0105278646817478,0.043772057046536,311137,,,0,0
59,Male,cmd,2047,Indonesia,0.00857644928455788,0.0189756280306464,0.0189120300013744,0.00022188458067438,6.35980292720461e-05,1150757,,,,,,,,,,,,,,,,,,,,,,,,,6.38722978025558e-05,0.321816302099295,1150757,,,0,0
88,Female,hstroke,2005,Indonesia,0.0530268103514763,0.0962078263195242,0.0871192103268512,0.0168588932012757,0.00908861599267306,31291,,,,,,,,,,,,,,,,,,,,,,,,,0.00994688595802201,0.323046304784356,31291,,,0,0
63,Male,dm2,2010,Indonesia,0.0153025356092809,0.0290290764156814,0.0274416333149925,0.119210337763933,0.00158744310068896,606061,,,,,,,,,,,,,,,,,,,,,,,,,0.00577068800084216,0.0204999206891525,606061,,,0,0
66,Male,rhd,2004,Indonesia,0.0204754133233343,0.0368219936011385,0.0367838545057379,0.00326949637910262,3.81390954006549e-05,509837.5,,,,,,,,,,,,,,,,,,,,,,,,,6.16716206464523e-05,0.0133626837456484,509837.5,,,0,0
60,Male,hstroke,2006,Indonesia,0.0125976067426772,0.0233139938949442,0.0196278228345891,0.0102994225928669,0.00368617106035511,646000,,,,,,,,,,,,,,,,,,,,,,,,,0.00613898983407635,0.280128487470473,646000,,,0,0
81,Male,cmd,2045,Indonesia,0.0382773753184384,0.0769597799288929,0.0766571144658459,0.00233151619013724,0.000302665463046978,163265,,,,,,,,,,,,,,,,,,,,,,,,,0.000832165374175483,0.192175952174436,163265,,,0,0
23,Male,cmd,2011,Indonesia,0.00174128881286824,0.00190288714447124,0.00189407232772643,0.00022931232054974,8.81481674480951e-06,2180741.5,,,,,,,,,,,,,,,,,,,,,,,,,9.47292592267498e-06,0.0328171541685916,2180741.5,,,0,0
30,Female,hhd,2006,Indonesia,0.00148685758466692,0.00176529980025902,0.0017573713319349,0.0001639897390275,7.92846832411984e-06,1974798.5,,,,,,,,,,,,,,,,,,,,,,,,,4.19380432403315e-05,0.0719299414020973,1974798.5,,,0,0
65,Male,dm2,2032,Indonesia,0.0139159948513061,0.0281119463915314,0.0261938400789228,0.145820099127997,0.00191810631260854,757215,,,,,,,,,,,,,,,,,,,,,,,,,0.00663096509992571,0.0244607846126318,757215,,,0,0
34,Male,cmd,2033,Indonesia,0.00181027000234945,0.00230145604033437,0.00228585581826159,0.00019072739998522,1.56002220727771e-05,2168702,,,,,,,,,,,,,,,,,,,,,,,,,3.58390129469651e-05,0.0731075326682734,2168702,,,0,0
30,Female,cmd,2009,Indonesia,0.0014177961896501,0.00171214129400865,0.00170369260922092,0.00012509863118802,8.4486847877273e-06,2055730.5,,,,,,,,,,,,,,,,,,,,,,,,,1.06274399213177e-05,0.0833701437813667,2055730.5,,,0,0
88,Male,hstroke,2014,Indonesia,0.0706889365234684,0.122967130421279,0.114518616159392,0.00926986619693282,0.00844851426188639,28484,,,,,,,,,,,,,,,,,,,,,,,,,0.00614858886637056,0.561860237249349,28484,,,0,0
70,Male,dm2,2026,Indonesia,0.0210623637817919,0.0394893556060131,0.036771087712268,0.153827314635977,0.00271826789374517,475041.5,,,,,,,,,,,,,,,,,,,,,,,,,0.0126569191222886,0.0169487466623231,475041.5,,,0,0
15,Female,ihd,2000,Indonesia,0.000928103805157716,0.000998413611449273,0.000980568791228766,0.0005873535549816,1.78448202205064e-05,2161159.5,,,,,,,,,,,,,,,,,,,,,,,,,0.000246078624700068,0.0199415564673455,2161159.5,,,0,0
36,Male,hstroke,2049,Indonesia,0.00171703052134311,0.00250265917395117,0.00228203228462997,0.00349195841339512,0.000220626889321207,2172936.5,,,,,,,,,,,,,,,,,,,,,,,,,0.000670818298435599,0.122912513942316,2172936.5,,,0,0
88,Female,hhd,2047,Indonesia,0.0488239679055031,0.0912283130541452,0.0875360833842537,0.0348821580547253,0.00369222966989154,68346.5,,,,,,,,,,,,,,,,,,,,,,,,,0.00418038986743061,0.101540454987553,68346.5,,,0,0
16,Male,hstroke,2029,Indonesia,0.000988461629045035,0.00109233671015596,0.00107457970588673,0.00117234288403394,1.7757004269233e-05,2273410,,,,,,,,,,,,,,,,,,,,,,,,,5.08110345169829e-05,0.0244961082156074,2273410,,,0,0
18,Female,cmd,2035,Indonesia,0.000761614456968705,0.00105029259255934,0.00104515663266973,0.00018376642251484,5.13595988960216e-06,2141387.5,,,,,,,,,,,,,,,,,,,,,,,,,4.08275177896053e-06,0.0522516459710114,2141387.5,,,0,0
36,Male,istroke,2047,Indonesia,0.00172639360595018,0.00250265917395117,0.00247774584406383,0.00538194737479494,2.49133298873459e-05,2172936.5,,,,,,,,,,,,,,,,,,,,,,,,,0.000723876439946728,0.0075447869979002,2172936.5,,,0,0
54,Male,dm2,2022,Indonesia,0.00711987903801556,0.0130595095236183,0.0123275306815326,0.112979891071882,0.000731978842085695,1453083.5,,,,,,,,,,,,,,,,,,,,,,,,,0.00917567015799673,0.00812589484210524,1453083.5,,,0,0
49,Female,istroke,2046,Indonesia,0.00296393391401212,0.00587768468264613,0.00570445150425205,0.0104145874644635,0.000173233178394084,1717862.5,,,,,,,,,,,,,,,,,,,,,,,,,0.000847294303764445,0.0288978787889301,1717862.5,,,0,0
91,Female,dm2,2041,Indonesia,0.065124044017708,0.116718598619131,0.111514843761068,0.100355706151707,0.00520375485806347,28752,,,,,,,,,,,,,,,,,,,,,,,,,0.00767501003675111,0.0680550308033774,28752,,,0,0
79,Female,ihd,2009,Indonesia,0.0255074330079424,0.050825536154871,0.0446403899986264,0.104083661568674,0.00618514615624467,233259.5,,,,,,,,,,,,,,,,,,,,,,,,,0.0117827472917809,0.0518945788449147,233259.5,,,0,0
15,Female,istroke,2046,Indonesia,0.000461253306638774,0.000787194973010395,0.000783078536172807,0.00115164776995102,4.1164368375883e-06,2175274,,,,,,,,,,,,,,,,,,,,,,,,,0.0001259608882312,0.0072205631120939,2175274,,,0,0
81,Female,rhd,2035,Indonesia,0.0273880460735403,0.0545961653914998,0.0545628481460964,0.00247201257618556,3.3317245403372e-05,259494,,,,,,,,,,,,,,,,,,,,,,,,,3.65590165946042e-05,0.00780871606940433,259494,,,0,0
75,Male,dm2,2015,Indonesia,0.0284954525752196,0.0552940571578579,0.0517442826796152,0.134992885736637,0.0035497744782427,314459.5,,,,,,,,,,,,,,,,,,,,,,,,,0.00520568440312989,0.0214084099620548,314459.5,,,0,0
38,Male,ihd,2050,Indonesia,0.00183077747800214,0.00284502108314319,0.00242934335765209,0.0131981250966253,0.000415677725491092,2115229,,,,,,,,,,,,,,,,,,,,,,,,,0.00234757864711225,0.0618460725182174,2115229,,,0,0
7,Female,istroke,2028,Indonesia,0.000401174291857258,0.000505580560353885,0.000504836038056223,0.0005763951271587,7.44522297661599e-07,2425458.5,,,,,,,,,,,,,,,,,,,,,,,,,7.85383315095397e-05,0.00111352431551489,2425458.5,,,0,0
12,Male,rhd,2030,Indonesia,0.000432163971999956,0.000560802730303254,0.000550778942594919,0.0016897737421149,1.00237877083349e-05,2422836.5,,,,,,,,,,,,,,,,,,,,,,,,,0.000296903819603237,0.00584534785138259,2422836.5,,,0,0
63,Male,hstroke,2015,Indonesia,0.0136988648284178,0.0270992395263717,0.0227576435926532,0.00994998783783844,0.00434159593371846,721308.5,,,,,,,,,,,,,,,,,,,,,,,,,0.00719065837636615,0.338450954837647,721308.5,,,0,0
12,Female,hstroke,2032,Indonesia,0.000256345837286711,0.000435032311052848,0.000428301792782109,0.001284461624127,6.73051827073899e-06,2300094,,,,,,,,,,,,,,,,,,,,,,,,,7.21121948902949e-05,0.00767103854471861,2300094,,,0,0
0,Female,istroke,2031,Indonesia,0.018745406996429,0.0178217508860996,0.0178111855240072,5.13983514159e-05,1.05653620923686e-05,2206294,,,,,,,,,,,,,,,,,,,,,,,,,2.06578236519098e-05,0.102310168307414,2206294,,,0,0
67,Female,hstroke,2047,Indonesia,0.00848427012266113,0.0190287483815503,0.0153733513663992,0.0091331407855812,0.00365539701515111,730291.5,,,,,,,,,,,,,,,,,,,,,,,,,0.00400668993011492,0.533442536979517,730291.5,,,0,0
81,Male,istroke,2034,Indonesia,0.0403251033017207,0.0769597799288929,0.0671219698900549,0.109700352825777,0.009837810038838,163265,,,,,,,,,,,,,,,,,,,,,,,,,0.0130988493693594,0.0827807823585198,163265,,,0,0
18,Male,hstroke,2045,Indonesia,0.00105990876568777,0.00129027319191626,0.00126684733525559,0.00131092044986102,2.342585666067e-05,2255407,,,,,,,,,,,,,,,,,,,,,,,,,5.87273903716719e-05,0.0283304920494853,2255407,,,0,0
41,Female,cmd,2004,Indonesia,0.00279019614399712,0.00382535389779879,0.0038146332415386,0.00013039852027506,1.07206562601929e-05,1505502.5,,,,,,,,,,,,,,,,,,,,,,,,,8.66187281074321e-06,0.0948628631151651,1505502.5,,,0,0
64,Female,istroke,2027,Indonesia,0.00794388113235305,0.0162742117341513,0.015277343218315,0.0306083006362114,0.000996868515836307,909245,,,,,,,,,,,,,,,,,,,,,,,,,0.00538000082408775,0.0361102056950177,909245,,,0,0
27,Male,rhd,2005,Indonesia,0.00154961884623457,0.00173826315825834,0.00171966985939386,0.0068107073461384,1.85932988644794e-05,2089305.5,,,,,,,,,,,,,,,,,,,,,,,,,8.15643591477391e-05,0.00237049099648941,2089305.5,,,0,0
42,Male,cmd,2043,Indonesia,0.00241578901375348,0.00381206245267763,0.00379072454168594,0.0002440194820588,2.13379109916913e-05,1966804,,,,,,,,,,,,,,,,,,,,,,,,,4.88376428890793e-05,0.103053692755214,1966804,,,0,0
92,Female,ihd,2021,Indonesia,0.0722428893309058,0.125215360474127,0.109472577936418,0.117191706156573,0.0157427825377091,20467,,,,,,,,,,,,,,,,,,,,,,,,,0.0331553563336743,0.117757180766642,20467,,,0,0.0403014687549341
2,Female,dm2,2003,Indonesia,0.00340762624846618,0.00342545151982319,0.00342545151982319,0,0,2177966,,,,,,,,,,,,,,,,,,,,,,,,,0,0,2177966,,,0,0
35,Female,ihd,2039,Indonesia,0.00130427066667323,0.00207300364214063,0.00184688583769312,0.00797512206229922,0.000226117804447508,2104220,,,,,,,,,,,,,,,,,,,,,,,,,0.000869066565145562,0.0457031319046354,2104220,,,0,0
14,Male,rhd,2004,Indonesia,0.00150175433191564,0.0015617858274487,0.00153843500718265,0.00228053635256174,2.33508202660456e-05,2226416.5,,,,,,,,,,,,,,,,,,,,,,,,,0.000380124256346279,0.0111011396795492,2226416.5,,,0,0
17,Female,cmd,2028,Indonesia,0.000807725529591776,0.00102197008098209,0.00101718770116643,0.0001841240140326,4.78237981566656e-06,2148735.5,,,,,,,,,,,,,,,,,,,,,,,,,3.99458719625773e-06,0.0478040608402554,2148735.5,,,0,0
4,Female,dm2,2045,Indonesia,0.000510723837882879,0.00082677260532276,0.00082677260532276,0,0,2322292,,,,,,,,,,,,,,,,,,,,,,,,,0,0,2322292,,,0,0
62,Male,rhd,2041,Indonesia,0.0110776435005055,0.0240872282221583,0.0240661265819893,0.0038447577392157,2.11016401690276e-05,952742.5,,,,,,,,,,,,,,,,,,,,,,,,,1.75677327203295e-05,0.00459079972115906,952742.5,,,0,0
29,Female,rhd,2008,Indonesia,0.0013672590987782,0.00162682987812051,0.00159085992846149,0.00859751396597428,3.59699496590281e-05,2060674,,,,,,,,,,,,,,,,,,,,,,,,,0.000177708517803406,0.0047497968251154,2060674,,,0,0
20,Male,ihd,2030,Indonesia,0.00139051874742969,0.00142037916551052,0.00137537650428974,0.00177371198670204,4.50026612207855e-05,2485877.5,,,,,,,,,,,,,,,,,,,,,,,,,0.00056998234407696,0.0450339205998153,2485877.5,,,0,0
8,Female,ihd,2001,Indonesia,0.00084840376111751,0.000868608263533609,0.000868608263533609,0,0,2128933,,,,,,,,,,,,,,,,,,,,,,,,,0,0,2128933,,,0,0
47,Male,istroke,2017,Indonesia,0.00420568405889678,0.00751432223574228,0.00733259066157536,0.0128813862629345,0.000181731574166921,1737986,,,,,,,,,,,,,,,,,,,,,,,,,0.0018734656835642,0.0226218173795554,1737986,,,0,0
84,Female,istroke,2020,Indonesia,0.0371156557582622,0.0685436286734758,0.0582001747596499,0.0659456739875926,0.0103434539138259,162437,,,,,,,,,,,,,,,,,,,,,,,,,0.00828909092310291,0.237154922865815,162437,,,0,0.00248779474906552
58,Female,dm2,2017,Indonesia,0.00539165972131468,0.0104842049249136,0.00986047879097579,0.115578904856898,0.000623726133937827,1175857,,,,,,,,,,,,,,,,,,,,,,,,,0.00901818946809545,0.00658383393406249,1175857,,,0,0
0,Male,ihd,2023,Indonesia,0.0213072530326176,0.0228158951980222,0.0228158951980222,0,0,2329001.5,,,,,,,,,,,,,,,,,,,,,,,,,0,0,2329001.5,,,0,0
80,Male,istroke,2005,Indonesia,0.0463034603158731,0.0844191824311125,0.0738622938716802,0.110141483680999,0.0105568885594323,118074.5,,,,,,,,,,,,,,,,,,,,,,,,,0.0140039274694255,0.0710251429288334,118074.5,,,0,0
18,Male,ihd,2044,Indonesia,0.001067729406599,0.00129027319191626,0.00125809392587239,0.00118250809204768,3.21792660438708e-05,2255407,,,,,,,,,,,,,,,,,,,,,,,,,0.000262655116854867,0.0588887502475887,2255407,,,0,0
81,Male,ihd,2023,Indonesia,0.0430613302575402,0.0769597799288929,0.0653808667198599,0.117591975829146,0.0115789132090329,163265,,,,,,,,,,,,,,,,,,,,,,,,,0.00942449309899631,0.084210516736954,163265,,,0,0
38,Female,istroke,2043,Indonesia,0.00161506252002723,0.00259979698692072,0.00255639357629443,0.00468562085496634,4.34034106262913e-05,2053111,,,,,,,,,,,,,,,,,,,,,,,,,0.000378206699434558,0.0150215506658956,2053111,,,0,0
60,Female,hstroke,2001,Indonesia,0.00701594953792169,0.01275651808783,0.0102741297812216,0.0120788874331822,0.00248238830660833,704772,,,,,,,,,,,,,,,,,,,,,,,,,0.00459786796128674,0.37227712781345,704772,,,0,0
49,Male,hhd,2022,Indonesia,0.00535305145054754,0.00892371646222415,0.008680390773454,0.00116955857564004,0.000243325688770147,1714970,,,,,,,,,,,,,,,,,,,,,,,,,0.000383180425724905,0.26841734850124,1714970,,,0,0
53,Male,rhd,2021,Indonesia,0.00678749835721997,0.0122233811749449,0.0122015103677105,0.00519241702024064,2.18708072343948e-05,1515539,,,,,,,,,,,,,,,,,,,,,,,,,3.01035649733653e-05,0.00580235932228734,1515539,,,0,0.000279857313567353
85,Female,rhd,2004,Indonesia,0.0450408174266518,0.0850510802744969,0.0849827456027439,0.00197228299041196,6.83346717530204e-05,60778.5,,,,,,,,,,,,,,,,,,,,,,,,,5.87326250111635e-05,0.0234168948023975,60778.5,,,0,0
42,Female,istroke,2022,Indonesia,0.00247315971415242,0.00388398013142353,0.00380433798619007,0.0060505290387949,7.96421452334657e-05,1931948,,,,,,,,,,,,,,,,,,,,,,,,,0.000354018939447767,0.0190668471978165,1931948,,,0,0
19,Female,istroke,2046,Indonesia,0.000700881445395452,0.00107861510413658,0.0010716804609469,0.00149185031720134,6.93464318967698e-06,2143706,,,,,,,,,,,,,,,,,,,,,,,,,0.000153729135535412,0.0089595549340115,2143706,,,0,0
33,Male,dm2,2043,Indonesia,0.00179460421934295,0.00220085447352597,0.00216187610549386,0.0411832197596572,3.89783680321109e-05,2128999,,,,,,,,,,,,,,,,,,,,,,,,,0.00310041612123039,0.00115507063274887,2128999,,,0,0
1,Male,ihd,2030,Indonesia,0.00169855257457387,0.00230042957733526,0.00230042957733526,0,0,2340024.5,,,,,,,,,,,,,,,,,,,,,,,,,0,0,2340024.5,,,0,0
62,Female,cmd,2040,Indonesia,0.00665593151371027,0.0144378539692187,0.0144060770603449,0.000163192639836,3.17769088737611e-05,1028701.5,,,,,,,,,,,,,,,,,,,,,,,,,6.29706345294358e-05,0.284957517971865,1028701.5,,,0,0
86,Male,ihd,2018,Indonesia,0.0595406643373198,0.104604477422699,0.089274284460472,0.120966888326003,0.0153301929622266,58143,,,,,,,,,,,,,,,,,,,,,,,,,0.0126094932810658,0.0965484693881033,58143,,,0,0
59,Male,rhd,2036,Indonesia,0.00907673290759401,0.0189756280306464,0.0189534966400055,0.00427219568821188,2.21313906409549e-05,1150757,,,,,,,,,,,,,,,,,,,,,,,,,2.42958249738219e-05,0.00378441890350595,1150757,,,0,0
40,Male,hhd,2037,Indonesia,0.00217675377317889,0.00332854176791041,0.00327423568228718,0.0004496168464033,5.43060856232287e-05,2054920,,,,,,,,,,,,,,,,,,,,,,,,,0.00022913683524504,0.168294718554735,2054920,,,0,0
70,Male,cmd,2044,Indonesia,0.018983031656655,0.0394893556060131,0.0393825077167688,0.00075748303471466,0.000106847889244347,475041.5,,,,,,,,,,,,,,,,,,,,,,,,,0.000288535483263252,0.132064718680936,475041.5,,,0,0
54,Male,istroke,2028,Indonesia,0.00690649621354957,0.0130595095236183,0.0126294688906779,0.024294006830881,0.000430040632940399,1453083.5,,,,,,,,,,,,,,,,,,,,,,,,,0.0022728024767696,0.0266624906840023,1453083.5,,,0,0
21,Male,ihd,2050,Indonesia,0.00138111821360195,0.00148543215230765,0.00143401779349841,0.00206931393402922,5.14143588092429e-05,2299917.5,,,,,,,,,,,,,,,,,,,,,,,,,0.000631237104011025,0.0476314215851444,2299917.5,,,0,0
78,Female,cmd,2039,Indonesia,0.0199472205083416,0.0411296205969196,0.0410012865714121,0.0011855569840108,0.000128334025507573,362363,,,,,,,,,,,,,,,,,,,,,,,,,0.000414135313502242,0.182928668293671,362363,,,0,0
7,Male,cmd,2046,Indonesia,0.000287005435502456,0.000581563056909728,0.00058050908633063,0.0001965644332484,1.05397057909812e-06,2555431.5,,,,,,,,,,,,,,,,,,,,,,,,,3.84935163730481e-06,0.00775609136047861,2555431.5,,,0,0
8,Female,hstroke,2026,Indonesia,0.000394744579491353,0.000491470910493677,0.000486906017938332,0.00096676978487476,4.56489255534531e-06,2387736,,,,,,,,,,,,,,,,,,,,,,,,,4.47464773965009e-05,0.00911851050726653,2387736,,,0,0
93,Male,hhd,2017,Indonesia,0.118612782669235,0.197952966878224,0.192607007006716,0.0265072109306852,0.0053459598715078,5693.5,,,,,,,,,,,,,,,,,,,,,,,,,0.0105188554288677,0.154153960433249,5693.5,,,0,0
92,Male,istroke,2047,Indonesia,0.0881356868550583,0.159861138850849,0.142744288984238,0.0869124567739485,0.0171168498666104,9624.5,,,,,,,,,,,,,,,,,,,,,,,,,0.0196007047672788,0.210981675267788,9624.5,,,0,0
69,Male,istroke,2024,Indonesia,0.0196892799799363,0.0365912676832688,0.0336122389706573,0.0692956961663041,0.00297902871261147,517094,,,,,,,,,,,,,,,,,,,,,,,,,0.0101855916292743,0.0668202493113069,517094,,,0,0
7,Male,hhd,2031,Indonesia,0.000402233640253792,0.000581563056909728,0.000581563056909728,0,0,2555431.5,,,,,,,,,,,,,,,,,,,,,,,,,0,0,2555431.5,,,0,0
59,Male,cmd,2007,Indonesia,0.0115038267296124,0.0212907482526236,0.0212151612028334,0.00021765939523796,7.5587049790181e-05,673800,,,,,,,,,,,,,,,,,,,,,,,,,6.8911440000667e-05,0.315551210524091,673800,,,0,0
91,Male,ihd,2006,Indonesia,0.0971646059187169,0.161559279243892,0.138405951503623,0.11731396247536,0.0231533277402693,7315,,,,,,,,,,,,,,,,,,,,,,,,,0.0473942795884323,0.243164379419678,7315,,,0,0
60,Male,istroke,2050,Indonesia,0.0091702483038189,0.0206794947611504,0.0195642099240704,0.0393113629342991,0.00111528483708003,1084628,,,,,,,,,,,,,,,,,,,,,,,,,0.00697377867921258,0.054286486850757,1084628,,,0,0
89,Female,hhd,2048,Indonesia,0.0540612772601713,0.0997250749091406,0.0956807705574611,0.03554345654059,0.00404430435167956,52438,,,,,,,,,,,,,,,,,,,,,,,,,0.00453380208175791,0.111383426930066,52438,,,0,0
90,Male,dm2,2047,Indonesia,0.0757499422571885,0.13937492972152,0.131983373496091,0.114456254048122,0.00739155622542828,19539.5,,,,,,,,,,,,,,,,,,,,,,,,,0.011877254663823,0.0403718127136681,19539.5,,,0,0
85,Male,dm2,2014,Indonesia,0.0576328822055813,0.103070237150771,0.0976443432402801,0.11296889668203,0.00542589391049115,63530.5,,,,,,,,,,,,,,,,,,,,,,,,,0.00795988061215974,0.034654774988367,63530.5,,,0,0
61,Female,hstroke,2011,Indonesia,0.00747482780538832,0.014608350764077,0.0117194009920219,0.0104237929832946,0.00288894977205514,729581.5,,,,,,,,,,,,,,,,,,,,,,,,,0.00530831058314063,0.474610280538398,729581.5,,,0,0
22,Male,cmd,2050,Indonesia,0.00151578164442484,0.00155048513910478,0.0015438530202683,0.0002566815951455,6.63211883648002e-06,2296296.5,,,,,,,,,,,,,,,,,,,,,,,,,8.19261380288346e-06,0.0295959656541972,2296296.5,,,0,0
89,Male,hstroke,2001,Indonesia,0.0841493569777562,0.143550426413379,0.133545768508843,0.0093499090997139,0.0100046579045362,12283.5,,,,,,,,,,,,,,,,,,,,,,,,,0.00847598557526019,0.550880139963347,12283.5,,,0,0
59,Male,hhd,2038,Indonesia,0.00897469901405263,0.0189756280306464,0.0183686102585837,0.0022592747078465,0.000607017772062711,1150757,,,,,,,,,,,,,,,,,,,,,,,,,0.00105414669559149,0.256356795058974,1150757,,,0,0
52,Male,cmd,2000,Indonesia,0.0064387499562362,0.0105545123512017,0.0105166391433151,0.0002224189952628,3.78732078866205e-05,747082,,,,,,,,,,,,,,,,,,,,,,,,,3.63005559609739e-05,0.147547940493059,747082,,,0,0
66,Male,cmd,2021,Indonesia,0.0159514534810382,0.0294535191146557,0.029376036297399,0.00049245009343204,7.74828172567253e-05,694051.5,,,,,,,,,,,,,,,,,,,,,,,,,0.000140327393549923,0.136998122210254,694051.5,,,0,0.00191802672748387
17,Female,hstroke,2004,Indonesia,0.00207543730874323,0.00220362991177948,0.00216555365173531,0.0019416156979942,3.80762600441697e-05,2089435,,,,,,,,,,,,,,,,,,,,,,,,,0.000113158031019871,0.0116348816058484,2089435,,,0,0
47,Female,dm2,2047,Indonesia,0.00290164306786018,0.00510657852283932,0.00494147674009337,0.0774800812084616,0.000165101782745949,1782531.5,,,,,,,,,,,,,,,,,,,,,,,,,0.00728909680115155,0.00283483235847226,1782531.5,,,0,0
49,Male,rhd,2022,Indonesia,0.00535305145054754,0.00892371646222415,0.00890290991803493,0.00585069134774332,2.08065441892163e-05,1714970,,,,,,,,,,,,,,,,,,,,,,,,,3.68075031604132e-05,0.00283191495220213,1714970,,,0,0
40,Female,cmd,2025,Indonesia,0.00208746531774985,0.00324188855917213,0.00322805474137796,0.00014011794430546,1.38338177941657e-05,2006656,,,,,,,,,,,,,,,,,,,,,,,,,1.03402511668632e-05,0.110308390492638,2006656,,,0,0
56,Male,hhd,2006,Indonesia,0.00884853548018998,0.0158594568308191,0.0153656518200523,0.00150666626538472,0.000493805010766797,741657.5,,,,,,,,,,,,,,,,,,,,,,,,,0.000718489409408097,0.289456957345465,741657.5,,,0,0
86,Female,rhd,2013,Indonesia,0.0433911113695193,0.0812454162885371,0.0811972301481865,0.00194776885000738,4.81861403505751e-05,79386,,,,,,,,,,,,,,,,,,,,,,,,,4.55533786491515e-05,0.0185558639497577,79386,,,0,0
73,Female,rhd,2002,Indonesia,0.0169914777639585,0.0334393805884748,0.0333882814139393,0.00326279604075182,5.10991745355318e-05,346439,,,,,,,,,,,,,,,,,,,,,,,,,4.4270351370175e-05,0.0097220731963344,346439,,,0,0
3,Male,istroke,2007,Indonesia,0.00201217416607959,0.0020225594935274,0.00202175439040029,0.0003664299568285,8.05103127109388e-07,2315451.5,,,,,,,,,,,,,,,,,,,,,,,,,5.88577066401408e-05,0.00111157868046509,2315451.5,,,0,0
92,Female,rhd,2005,Indonesia,0.0740216592244735,0.129905886034305,0.129817137654504,0.0014656231897996,8.87483798009472e-05,9574,,,,,,,,,,,,,,,,,,,,,,,,,0.000123025722120927,0.124848581968304,9574,,,0,0
29,Female,hhd,2000,Indonesia,0.00143087931412019,0.00163144178702864,0.00162631241044911,0.00014971603473782,5.12937657953846e-06,1867254.5,,,,,,,,,,,,,,,,,,,,,,,,,2.84034438675099e-05,0.0234504870481824,1867254.5,,,0,0
26,Female,cmd,2023,Indonesia,0.000993037816013265,0.00124077495659183,0.00123255060081731,0.00015521495810308,8.22435577452543e-06,2080697,,,,,,,,,,,,,,,,,,,,,,,,,8.62236706281717e-06,0.0885620953148053,2080697,,,0,0
59,Male,hstroke,2036,Indonesia,0.00907673290759401,0.0189756280306464,0.0160137239601956,0.00903478224967534,0.00296190407045079,1150757,,,,,,,,,,,,,,,,,,,,,,,,,0.00262617213106484,0.462194546180023,1150757,,,0,0
81,Male,ihd,2004,Indonesia,0.0522496952260465,0.0946553762090844,0.0805623013440934,0.11411987823191,0.014093074864991,93255,,,,,,,,,,,,,,,,,,,,,,,,,0.0105997308027395,0.0989212177035919,93255,,,0,0
46,Female,rhd,2048,Indonesia,0.00277826244985986,0.00486205884455616,0.00482066504800998,0.00777973490471104,4.13937965461805e-05,1819791.5,,,,,,,,,,,,,,,,,,,,,,,,,3.35216569519709e-05,0.00403122098959456,1819791.5,,,0,0
55,Female,ihd,2028,Indonesia,0.00406340285277131,0.00837541332812666,0.0070488060806498,0.0313634097528306,0.00132660724747686,1427948,,,,,,,,,,,,,,,,,,,,,,,,,0.00460132791535105,0.0678866797469637,1427948,,,0,0
27,Female,ihd,2000,Indonesia,0.00132718258808076,0.00147603312998804,0.00142278224963109,0.0044202624443714,5.32508803569437e-05,1928696.5,,,,,,,,,,,,,,,,,,,,,,,,,0.000695200983665961,0.0177269308957849,1928696.5,,,0,0
25,Male,hhd,2050,Indonesia,0.00167418854509702,0.00161473197466101,0.00161032583359025,9.822677055936e-05,4.40614107075435e-06,2209550,,,,,,,,,,,,,,,,,,,,,,,,,1.48055092412564e-05,0.0658250999151101,2209550,,,0,0
48,Male,ihd,2028,Indonesia,0.00504897920358153,0.00810253767420836,0.00653739241477615,0.0277826104206459,0.00156514525943221,1752756,,,,,,,,,,,,,,,,,,,,,,,,,0.00351837213133182,0.0887350289156736,1752756,,,0,0
24,Male,cmd,2031,Indonesia,0.00163341437802223,0.00159331636280893,0.00158549390238629,0.00023513358952782,7.82246042263541e-06,2235943,,,,,,,,,,,,,,,,,,,,,,,,,9.52813809193855e-06,0.0376094198547798,2235943,,,0,0
74,Male,hstroke,2015,Indonesia,0.0273784772448355,0.0531274510247787,0.0463701746475619,0.00944426058155608,0.00675727637721683,342584,,,,,,,,,,,,,,,,,,,,,,,,,0.0071752980753652,0.805628711595618,342584,,,0,0
93,Male,hhd,2033,Indonesia,0.112791312867886,0.196358879103233,0.191083046253521,0.0270649054496393,0.00527583284971174,6470.5,,,,,,,,,,,,,,,,,,,,,,,,,0.010395556394793,0.1512560805448,6470.5,,,0,0
25,Male,dm2,2022,Indonesia,0.00165151340753056,0.00161473197466101,0.00160373036250824,0.0212144243901238,1.10016121527669e-05,2209550,,,,,,,,,,,,,,,,,,,,,,,,,0.0032983133871064,0.000731431256717811,2209550,,,0,0
86,Female,ihd,2027,Indonesia,0.0421853351268102,0.0780022436905919,0.0681771710215663,0.115925046954271,0.00982507266902557,109253,,,,,,,,,,,,,,,,,,,,,,,,,0.0136009496246834,0.059666949561008,109253,,,0,0
50,Male,rhd,2026,Indonesia,0.00566018876247641,0.00974489525023994,0.00972381287534577,0.00568420513018948,2.10823748941776e-05,1669063.5,,,,,,,,,,,,,,,,,,,,,,,,,2.90473791899276e-05,0.00527190677545081,1669063.5,,,0,0
71,Male,dm2,2046,Indonesia,0.0203604887405555,0.0423874435287575,0.0394962209352529,0.154990249147399,0.00289122259350457,445888.5,,,,,,,,,,,,,,,,,,,,,,,,,0.0124627868751443,0.0176591188232214,445888.5,,,0,0
84,Male,hhd,2004,Indonesia,0.062319068143152,0.110051092519246,0.106305268183225,0.0249807353895578,0.00374582433602176,49719,,,,,,,,,,,,,,,,,,,,,,,,,0.0031475942171029,0.198441299008223,49719,,,0,0
73,Male,ihd,2033,Indonesia,0.0243417263269328,0.0473378580144624,0.0398948985468999,0.102438868769636,0.00744295946756247,385422.5,,,,,,,,,,,,,,,,,,,,,,,,,0.00823261136553938,0.0444320730305656,385422.5,,,0,0
18,Male,ihd,2006,Indonesia,0.0016511474803314,0.00176608720456991,0.00173129227644931,0.0010226981947643,3.4794928120595e-05,2208370,,,,,,,,,,,,,,,,,,,,,,,,,0.000238719548828516,0.0514314687971357,2208370,,,0,0
52,Male,cmd,2027,Indonesia,0.00628053606926864,0.0113872528262715,0.0113404050638248,0.0002309435935758,4.68477624467099e-05,1571604,,,,,,,,,,,,,,,,,,,,,,,,,4.53138403411274e-05,0.201050962629588,1571604,,,0,0
64,Male,rhd,2011,Indonesia,0.0159849170151013,0.0302934286927728,0.0302648834172748,0.00355875241197818,2.85452754979181e-05,588411.5,,,,,,,,,,,,,,,,,,,,,,,,,2.47039036290265e-05,0.011091446744606,588411.5,,,0,0
94,Female,istroke,2027,Indonesia,0.106239409149997,0.179263067548261,0.157526837808815,0.0493382681068748,0.0217362297394458,9523,,,,,,,,,,,,,,,,,,,,,,,,,0.0242476361146101,0.612104105812122,9523,,,0,0
48,Female,rhd,2042,Indonesia,0.00295508617035822,0.00549213160274273,0.00545295000761985,0.00741122145900358,3.91815951228771e-05,1750710,,,,,,,,,,,,,,,,,,,,,,,,,3.21913971032352e-05,0.00439448742542733,1750710,,,0,0
86,Male,istroke,2004,Indonesia,0.0687444529876991,0.119057942140075,0.103414887553956,0.107931171846609,0.0156430545861196,30667,,,,,,,,,,,,,,,,,,,,,,,,,0.0335594320197836,0.212914896033712,30667,,,0,0
35,Female,rhd,2003,Indonesia,0.00163323394593242,0.00203307416663035,0.0019913491950355,0.00925845569353668,4.17249715948551e-05,1748669,,,,,,,,,,,,,,,,,,,,,,,,,3.84638000449707e-05,0.00601617294532673,1748669,,,0,0
63,Female,hstroke,2020,Indonesia,0.00783259618183679,0.015356032851685,0.0124908081570798,0.00933263053968816,0.00286522469460523,969635,,,,,,,,,,,,,,,,,,,,,,,,,0.00526402425963433,0.589009284675833,969635,,,0,5.08601867838467e-05
8,Female,istroke,2025,Indonesia,0.000404564085651516,0.000491470910493677,0.000490671632190553,0.00064492476034046,7.99278303124556e-07,2387736,,,,,,,,,,,,,,,,,,,,,,,,,8.1464195924639e-05,0.00122747566496411,2387736,,,0,0
60,Female,ihd,2006,Indonesia,0.00703706623132376,0.0133104570170996,0.0116542521717335,0.0470552473845521,0.00165620484536602,734873,,,,,,,,,,,,,,,,,,,,,,,,,0.00692744134048851,0.0448149417303523,734873,,,0,0
83,Female,cmd,2031,Indonesia,0.0330458812699307,0.0638143211649178,0.0635115536540593,0.00246498132526188,0.000302767510858506,193103.5,,,,,,,,,,,,,,,,,,,,,,,,,0.00061028507494875,0.112026506271936,193103.5,,,0,0
43,Female,ihd,2007,Indonesia,0.00267404017780598,0.00397068821735337,0.00354275728831782,0.0144380530894531,0.000427930929035549,1535404,,,,,,,,,,,,,,,,,,,,,,,,,0.00111324140940149,0.0387991928784487,1535404,,,0,0
19,Female,cmd,2047,Indonesia,0.000694701165830852,0.00107861510413658,0.00107312556417304,0.00018340883099708,5.48953996353776e-06,2143706,,,,,,,,,,,,,,,,,,,,,,,,,4.17091636166334e-06,0.0570060498877063,2143706,,,0,0
20,Female,rhd,2021,Indonesia,0.000972985796876849,0.00110693761571382,0.00108464734605902,0.00480233208745374,2.22902696548007e-05,2143781,,,,,,,,,,,,,,,,,,,,,,,,,0.000527868671934573,0.00504586201144737,2143781,,,0,0
21,Female,dm2,2044,Indonesia,0.000755517272923252,0.00113526012729107,0.00112936260176789,0.0117707611233767,5.89752552317622e-06,2189482,,,,,,,,,,,,,,,,,,,,,,,,,0.00205197815261928,0.000834726363536972,2189482,,,0,0
92,Male,cmd,2033,Indonesia,0.091621186277296,0.159861138850849,0.158673646057303,0.0054903352422725,0.00118749279354578,9624.5,,,,,,,,,,,,,,,,,,,,,,,,,0.00195871299530049,0.267200934403193,9624.5,,,0,0
80,Female,cmd,2022,Indonesia,0.0261401670992932,0.0501073171266397,0.0499148590509725,0.0015924755656516,0.0001924580756672,293893,,,,,,,,,,,,,,,,,,,,,,,,,0.000414024826760739,0.111680162910546,293893,,,0,0
55,Male,hstroke,2023,Indonesia,0.00743979514109365,0.0138956378722917,0.011658328157459,0.00844695234677182,0.00223730971483275,1392878.5,,,,,,,,,,,,,,,,,,,,,,,,,0.00206741000451461,0.381070382370635,1392878.5,,,0,0
28,Female,hstroke,2008,Indonesia,0.00131192146582163,0.00154029224911605,0.00147054955220065,0.00319833391057412,6.97426969153997e-05,2085196.5,,,,,,,,,,,,,,,,,,,,,,,,,0.000292210729516295,0.0294256904154109,2085196.5,,,0,0
86,Female,hstroke,2000,Indonesia,0.0463334851445957,0.0858274482953521,0.0769966797123955,0.0166778246879896,0.00883076858295661,43679,,,,,,,,,,,,,,,,,,,,,,,,,0.00968002775418219,0.33823609960429,43679,,,0,0
4,Female,hstroke,2022,Indonesia,0.000876396865109222,0.00082677260532276,0.000823008235024373,0.00059782278229355,3.76437029838794e-06,2322292,,,,,,,,,,,,,,,,,,,,,,,,,7.07449472976022e-05,0.00956054093951057,2322292,,,0,0
91,Female,dm2,2043,Indonesia,0.0649854578510304,0.116718598619131,0.111514843761068,0.100355706151707,0.00520375485806347,28752,,,,,,,,,,,,,,,,,,,,,,,,,0.00767501003675111,0.0682248998847056,28752,,,0,0
23,Male,hstroke,2002,Indonesia,0.00161797209513863,0.00174839280674904,0.00170843080958751,0.00183701833771506,3.99619971615334e-05,2152052.5,,,,,,,,,,,,,,,,,,,,,,,,,8.51036465594038e-05,0.0246802870160202,2152052.5,,,0,0
55,Female,cmd,2037,Indonesia,0.00384746995576473,0.00837541332812666,0.00835478375967107,0.00012169994378232,2.06295684555879e-05,1427948,,,,,,,,,,,,,,,,,,,,,,,,,3.15350734061202e-05,0.132553162037501,1427948,,,0,0
92,Male,hstroke,2048,Indonesia,0.08792807582432,0.159861138850849,0.151443164047856,0.0093551640254879,0.00841797480299292,9624.5,,,,,,,,,,,,,,,,,,,,,,,,,0.0102568769775072,0.520859469128449,9624.5,,,0,0
55,Female,rhd,2034,Indonesia,0.00391335945916768,0.00837541332812666,0.00833703857556329,0.00608888221793982,3.83747525633691e-05,1427948,,,,,,,,,,,,,,,,,,,,,,,,,4.62044867082981e-05,0.00644046597977741,1427948,,,0,0
69,Female,rhd,2006,Indonesia,0.0128555355996888,0.0258915837387488,0.025841040726299,0.00380096107634654,5.05430124498249e-05,536950.5,,,,,,,,,,,,,,,,,,,,,,,,,6.0685646786366e-05,0.0112704230956518,536950.5,,,0,0
91,Female,ihd,2002,Indonesia,0.0695991706973183,0.122938374878945,0.109259411187801,0.112195167461103,0.0136789636911435,11830.5,,,,,,,,,,,,,,,,,,,,,,,,,0.0316750698927174,0.114248427240515,11830.5,,,0,0
50,Female,hstroke,2002,Indonesia,0.00375708334390337,0.00619435653481122,0.00505456620291781,0.0098544697670582,0.00113979033189341,916899,,,,,,,,,,,,,,,,,,,,,,,,,0.00172385709304671,0.116181498643509,916899,,,0,0
91,Female,istroke,2020,Indonesia,0.0670598290636961,0.116718598619131,0.10104946155847,0.054749009899913,0.0156691370606611,28752,,,,,,,,,,,,,,,,,,,,,,,,,0.0226264274850598,0.576847259626407,28752,,,0,0.0153297286166948
77,Female,hhd,2043,Indonesia,0.0173542235128347,0.0366407723320596,0.0352575707177492,0.0189300861024556,0.00138320161431034,395681.5,,,,,,,,,,,,,,,,,,,,,,,,,0.00172320647449163,0.135322056780825,395681.5,,,0,0
92,Female,cmd,2035,Indonesia,0.0708854813313886,0.125215360474127,0.124125415987237,0.0070316686198261,0.00108994448688974,20467,,,,,,,,,,,,,,,,,,,,,,,,,0.00134545830368087,0.139685225387219,20467,,,0,0
21,Female,hstroke,2032,Indonesia,0.000858302124655898,0.00113526012729107,0.00109645678877252,0.00207758123132594,3.88033385185464e-05,2189482,,,,,,,,,,,,,,,,,,,,,,,,,0.000115967512642826,0.020410138713958,2189482,,,0,0
72,Female,hstroke,2018,Indonesia,0.013861773838259,0.0291746821432577,0.0248455119797412,0.0095701712866885,0.00432917016351649,544746,,,,,,,,,,,,,,,,,,,,,,,,,0.00262997958711645,0.420448884575358,544746,,,0,0
40,Male,istroke,2040,Indonesia,0.00215855608639759,0.00332854176791041,0.00328536594024312,0.00728478746758112,4.31758276672892e-05,2054920,,,,,,,,,,,,,,,,,,,,,,,,,0.000534170190604811,0.0056760883063015,2054920,,,0,0
39,Male,cmd,2030,Indonesia,0.00209318714267534,0.0030867814255268,0.00306724061581436,0.00022144583982718,1.95408097124363e-05,2087799,,,,,,,,,,,,,,,,,,,,,,,,,3.47365928266031e-05,0.094657904401689,2087799,,,0,0
70,Male,dm2,2033,Indonesia,0.0201327363237006,0.0394893556060131,0.036771087712268,0.153827314635977,0.00271826789374517,475041.5,,,,,,,,,,,,,,,,,,,,,,,,,0.0126569191222886,0.0168681448884207,475041.5,,,0,0
16,Male,hstroke,2015,Indonesia,0.00116640743329167,0.00124157189006022,0.0012188282462688,0.00122883609337032,2.27436437914195e-05,2292601,,,,,,,,,,,,,,,,,,,,,,,,,5.50296718022721e-05,0.0207057195210971,2292601,,,0,0
23,Female,istroke,2012,Indonesia,0.00118472386206391,0.00134763294692599,0.00133865403472124,0.0019173130894837,8.97891220474591e-06,2090636.5,,,,,,,,,,,,,,,,,,,,,,,,,6.81923802381525e-05,0.0036784654709967,2090636.5,,,0,0
76,Male,dm2,2037,Indonesia,0.0266368748308179,0.0534948377033439,0.0496906725229618,0.153780816280719,0.00380416518038216,297264,,,,,,,,,,,,,,,,,,,,,,,,,0.00805703921298434,0.0207673671794759,297264,,,0,0
47,Female,hstroke,2028,Indonesia,0.00299735638175273,0.00510657852283932,0.00425373020764219,0.0071413657007419,0.000852848315197128,1782531.5,,,,,,,,,,,,,,,,,,,,,,,,,0.00131719451171455,0.112347778758613,1782531.5,,,0,0
94,Male,rhd,2015,Indonesia,0.14203589670533,0.236794481360403,0.236645764714181,0.00102972121184697,0.000148716646221397,3276.5,,,,,,,,,,,,,,,,,,,,,,,,,8.97260940980585e-05,0.0551042540739473,3276.5,,,0,0
25,Female,cmd,2046,Indonesia,0.000772186008455145,0.00122147687716095,0.00121367104028372,0.00016199523268826,7.80583687723022e-06,2105118,,,,,,,,,,,,,,,,,,,,,,,,,8.19288503163099e-06,0.093203233073979,2105118,,,0,0
63,Male,cmd,2025,Indonesia,0.0130870138570072,0.0254288009452827,0.025353562624304,0.00032598456212476,7.5238320978735e-05,887925.5,,,,,,,,,,,,,,,,,,,,,,,,,9.57399646751043e-05,0.355826631659836,887925.5,,,0,0
16,Male,hstroke,2003,Indonesia,0.00151227634748455,0.00160710374914677,0.00157896738686246,0.00129400111188626,2.81363622843043e-05,2199185.5,,,,,,,,,,,,,,,,,,,,,,,,,5.74766573980926e-05,0.0197427897355459,2199185.5,,,0,0
39,Female,ihd,2022,Indonesia,0.00193323701310254,0.00292084277304642,0.00254641642666792,0.0103113634563194,0.000374426346378505,2032880.5,,,,,,,,,,,,,,,,,,,,,,,,,0.00123662536381569,0.0408190311777933,2032880.5,,,0,0
45,Male,hhd,2011,Indonesia,0.00395615699389473,0.00649723634468469,0.00634784700023168,0.00082073480010968,0.000149389344453007,1611108.5,,,,,,,,,,,,,,,,,,,,,,,,,0.000275847906232461,0.198250565730458,1611108.5,,,0,0
51,Female,istroke,2001,Indonesia,0.0039964697855215,0.00664462036414075,0.00645413854618827,0.0124231591257237,0.00019048181795248,813669,,,,,,,,,,,,,,,,,,,,,,,,,0.00115608732837792,0.0144238725467039,813669,,,0,0
11,Male,cmd,2020,Indonesia,0.000547885740376983,0.000564954795624549,0.000563130330507801,0.000199608221458,1.82446511674828e-06,2434486.5,,,,,,,,,,,,,,,,,,,,,,,,,1.43129771058066e-05,0.00972547870141539,2434486.5,,,0,0
8,Male,dm2,2017,Indonesia,0.000610662628163308,0.00062057872638504,0.00062057872638504,0,0,2438042,,,,,,,,,,,,,,,,,,,,,,,,,0,0,2438042,,,0,0
36,Female,dm2,2024,Indonesia,0.00149441749678978,0.00217587742146783,0.00214447183620277,0.041483707524663,3.14055852650572e-05,2096348,,,,,,,,,,,,,,,,,,,,,,,,,0.00308067526525396,0.000966362736885625,2096348,,,0,0
49,Female,istroke,2030,Indonesia,0.00314535734148048,0.00587768468264613,0.00570445150425205,0.0104145874644635,0.000173233178394084,1717862.5,,,,,,,,,,,,,,,,,,,,,,,,,0.000847294303764445,0.0287739179685343,1717862.5,,,0,0
92,Male,hhd,2047,Indonesia,0.0881356868550583,0.159861138850849,0.155391166229927,0.0280289705553094,0.00446997262092185,9624.5,,,,,,,,,,,,,,,,,,,,,,,,,0.010395556394793,0.152061618662764,9624.5,,,0,0
27,Female,ihd,2042,Indonesia,0.000805378018165281,0.00126007303602271,0.00116853050193535,0.0043097927545423,9.15425340873641e-05,2074370.5,,,,,,,,,,,,,,,,,,,,,,,,,0.000711423089534625,0.0606267565817514,2074370.5,,,0,0
57,Male,istroke,2033,Indonesia,0.00765347052177508,0.0155678945696385,0.0150246650914015,0.0307603479545502,0.000543229478237004,1276165,,,,,,,,,,,,,,,,,,,,,,,,,0.00434424016201304,0.0331007690437246,1276165,,,0,0
38,Female,hhd,2035,Indonesia,0.00165907425172489,0.00259979698692072,0.00256633877936631,0.00036957853723248,3.3458207554406e-05,2053111,,,,,,,,,,,,,,,,,,,,,,,,,5.99036532656809e-05,0.0600032386967214,2053111,,,0,0
48,Male,hhd,2019,Indonesia,0.00446573120104132,0.00810253767420836,0.00788721710660393,0.00109298129899532,0.000215320567604421,1752756,,,,,,,,,,,,,,,,,,,,,,,,,0.000359812646576768,0.233364494020079,1752756,,,0,0
31,Female,cmd,2034,Indonesia,0.00108686911277965,0.00166352045053179,0.00165256895840029,0.00013356126545726,1.0951492131502e-05,2050287,,,,,,,,,,,,,,,,,,,,,,,,,1.29900575771104e-05,0.117700886204686,2050287,,,0,0
2,Female,rhd,2035,Indonesia,0.00133583942659135,0.00152154719126619,0.00151959505658502,0.0001390892793515,1.9521346811776e-06,2255592,,,,,,,,,,,,,,,,,,,,,,,,,3.37949640975129e-05,0.0103899304218943,2255592,,,0,0
32,Female,hhd,2015,Indonesia,0.00142518672555006,0.00181510484008758,0.00180236414211207,0.0001887050942284,1.27406979755059e-05,2113943,,,,,,,,,,,,,,,,,,,,,,,,,5.79474255698071e-05,0.112115062169553,2113943,,,0,0
73,Male,dm2,2022,Indonesia,0.0261411965502576,0.0473378580144624,0.0440886837494189,0.155560091814295,0.00324917426504351,385422.5,,,,,,,,,,,,,,,,,,,,,,,,,0.0120358137885745,0.0199354451816969,385422.5,,,0,0
12,Male,ihd,2021,Indonesia,0.000532404152426382,0.000560802730303254,0.000560802730303254,0,0,2422836.5,,,,,,,,,,,,,,,,,,,,,,,,,0,0,2422836.5,,,0,0
56,Male,dm2,2011,Indonesia,0.00881434190888841,0.0163142800299629,0.0154557684518466,0.103566491735641,0.000858511578116248,974064,,,,,,,,,,,,,,,,,,,,,,,,,0.00338039728869643,0.00718878003953554,974064,,,0,0
92,Female,cmd,2038,Indonesia,0.0706491337485335,0.125215360474127,0.124125415987237,0.0070316686198261,0.00108994448688974,20467,,,,,,,,,,,,,,,,,,,,,,,,,0.00134545830368087,0.139055646563086,20467,,,0,0
1,Male,istroke,2026,Indonesia,0.00191630945219854,0.00230042957733526,0.00229973626011999,0.0001636451033077,6.93317215276659e-07,2340024.5,,,,,,,,,,,,,,,,,,,,,,,,,2.65386117214143e-05,0.00256818577142024,2340024.5,,,0,0
42,Female,rhd,2040,Indonesia,0.00234414264637296,0.00388398013142353,0.00383611261479051,0.0084826395844968,4.78675166330263e-05,1931948,,,,,,,,,,,,,,,,,,,,,,,,,6.86211806674442e-05,0.00615122840878088,1931948,,,0,0
75,Female,rhd,2030,Indonesia,0.0163914828912294,0.0334459092243825,0.0334158084306413,0.003141526661255,3.01007937412895e-05,459466.5,,,,,,,,,,,,,,,,,,,,,,,,,3.65395300611949e-05,0.00759457152671786,459466.5,,,0,0
64,Male,cmd,2008,Indonesia,0.0165462751759123,0.0310753664436014,0.0309814969275565,0.00037734425821776,9.38695160449196e-05,569975,,,,,,,,,,,,,,,,,,,,,,,,,0.000113345381612904,0.335304726745375,569975,,,0,0
7,Male,dm2,2004,Indonesia,0.00144566952000767,0.00145745120301643,0.00145745120301643,0,0,2338977.5,,,,,,,,,,,,,,,,,,,,,,,,,0,0,2338977.5,,,0,0
83,Female,ihd,2019,Indonesia,0.03313290799918,0.0638143211649178,0.0552196331011564,0.112643168229078,0.00859468806376141,193103.5,,,,,,,,,,,,,,,,,,,,,,,,,0.00731725059835433,0.0814691071102452,193103.5,,,0,0
78,Male,ihd,2025,Indonesia,0.0329715937062477,0.0609003181819516,0.051473385860035,0.113429454510466,0.00942693232191659,242276,,,,,,,,,,,,,,,,,,,,,,,,,0.00810249168084632,0.0671374479566124,242276,,,0,0
39,Female,ihd,2001,Indonesia,0.00216019399814837,0.00288332808524919,0.0026391979247808,0.0108561818203941,0.000244130160468392,1474400.5,,,,,,,,,,,,,,,,,,,,,,,,,0.00131192378109134,0.0283626534051245,1474400.5,,,0,0
56,Male,istroke,2013,Indonesia,0.00832675729788999,0.0159826187491974,0.0154143979353132,0.0286576402617911,0.000568220813884198,1067469.5,,,,,,,,,,,,,,,,,,,,,,,,,0.00404070386659936,0.0301056913804852,1067469.5,,,0,0
22,Male,hhd,2021,Indonesia,0.00163569297783542,0.00155048513910478,0.00154808783033481,7.48312906065e-05,2.39730876996792e-06,2296296.5,,,,,,,,,,,,,,,,,,,,,,,,,1.52911032642929e-05,0.0693094583053903,2296296.5,,,0,0
55,Male,dm2,2020,Indonesia,0.00757819609163883,0.0138956378722917,0.0130945841307861,0.116491951195791,0.000801053741505613,1392878.5,,,,,,,,,,,,,,,,,,,,,,,,,0.00546241966985181,0.0064687500839616,1392878.5,,,0,4.26365462346797e-05
26,Female,hstroke,2028,Indonesia,0.00093033712620622,0.00124077495659183,0.0011871996743511,0.00260744979981488,5.35752822407353e-05,2080697,,,,,,,,,,,,,,,,,,,,,,,,,0.000223748918189916,0.0371626005829253,2080697,,,0,0
15,Female,rhd,2007,Indonesia,0.000892690572319293,0.00098024525689153,0.000954370044501542,0.00248502047915208,2.58752123899875e-05,2113637.5,,,,,,,,,,,,,,,,,,,,,,,,,0.000548396454460956,0.0109075707323945,2113637.5,,,0,0
58,Female,ihd,2017,Indonesia,0.00539165972131468,0.0104842049249136,0.00882419365700518,0.0400645339378388,0.00166001126790844,1175857,,,,,,,,,,,,,,,,,,,,,,,,,0.0061886145699299,0.054740085992596,1175857,,,0,0
90,Male,ihd,2006,Indonesia,0.090497027139789,0.151224985516508,0.12978102515621,0.117678350540736,0.0214439603602988,10223.5,,,,,,,,,,,,,,,,,,,,,,,,,0.0423111585867675,0.219745555266598,10223.5,,,0,0
17,Male,ihd,2028,Indonesia,0.00114461644191538,0.00122522020511914,0.00119945263666372,0.0008869061447205,2.57675684554134e-05,2264664,,,,,,,,,,,,,,,,,,,,,,,,,0.000226700137562337,0.0579063108508515,2264664,,,0,0
95,Female,hstroke,2001,Indonesia,0.13009220613268,0.225115167107711,0.208293694396308,0.0219862224536437,0.0168214727114029,5916,,,,,,,,,,,,,,,,,,,,,,,,,0.0255500147756215,0.730874992658347,5916,,,0,0
92,Male,ihd,2002,Indonesia,0.10411923149919,0.17496892426877,0.149436943570265,0.110970618849217,0.0255319806985048,4357,,,,,,,,,,,,,,,,,,,,,,,,,0.0562242309853957,0.303142674833234,4357,,,0,0
89,Male,dm2,2013,Indonesia,0.0782255456682933,0.134500071807573,0.128004875034432,0.0991259221065227,0.00649519677314055,19595.5,,,,,,,,,,,,,,,,,,,,,,,,,0.00986656650771457,0.0473488812651543,19595.5,,,0,0
27,Male,rhd,2032,Indonesia,0.00172501093474835,0.00165756319836516,0.00164327747064836,0.0067037484292204,1.42857277168028e-05,2177979.5,,,,,,,,,,,,,,,,,,,,,,,,,7.93567572596931e-05,0.0032636001593453,2177979.5,,,0,0
4,Male,ihd,2031,Indonesia,0.000701053609491664,0.00111048244866982,0.00111048244866982,0,0,2445488.5,,,,,,,,,,,,,,,,,,,,,,,,,0,0,2445488.5,,,0,0
22,Female,istroke,2005,Indonesia,0.00138699152469939,0.00153448610876854,0.00152598118832771,0.0018792736521403,8.50492044083096e-06,2158514,,,,,,,,,,,,,,,,,,,,,,,,,6.97893399132887e-05,0.0028605885854647,2158514,,,0,0
8,Female,istroke,2002,Indonesia,0.000806166577727167,0.000825572427175772,0.000824546314934482,0.00068659796105646,1.02611224128967e-06,2149362.5,,,,,,,,,,,,,,,,,,,,,,,,,8.50620732431442e-05,0.00124075052890987,2149362.5,,,0,0
34,Male,ihd,2018,Indonesia,0.00175968847549563,0.00234211978689709,0.00205752425922454,0.00960588301937878,0.000284595527672554,2191996,,,,,,,,,,,,,,,,,,,,,,,,,0.000809826394759613,0.0376693656863824,2191996,,,0,0
39,Male,rhd,2041,Indonesia,0.00201710012859415,0.0030867814255268,0.00307113394127813,0.0072086261896338,1.56474842486676e-05,2087799,,,,,,,,,,,,,,,,,,,,,,,,,1.65492248104539e-05,0.00244031104391513,2087799,,,0,0
53,Female,cmd,2016,Indonesia,0.00412505371081773,0.00767671794709688,0.00765837883030382,0.00012488462604146,1.83391167930663e-05,1409391.5,,,,,,,,,,,,,,,,,,,,,,,,,2.40921948581874e-05,0.147765894836272,1409391.5,,,0,0
24,Female,ihd,2036,Indonesia,0.000845877011898631,0.00120217879773007,0.00112698371581813,0.0032171135541193,7.51950819119432e-05,2130662.5,,,,,,,,,,,,,,,,,,,,,,,,,0.000671425349835531,0.0374149260087641,2130662.5,,,0,0
9,Female,rhd,2034,Indonesia,0.000308619382970863,0.00047736126063347,0.000469429699255865,0.00108910411784886,7.93156137760479e-06,2339741.5,,,,,,,,,,,,,,,,,,,,,,,,,0.000208195881009619,0.00600123003311977,2339741.5,,,0,0
39,Female,hstroke,2048,Indonesia,0.00176852356390819,0.00292084277304642,0.00258396424197361,0.00485444802033728,0.000336878531072809,2032880.5,,,,,,,,,,,,,,,,,,,,,,,,,0.000961622139082543,0.0713587875206782,2032880.5,,,0,0
93,Female,hhd,2031,Indonesia,0.0885041851919053,0.152239214011194,0.145823263814329,0.0370766068133185,0.00641595019686494,14160,,,,,,,,,,,,,,,,,,,,,,,,,0.00594704191520041,0.140229338416057,14160,,,0,0
81,Female,rhd,2045,Indonesia,0.0266983732198652,0.0545961653914998,0.0545628481460964,0.00247201257618556,3.3317245403372e-05,259494,,,,,,,,,,,,,,,,,,,,,,,,,3.65590165946042e-05,0.0065164416231223,259494,,,0,0
38,Female,rhd,2025,Indonesia,0.00172891470665154,0.00259979698692072,0.00256084855979259,0.00898915567719712,3.89484271281327e-05,2053111,,,,,,,,,,,,,,,,,,,,,,,,,3.15675826624921e-05,0.00489141924812207,2053111,,,0,0
50,Male,cmd,2050,Indonesia,0.00549807629217348,0.00974489525023994,0.00970132117703723,0.00024178284215192,4.3574073202714e-05,1669063.5,,,,,,,,,,,,,,,,,,,,,,,,,4.2123659904816e-05,0.180040847847173,1669063.5,,,0,0
43,Female,istroke,2045,Indonesia,0.00243546358772014,0.00412849980970669,0.00403768081603191,0.00660037050556238,9.08189936747848e-05,1905140.5,,,,,,,,,,,,,,,,,,,,,,,,,0.0003910394194309,0.020357517582214,1905140.5,,,0,0
76,Male,rhd,2026,Indonesia,0.0285419701638806,0.0534948377033439,0.0534699862347941,0.00231669777909058,2.48514685498402e-05,297264,,,,,,,,,,,,,,,,,,,,,,,,,1.80656275238662e-05,0.00900568301748298,297264,,,0,0
14,Male,hhd,2040,Indonesia,0.000604210407126408,0.000826569720229607,0.000826254598640323,1.088156931352e-05,3.15121589283716e-07,2341521,,,,,,,,,,,,,,,,,,,,,,,,,3.54388550929185e-06,0.019010675091716,2341521,,,0,0
7,Male,istroke,2033,Indonesia,0.00038209089182286,0.000581563056909728,0.000581147389215832,0.0006643165800435,4.1566769389566e-07,2555431.5,,,,,,,,,,,,,,,,,,,,,,,,,6.57773283490867e-05,0.000831912216914839,2555431.5,,,0,0
48,Female,rhd,2026,Indonesia,0.00310324183711613,0.00549213160274273,0.00545295000761985,0.00741122145900358,3.91815951228771e-05,1750710,,,,,,,,,,,,,,,,,,,,,,,,,3.21913971032352e-05,0.00556460695490337,1750710,,,0,0
0,Female,ihd,2016,Indonesia,0.0195452706444682,0.0196425262217881,0.0196425262217881,0,0,2305173.5,,,,,,,,,,,,,,,,,,,,,,,,,0,0,2305173.5,,,0,0
47,Male,hhd,2035,Indonesia,0.00485508269079392,0.00728135888619256,0.00709404343975387,0.0010164040223506,0.000187315446438694,1789428,,,,,,,,,,,,,,,,,,,,,,,,,0.000336444867428631,0.249894381313528,1789428,,,0,0
17,Female,ihd,2043,Indonesia,0.000679089664498625,0.00102197008098209,0.000974193901747288,0.0009857083799968,4.77761792348046e-05,2148735.5,,,,,,,,,,,,,,,,,,,,,,,,,0.000450474851492405,0.11466293646318,2148735.5,,,0,0
44,Male,ihd,2009,Indonesia,0.00350847564302551,0.00557574495483382,0.0047607370311338,0.0223733834915295,0.000815007923700021,1571150.5,,,,,,,,,,,,,,,,,,,,,,,,,0.00357385955035022,0.0278801602425947,1571150.5,,,0,0
85,Female,dm2,2034,Indonesia,0.0386212678254262,0.0732729361820339,0.069247832408144,0.128030960640186,0.00402510377388989,134361.5,,,,,,,,,,,,,,,,,,,,,,,,,0.00434559407583604,0.0224919364863403,134361.5,,,0,0
22,Male,rhd,2021,Indonesia,0.00163569297783542,0.00155048513910478,0.00153704077936131,0.0052154866528626,1.34443597434644e-05,2296296.5,,,,,,,,,,,,,,,,,,,,,,,,,0.000358637192187006,0.00203414985967091,2296296.5,,,0,0
6,Male,rhd,2047,Indonesia,0.000338255797847049,0.000757869520829757,0.000755040073041666,0.00069256150140115,2.82944778809163e-06,2531212,,,,,,,,,,,,,,,,,,,,,,,,,0.000146430259658957,0.00418134970116062,2531212,,,0,0
51,Female,cmd,2041,Indonesia,0.00314111659175807,0.00664879084245295,0.00663204164237358,0.00013423707816022,1.67492000793642e-05,1633384.5,,,,,,,,,,,,,,,,,,,,,,,,,2.00873241974364e-05,0.146497157901135,1633384.5,,,0,0
41,Female,hstroke,2032,Indonesia,0.00221456816544812,0.00356293434529783,0.00311105806472106,0.00535710175171096,0.000451876280576772,1968152,,,,,,,,,,,,,,,,,,,,,,,,,0.000561349109346823,0.106902993556244,1968152,,,0,0
92,Female,istroke,2037,Indonesia,0.070726052977473,0.125215360474127,0.10865627918821,0.0529477344926678,0.0165590812859165,20467,,,,,,,,,,,,,,,,,,,,,,,,,0.0242476361146101,0.62185261557472,20467,,,0,0
0,Female,ihd,2047,Indonesia,0.0158627732253305,0.0178217508860996,0.0178217508860996,0,0,2206294,,,,,,,,,,,,,,,,,,,,,,,,,0,0,2206294,,,0,0
67,Male,istroke,2015,Indonesia,0.0169318948646915,0.0328858837663769,0.0305738154245321,0.0617480705435979,0.00231206834184478,536217,,,,,,,,,,,,,,,,,,,,,,,,,0.00881598068176552,0.0547449074648683,536217,,,0,0
49,Female,hstroke,2045,Indonesia,0.00297318485206871,0.00587768468264613,0.00485024448363497,0.00770962388436154,0.00102744019901116,1717862.5,,,,,,,,,,,,,,,,,,,,,,,,,0.00145317922200706,0.126244012824952,1717862.5,,,0,0
11,Male,rhd,2010,Indonesia,0.000735071026152785,0.000756818080341052,0.000743961278674263,0.00153613116249582,1.285680166679e-05,2301883,,,,,,,,,,,,,,,,,,,,,,,,,0.000287330949327727,0.0104893322924148,2301883,,,0,0
4,Male,rhd,2050,Indonesia,0.000429836086115609,0.00111048244866982,0.00110829750433611,0.00039386958804725,2.18494433370752e-06,2445488.5,,,,,,,,,,,,,,,,,,,,,,,,,8.32288598079015e-05,0.00181629949763573,2445488.5,,,0,0
20,Female,hstroke,2008,Indonesia,0.00123036268494169,0.00137190102002585,0.00133030250534061,0.0022192432752044,4.1598514685245e-05,2091256,,,,,,,,,,,,,,,,,,,,,,,,,0.000130086394955933,0.0148669170218049,2091256,,,0,0
82,Female,ihd,2025,Indonesia,0.0307174642055364,0.0590850136563598,0.0509004537943531,0.111549208654013,0.0081845598620067,225694,,,,,,,,,,,,,,,,,,,,,,,,,0.00686073037320235,0.082798785178769,225694,,,0,0
28,Female,hstroke,2010,Indonesia,0.00128529473696472,0.00151873594441692,0.00144900666368172,0.00315661224891246,6.9729280735207e-05,2116389.5,,,,,,,,,,,,,,,,,,,,,,,,,0.00030478747968164,0.0319460457601338,2116389.5,,,0,0
72,Female,cmd,2031,Indonesia,0.0137053603791247,0.028653614562867,0.028587037239476,0.0005535727713789,6.65773233910045e-05,548756,,,,,,,,,,,,,,,,,,,,,,,,,8.67483704638463e-05,0.159792526716214,548756,,,0,0
49,Male,rhd,2031,Indonesia,0.00533744721609158,0.00892371646222415,0.00890290991803493,0.00585069134774332,2.08065441892163e-05,1714970,,,,,,,,,,,,,,,,,,,,,,,,,3.68075031604132e-05,0.0027360412232649,1714970,,,0,0
71,Female,hstroke,2015,Indonesia,0.0132919653324117,0.0283360889312894,0.0237247896902703,0.0102028557889029,0.00461129924101906,552019,,,,,,,,,,,,,,,,,,,,,,,,,0.00276933957606041,0.426260169297743,552019,,,0,0
75,Male,dm2,2029,Indonesia,0.0269540211091749,0.0514425111403834,0.0478233429317808,0.154373908125245,0.00361916820860261,325266,,,,,,,,,,,,,,,,,,,,,,,,,0.00822251152280757,0.0198236105085569,325266,,,0,0
39,Male,cmd,2012,Indonesia,0.00230294300068796,0.00334080365327795,0.00332013114619061,0.00021365832035614,2.06725070873454e-05,1886912,,,,,,,,,,,,,,,,,,,,,,,,,3.4972212559339e-05,0.0957357960695634,1886912,,,0,0
28,Female,cmd,2026,Indonesia,0.00100939723171898,0.00136093488964998,0.00135171486061324,0.00014471632900274,9.22002903674099e-06,2066333.5,,,,,,,,,,,,,,,,,,,,,,,,,9.61606201796341e-06,0.104012556249906,2066333.5,,,0,0
28,Male,istroke,2026,Indonesia,0.00171828097656737,0.00174610114003564,0.00173658239548429,0.00312003181028902,9.51874455135476e-06,2167667,,,,,,,,,,,,,,,,,,,,,,,,,0.000237166821170547,0.00298996168945412,2167667,,,0,0
66,Male,ihd,2004,Indonesia,0.0204754133233343,0.0368219936011385,0.0316220147930569,0.0763581375158404,0.00519997880808163,509837.5,,,,,,,,,,,,,,,,,,,,,,,,,0.0128740895599609,0.078553656702158,509837.5,,,0,0
41,Female,dm2,2035,Indonesia,0.00219474806459609,0.00356293434529783,0.00349415640147173,0.0560919522316615,6.87779438261009e-05,1968152,,,,,,,,,,,,,,,,,,,,,,,,,0.00674783354805226,0.00177123108686467,1968152,,,0,0
8,Male,ihd,2033,Indonesia,0.000385981565367948,0.000577410991588433,0.000577410991588433,0,0,2514756.5,,,,,,,,,,,,,,,,,,,,,,,,,0,0,2514756.5,,,0,0
45,Male,rhd,2038,Indonesia,0.00389573301951597,0.00589364031278659,0.00587490086529639,0.0064744701772332,1.87394474902016e-05,1862284.5,,,,,,,,,,,,,,,,,,,,,,,,,3.30588720231255e-05,0.00219607772787268,1862284.5,,,0,0
21,Female,hstroke,2020,Indonesia,0.00101467562210274,0.00113526012729107,0.00109645678877252,0.00207758123132594,3.88033385185464e-05,2189482,,,,,,,,,,,,,,,,,,,,,,,,,0.000115967512642826,0.0191463506616579,2189482,,,0,0
37,Male,hstroke,2011,Indonesia,0.00209420911081047,0.00284513662996437,0.00257016714190454,0.0039041694979421,0.000274969488059826,1919982,,,,,,,,,,,,,,,,,,,,,,,,,0.000789721419076489,0.11646111557426,1919982,,,0,0
49,Male,hhd,2002,Indonesia,0.00508211967738465,0.00818541933555296,0.00797017396835811,0.00116410961066098,0.000215245367194851,950105,,,,,,,,,,,,,,,,,,,,,,,,,0.00032494195841345,0.200179116080926,950105,,,0,0
9,Male,rhd,2022,Indonesia,0.000519867515960349,0.000573258926267138,0.000567358391474634,0.00118105397169282,5.90053479250418e-06,2462985,,,,,,,,,,,,,,,,,,,,,,,,,0.000210680143405061,0.00782769767352052,2462985,,,0,0
5,Male,hstroke,2039,Indonesia,0.000480253050396274,0.000934175984749787,0.000931200687146683,0.00048926192369265,2.97529760310417e-06,2482047,,,,,,,,,,,,,,,,,,,,,,,,,6.51114981564712e-05,0.01087334217046,2482047,,,0,0
32,Male,ihd,2044,Indonesia,0.00181538918170157,0.00210025290671756,0.00186777314568999,0.0078669250728177,0.000232479761027572,2120154,,,,,,,,,,,,,,,,,,,,,,,,,0.000693396709981903,0.0549958657346897,2120154,,,0,0
28,Male,istroke,2011,Indonesia,0.00172999645302897,0.00200638772204704,0.00199491873912999,0.00314414065889002,1.14689829170521e-05,2212713,,,,,,,,,,,,,,,,,,,,,,,,,0.000228571931352976,0.00253538256558889,2212713,,,0,0
50,Male,dm2,2001,Indonesia,0.00548903991225001,0.00888989855401838,0.00852026538970905,0.0769312050694359,0.000369633164309329,846839,,,,,,,,,,,,,,,,,,,,,,,,,0.00301392052302037,0.005435041874046,846839,,,0,0
41,Male,hhd,2021,Indonesia,0.00242649516068839,0.00357030211029402,0.00350853643367525,0.0005015453322928,6.17656766187706e-05,2009934.5,,,,,,,,,,,,,,,,,,,,,,,,,0.000259799197369993,0.175120233904606,2009934.5,,,0,6.00109559920022e-05
9,Female,rhd,2013,Indonesia,0.000531795974038963,0.000549805369179658,0.000540468992420111,0.00107861167053388,9.33637675954717e-06,2182966.5,,,,,,,,,,,,,,,,,,,,,,,,,0.000211079532827386,0.00987731186544833,2182966.5,,,0,0
0,Female,cmd,2013,Indonesia,0.0219004907653467,0.0220020353957358,0.0219775495074452,8.99508447396e-05,2.44858882905511e-05,2423792.5,,,,,,,,,,,,,,,,,,,,,,,,,4.915079340197e-05,0.139132009160109,2423792.5,,,0,0
39,Female,hhd,2033,Indonesia,0.00184979127819248,0.00292084277304642,0.00288012366002803,0.00042039430002986,4.07191130183976e-05,2032880.5,,,,,,,,,,,,,,,,,,,,,,,,,6.90182207487701e-05,0.0613532928786353,2032880.5,,,0,0
53,Male,dm2,2015,Indonesia,0.00678991376953077,0.0130454699255124,0.0123904346776127,0.095763575157149,0.000655035247899706,1343639,,,,,,,,,,,,,,,,,,,,,,,,,0.00488886300294861,0.00796672568222447,1343639,,,0,0
48,Male,hstroke,2034,Indonesia,0.00508022524310249,0.00810253767420836,0.00687367170100193,0.0067277938208191,0.00122886597320642,1752756,,,,,,,,,,,,,,,,,,,,,,,,,0.0013792036023821,0.278290554373488,1752756,,,0,0
76,Male,cmd,2047,Indonesia,0.025328715565205,0.0534948377033439,0.0533395218699384,0.00137559489954038,0.000155315833405491,297264,,,,,,,,,,,,,,,,,,,,,,,,,0.000219265892049846,0.216947475316714,297264,,,0,0
57,Female,ihd,2043,Indonesia,0.0040991795327548,0.0092694595986402,0.00778677707169162,0.0354564284436174,0.00148268252694858,1321479,,,,,,,,,,,,,,,,,,,,,,,,,0.00510840785666884,0.0837597177987894,1321479,,,0,0
91,Male,dm2,2037,Indonesia,0.0842223324634925,0.149618034286184,0.141810830762552,0.110649475155538,0.00780720352363224,13904,,,,,,,,,,,,,,,,,,,,,,,,,0.0126373501515846,0.0437757555389278,13904,,,0,0
36,Male,dm2,2041,Indonesia,0.00175731802213868,0.00250265917395117,0.00244655364556058,0.0499539461794136,5.61055283905897e-05,2172936.5,,,,,,,,,,,,,,,,,,,,,,,,,0.00469880894119025,0.00118826067598348,2172936.5,,,0,0
61,Male,cmd,2036,Indonesia,0.0106287376051234,0.0223833614916544,0.0223125020448619,0.00025429222801746,7.08594467925075e-05,1018405,,,,,,,,,,,,,,,,,,,,,,,,,8.3617796038282e-05,0.402679664407549,1018405,,,0,0
19,Female,ihd,2008,Indonesia,0.00119905028424331,0.00133681699867362,0.00129008127300628,0.00160857945202042,4.67357256673463e-05,2106620,,,,,,,,,,,,,,,,,,,,,,,,,0.000500407409834785,0.0397258838908691,2106620,,,0,0
41,Male,istroke,2027,Indonesia,0.00237811063146634,0.00357030211029402,0.00352183767369841,0.00780586321185286,4.8464436595607e-05,2009934.5,,,,,,,,,,,,,,,,,,,,,,,,,0.000591592300729815,0.00619492120669237,2009934.5,,,0,0
95,Female,dm2,2033,Indonesia,0.122834495916232,0.206286921085328,0.199689725796623,0.0674524250712047,0.00659719528870527,16259,,,,,,,,,,,,,,,,,,,,,,,,,0.0072045832340664,0.0783374606571281,16259,,,0,0
56,Female,dm2,2005,Indonesia,0.00497178976642153,0.00896922772100851,0.00848656017642707,0.095549132362903,0.000482667544581442,762760.5,,,,,,,,,,,,,,,,,,,,,,,,,0.00702662089970738,0.00627531358077726,762760.5,,,0,0
20,Male,istroke,2036,Indonesia,0.00134194275082004,0.00142037916551052,0.00141647935519145,0.00185765208085808,3.89981031907006e-06,2339747.5,,,,,,,,,,,,,,,,,,,,,,,,,0.000151334684081029,0.00398999122111656,2339747.5,,,0,0
73,Female,rhd,2023,Indonesia,0.0151255545705806,0.0302510461167055,0.0302189966336602,0.0033815585506118,3.20494830453366e-05,522148.5,,,,,,,,,,,,,,,,,,,,,,,,,2.7206704487725e-05,0.00520824009216087,522148.5,,,0,0
91,Male,hhd,2034,Indonesia,0.0850197602080701,0.149618034286184,0.145392805792567,0.0280465934242021,0.00422522849361697,13904,,,,,,,,,,,,,,,,,,,,,,,,,0.00966209481032106,0.142882193895118,13904,,,0,0
37,Male,hstroke,2015,Indonesia,0.0019375302344116,0.00273608165060382,0.00246365877245794,0.0038149863330788,0.000272422878145879,2035569,,,,,,,,,,,,,,,,,,,,,,,,,0.000784097254592017,0.121412950733579,2035569,,,0,0
53,Male,hhd,2034,Indonesia,0.00643256608655736,0.0122233811749449,0.0118671387118091,0.00142971864397194,0.000356242463135846,1515539,,,,,,,,,,,,,,,,,,,,,,,,,0.000615967112915967,0.377488413497297,1515539,,,0,0
4,Male,hhd,2012,Indonesia,0.00141916875727295,0.00142864200738484,0.00142864200738484,0,0,2445500,,,,,,,,,,,,,,,,,,,,,,,,,0,0,2445500,,,0,0
30,Male,hstroke,2011,Indonesia,0.00182089666823368,0.00218528823566071,0.00206870650349423,0.00262946595502502,0.000116581732166481,2157238.5,,,,,,,,,,,,,,,,,,,,,,,,,0.000351369003986302,0.0261109353518472,2157238.5,,,0,0
28,Female,cmd,2017,Indonesia,0.00114707926972108,0.00139046699105303,0.00138145639641015,0.0001432374624939,9.01059464288253e-06,2073453,,,,,,,,,,,,,,,,,,,,,,,,,9.36907173377606e-06,0.0915291533889777,2073453,,,0,0
56,Female,hhd,2041,Indonesia,0.00395274037285872,0.00882243646338343,0.00858358525482426,0.00150488522605728,0.000238851208559176,1374725.5,,,,,,,,,,,,,,,,,,,,,,,,,0.000375122991964336,0.264812834116088,1374725.5,,,0,0
51,Male,dm2,2012,Indonesia,0.00642969564356134,0.0117017429272425,0.0111698986667318,0.0896494919135054,0.000531844260510688,1326916.5,,,,,,,,,,,,,,,,,,,,,,,,,0.00508595927015801,0.00680734548561573,1326916.5,,,0,0
11,Male,hstroke,2034,Indonesia,0.000392277877806945,0.000564954795624549,0.000560486045486117,0.00085988199551982,4.46875013843198e-06,2434486.5,,,,,,,,,,,,,,,,,,,,,,,,,3.47441108574087e-05,0.00923199798899204,2434486.5,,,0,0
82,Male,dm2,2027,Indonesia,0.0451215836212299,0.08231293384454,0.0773613696173097,0.14182376683137,0.00495156422723024,138725.5,,,,,,,,,,,,,,,,,,,,,,,,,0.00419773161568678,0.0212591994553611,138725.5,,,0,0
68,Male,dm2,2001,Indonesia,0.0216457901203757,0.0396861479991167,0.0377114049158964,0.110397719310473,0.0019747430832203,414594.5,,,,,,,,,,,,,,,,,,,,,,,,,0.00196737044399024,0.0292797983174081,414594.5,,,0,0
44,Female,hhd,2038,Indonesia,0.00258941827998773,0.00437301948798985,0.00429106682397844,0.0007458167841148,8.19526640114054e-05,1870906,,,,,,,,,,,,,,,,,,,,,,,,,0.000146827998190901,0.128724323448931,1870906,,,0,0
48,Female,cmd,2019,Indonesia,0.00318883725570674,0.00549213160274273,0.00547576361532368,0.00014255910824098,1.63679874190492e-05,1750710,,,,,,,,,,,,,,,,,,,,,,,,,2.52422774624104e-05,0.138064718156002,1750710,,,0,0
4,Male,cmd,2019,Indonesia,0.00110273241349118,0.00111048244866982,0.00110876891150586,0.00020872230579875,1.7135371639608e-06,2445488.5,,,,,,,,,,,,,,,,,,,,,,,,,2.12011509316633e-06,0.00899527221664294,2445488.5,,,0,0
16,Male,istroke,2020,Indonesia,0.0011272823885185,0.00109233671015596,0.0010900376001651,0.00141878460700068,2.29910999086046e-06,2273410,,,,,,,,,,,,,,,,,,,,,,,,,0.00014553351043873,0.00348077860076337,2273410,,,0,0
11,Female,rhd,2017,Indonesia,0.000448331736909388,0.000470028393728108,0.000458002388405622,0.0013930980634481,1.20260053224859e-05,2268864.5,,,,,,,,,,,,,,,,,,,,,,,,,0.000371751516000593,0.00870311796129726,2268864.5,,,0,0
85,Male,hstroke,2022,Indonesia,0.0564569391482383,0.0981125431543314,0.091434773372716,0.00828465415990704,0.00667776978161535,76309.5,,,,,,,,,,,,,,,,,,,,,,,,,0.00485760522010408,0.615209707414121,76309.5,,,0,0
4,Female,istroke,2011,Indonesia,0.00118519671306543,0.00119746104293712,0.00119622146587485,0.0003736110330061,1.2395770622749e-06,2311788.5,,,,,,,,,,,,,,,,,,,,,,,,,5.30156850319454e-05,0.00195048791044325,2311788.5,,,0,0
84,Female,cmd,2025,Indonesia,0.036551931759674,0.0685436286734758,0.0681946757775856,0.00293056850323136,0.000348952895890185,162437,,,,,,,,,,,,,,,,,,,,,,,,,0.00068457182861636,0.113274372261944,162437,,,0,0
53,Female,ihd,2013,Indonesia,0.00425814609393895,0.00781686990722369,0.00665540984784945,0.0296045362730968,0.00116146005937424,1279957.5,,,,,,,,,,,,,,,,,,,,,,,,,0.00271492420899812,0.0447523793403255,1279957.5,,,0,0
71,Male,ihd,2030,Indonesia,0.0221443434667478,0.0423874435287575,0.0356782440858371,0.0969260295998791,0.00670919944292037,445888.5,,,,,,,,,,,,,,,,,,,,,,,,,0.00765933400856291,0.0414363745759668,445888.5,,,0,0
31,Female,rhd,2030,Indonesia,0.0011280310065842,0.00166352045053179,0.00163167296919991,0.00884127069711574,3.1847481331875e-05,2050287,,,,,,,,,,,,,,,,,,,,,,,,,6.96908412921923e-05,0.00294843052528471,2050287,,,0,0
50,Female,rhd,2033,Indonesia,0.00318763168616537,0.00626323776254954,0.00622524371022985,0.00702564690748154,3.79940523196933e-05,1677233,,,,,,,,,,,,,,,,,,,,,,,,,5.40520425413048e-05,0.00441042948375631,1677233,,,0,0
45,Female,rhd,2050,Indonesia,0.00265085148134345,0.00461753916627301,0.00457452693970511,0.00795546107465748,4.30122265678919e-05,1845379,,,,,,,,,,,,,,,,,,,,,,,,,3.45339861674865e-05,0.00395231931372464,1845379,,,0,0
81,Female,rhd,2043,Indonesia,0.0268228007989424,0.0545961653914998,0.0545628481460964,0.00247201257618556,3.3317245403372e-05,259494,,,,,,,,,,,,,,,,,,,,,,,,,3.65590165946042e-05,0.00672768181493983,259494,,,0,0
62,Female,istroke,2007,Indonesia,0.00816835173411519,0.0158350072113143,0.0149164821461378,0.0273632199269572,0.000918525065176569,703523,,,,,,,,,,,,,,,,,,,,,,,,,0.00453841393608412,0.0255706560192517,703523,,,0,0
77,Female,hstroke,2013,Indonesia,0.019263895170996,0.0392646285891685,0.0336267962742677,0.0117469580785566,0.00563783231490078,345825.5,,,,,,,,,,,,,,,,,,,,,,,,,0.00626599599700059,0.66108380353181,345825.5,,,0,0
61,Female,ihd,2012,Indonesia,0.00732879762090511,0.0144863186199083,0.0123672193566039,0.049214191047654,0.0021190992633044,775303,,,,,,,,,,,,,,,,,,,,,,,,,0.00722436175859411,0.0505141832280996,775303,,,0,0
19,Female,rhd,2011,Indonesia,0.00113889118454562,0.00127676108319118,0.00124810340682551,0.00426998023470456,2.86576763656708e-05,2100591,,,,,,,,,,,,,,,,,,,,,,,,,0.000616769889391416,0.0080991438960263,2100591,,,0,0
63,Male,ihd,2023,Indonesia,0.0132970808412839,0.0254288009452827,0.0209318385853053,0.070682956841185,0.00449696235997737,887925.5,,,,,,,,,,,,,,,,,,,,,,,,,0.00557670591720488,0.0536220504750027,887925.5,,,0,0
24,Female,dm2,2001,Indonesia,0.00135193691775598,0.00148589007971851,0.00147955078642706,0.014501283999449,6.33929329144912e-06,2024559.5,,,,,,,,,,,,,,,,,,,,,,,,,0.00184882981011583,0.000643502248271121,2024559.5,,,0,0
58,Male,ihd,2032,Indonesia,0.00849766706932267,0.0172717613001425,0.0139624688008027,0.0538638393391484,0.00330929249933973,1215057.5,,,,,,,,,,,,,,,,,,,,,,,,,0.00901605284489673,0.0864110138807485,1215057.5,,,0,0
27,Male,istroke,2029,Indonesia,0.00170935853629077,0.00165756319836516,0.00164949642915281,0.0028941657791335,8.06676921234697e-06,2177979.5,,,,,,,,,,,,,,,,,,,,,,,,,0.000214943564812733,0.00287059827912205,2177979.5,,,0,0
1,Female,hhd,2050,Indonesia,0.00159122011503799,0.00210925776222,0.00210925776222,0,0,2218772,,,,,,,,,,,,,,,,,,,,,,,,,0,0,2218772,,,0,0
69,Female,istroke,2010,Indonesia,0.0126310169899979,0.0259437346199812,0.0234971884981185,0.0430537268723202,0.00244654612186272,574705,,,,,,,,,,,,,,,,,,,,,,,,,0.00296352631316805,0.0508441538126413,574705,,,0,0
17,Female,hhd,2039,Indonesia,0.000707271349091833,0.00102197008098209,0.00102044358564204,2.84843193595e-05,1.52649534005173e-06,2148735.5,,,,,,,,,,,,,,,,,,,,,,,,,1.04625477590039e-05,0.076114956714208,2148735.5,,,0,0
85,Female,hhd,2000,Indonesia,0.0434207094197163,0.0813690817471924,0.0784416939109011,0.031299401166875,0.00292738783629133,54101,,,,,,,,,,,,,,,,,,,,,,,,,0.00368411073288294,0.0870885348491924,54101,,,0,0
1,Female,rhd,2019,Indonesia,0.00209750775642042,0.00210925776222,0.0021071553899691,4.73638338241e-05,2.10237225089607e-06,2218772,,,,,,,,,,,,,,,,,,,,,,,,,3.63988130822441e-05,0.053714920205789,2218772,,,0,0
42,Female,ihd,2028,Indonesia,0.00242338327554771,0.00388398013142353,0.0033397126002654,0.0122812612181697,0.000544267531158135,1931948,,,,,,,,,,,,,,,,,,,,,,,,,0.000924508042291476,0.0627596062163715,1931948,,,0,0
36,Female,hhd,2035,Indonesia,0.0014059865364805,0.00217587742146783,0.00215219631597955,0.00029208509411574,2.36811054882749e-05,2096348,,,,,,,,,,,,,,,,,,,,,,,,,4.56495429725537e-05,0.0568850785319321,2096348,,,0,0
37,Female,hhd,2009,Indonesia,0.00171263104164409,0.00226219574560053,0.0022414721003016,0.0003175869516477,2.07236452989315e-05,1848353.5,,,,,,,,,,,,,,,,,,,,,,,,,4.50229243422458e-05,0.045004689781949,1848353.5,,,0,0
72,Male,hstroke,2009,Indonesia,0.0285656691019687,0.0542988781784283,0.0470166923700422,0.0106001862940224,0.00728218580838603,371951,,,,,,,,,,,,,,,,,,,,,,,,,0.00735602673359949,0.811759831563782,371951,,,0,0
20,Male,hstroke,2003,Indonesia,0.00169419546700134,0.00181705082474422,0.00177964483857207,0.00158310471137584,3.7405986172153e-05,2260943.5,,,,,,,,,,,,,,,,,,,,,,,,,7.22286870324525e-05,0.0256401711615965,2260943.5,,,0,0
42,Female,ihd,2046,Indonesia,0.00231264639816363,0.00388398013142353,0.0033397126002654,0.0122812612181697,0.000544267531158135,1931948,,,,,,,,,,,,,,,,,,,,,,,,,0.000924508042291476,0.0779250027432096,1931948,,,0,0
2,Female,hhd,2014,Indonesia,0.00193449552981725,0.00194656421733734,0.00194656421733734,0,0,2435906.5,,,,,,,,,,,,,,,,,,,,,,,,,0,0,2435906.5,,,0,0
48,Female,cmd,2050,Indonesia,0.0029007312616298,0.00549213160274273,0.00547576361532368,0.00014255910824098,1.63679874190492e-05,1750710,,,,,,,,,,,,,,,,,,,,,,,,,2.52422774624104e-05,0.156692782632838,1750710,,,0,0
8,Female,cmd,2045,Indonesia,0.000271264849160977,0.000491470910493677,0.00048960645880428,0.0001524526537909,1.86445168939699e-06,2387736,,,,,,,,,,,,,,,,,,,,,,,,,4.49869996353812e-06,0.00832793571834495,2387736,,,0,0
41,Male,dm2,2032,Indonesia,0.00234281875563598,0.00357030211029402,0.00344701302373059,0.0661749382406147,0.000123289086563431,2009934.5,,,,,,,,,,,,,,,,,,,,,,,,,0.00667259109997902,0.00178586112152625,2009934.5,,,0,0
36,Male,dm2,2050,Indonesia,0.00171251261439886,0.00250265917395117,0.00244655364556058,0.0499539461794136,5.61055283905897e-05,2172936.5,,,,,,,,,,,,,,,,,,,,,,,,,0.00469880894119025,0.00118613502137702,2172936.5,,,0,0
28,Male,cmd,2020,Indonesia,0.00169097237448125,0.00174610114003564,0.00173566038672894,0.0001983054988753,1.04407533066961e-05,2167667,,,,,,,,,,,,,,,,,,,,,,,,,1.03575899295227e-05,0.110636994744834,2167667,,,0,0
64,Male,istroke,2034,Indonesia,0.0130038832110816,0.026770373668407,0.0250532973923946,0.051831202268885,0.00171707627601248,822687.5,,,,,,,,,,,,,,,,,,,,,,,,,0.00909367271014423,0.068567203416756,822687.5,,,0,0
49,Male,istroke,2037,Indonesia,0.00532858736975954,0.00892371646222415,0.00867889318732422,0.0157267223257674,0.000244823274899932,1714970,,,,,,,,,,,,,,,,,,,,,,,,,0.00230495588604233,0.0250632871079302,1714970,,,0,0
31,Female,dm2,2035,Indonesia,0.00107736929629422,0.00166352045053179,0.00164641263990345,0.0296737145218336,1.71078106283385e-05,2050287,,,,,,,,,,,,,,,,,,,,,,,,,0.00374229824726186,0.000661409853262157,2050287,,,0,0
85,Male,dm2,2033,Indonesia,0.0534506874443807,0.0981125431543314,0.0924451488649494,0.132255461168071,0.00566739428938194,76309.5,,,,,,,,,,,,,,,,,,,,,,,,,0.00901774406459642,0.0327557007175671,76309.5,,,0,0
71,Female,istroke,2047,Indonesia,0.0120434476414413,0.0267286413266036,0.0237742361820605,0.0465952981749394,0.00295440514454314,570655,,,,,,,,,,,,,,,,,,,,,,,,,0.00582161351687042,0.052373379395518,570655,,,0,0
7,Male,hhd,2029,Indonesia,0.00042437199575996,0.000581563056909728,0.000581563056909728,0,0,2555431.5,,,,,,,,,,,,,,,,,,,,,,,,,0,0,2555431.5,,,0,0
55,Female,rhd,2004,Indonesia,0.00665324088039279,0.0106509576247809,0.0105904419348506,0.00609507469380326,6.05156899302778e-05,770976.5,,,,,,,,,,,,,,,,,,,,,,,,,6.41565431307332e-05,0.0114141292529873,770976.5,,,0,0
40,Male,hhd,2021,Indonesia,0.00229960649701057,0.00332854176791041,0.00327423568228718,0.0004496168464033,5.43060856232287e-05,2054920,,,,,,,,,,,,,,,,,,,,,,,,,0.00022913683524504,0.167126859250984,2054920,,,0,5.23559797624366e-05
84,Female,hhd,2002,Indonesia,0.0396627676498181,0.0753491393523885,0.0726762684624787,0.0292717613972808,0.00267287088990982,69547,,,,,,,,,,,,,,,,,,,,,,,,,0.00279700108929247,0.0868577486388061,69547,,,0,0
53,Female,istroke,2003,Indonesia,0.00432514354861145,0.00744270722123521,0.00720774349669624,0.0144009938097506,0.000234963724538964,800717.5,,,,,,,,,,,,,,,,,,,,,,,,,0.00135508495507623,0.0163233310614921,800717.5,,,0,0
1,Male,istroke,2045,Indonesia,0.00117091895019207,0.00230042957733526,0.00229973626011999,0.0001636451033077,6.93317215276659e-07,2340024.5,,,,,,,,,,,,,,,,,,,,,,,,,2.65386117214143e-05,0.00256792887804223,2340024.5,,,0,0
55,Male,cmd,2011,Indonesia,0.00837588561553283,0.015403106853433,0.0153443421467743,0.0001977352309904,5.87647066586349e-05,1035770.5,,,,,,,,,,,,,,,,,,,,,,,,,4.7296790403411e-05,0.309341450414121,1035770.5,,,0,0
64,Female,hhd,2016,Indonesia,0.00823666628267825,0.0169857459672992,0.0164605964421631,0.00528435543482652,0.000525149525136022,777873.5,,,,,,,,,,,,,,,,,,,,,,,,,0.00118052534927683,0.0960842858106787,777873.5,,,0,0
49,Female,istroke,2029,Indonesia,0.00315946938071871,0.00587768468264613,0.00570445150425205,0.0104145874644635,0.000173233178394084,1717862.5,,,,,,,,,,,,,,,,,,,,,,,,,0.000847294303764445,0.0287551079832053,1717862.5,,,0,0
85,Female,dm2,2001,Indonesia,0.0429502050758934,0.0804627034105513,0.0770381903178864,0.0922965371734351,0.00342451309266485,55484.5,,,,,,,,,,,,,,,,,,,,,,,,,0.00358303487471597,0.0208506788446206,55484.5,,,0,0
61,Female,dm2,2047,Indonesia,0.00598794864567639,0.013404175095103,0.0125438476632277,0.135904018118316,0.000860327431875261,1088178,,,,,,,,,,,,,,,,,,,,,,,,,0.0119065718092462,0.00568207752236373,1088178,,,0,0
53,Female,hstroke,2031,Indonesia,0.00360363810607244,0.00748136705761312,0.00610628705961792,0.00871072710326298,0.0013750799979952,1540073.5,,,,,,,,,,,,,,,,,,,,,,,,,0.0018563783635468,0.182809394041819,1540073.5,,,0,0
3,Male,ihd,2030,Indonesia,0.000828820454575894,0.00128678891258985,0.00128678891258985,0,0,2414830,,,,,,,,,,,,,,,,,,,,,,,,,0,0,2414830,,,0,0
23,Male,hstroke,2050,Indonesia,0.00156462880903774,0.00157190075095685,0.00153398426847601,0.00170590033754452,3.79164824808447e-05,2267661.5,,,,,,,,,,,,,,,,,,,,,,,,,8.74496906360036e-05,0.0429028589979828,2267661.5,,,0,0
88,Male,rhd,2009,Indonesia,0.0755248041959183,0.128569304062257,0.128509935291038,0.00134671001910616,5.93687712188458e-05,21563.5,,,,,,,,,,,,,,,,,,,,,,,,,0.000141151233830599,0.0356562378004541,21563.5,,,0,0
81,Female,hhd,2016,Indonesia,0.0280147513218575,0.0564936795409149,0.0543497067649358,0.0236602611768575,0.0021439727759791,233937.5,,,,,,,,,,,,,,,,,,,,,,,,,0.00246374726798964,0.0814498293818333,233937.5,,,0,0
37,Male,istroke,2023,Indonesia,0.00189818721384621,0.00260326074075957,0.00257595073987724,0.0057215602347659,2.73100008823359e-05,2146181,,,,,,,,,,,,,,,,,,,,,,,,,0.000779579250336586,0.00788798285382722,2146181,,,0,0
54,Male,hhd,2008,Indonesia,0.00788847711849804,0.0142153671397398,0.013791451070373,0.0014377906388645,0.000423916069366731,951032.5,,,,,,,,,,,,,,,,,,,,,,,,,0.000754954329049788,0.371887792674479,951032.5,,,0,0
52,Female,dm2,2020,Indonesia,0.00371068135799286,0.00703434392235635,0.00671592185589363,0.0983372307258602,0.00031842206646272,1590457,,,,,,,,,,,,,,,,,,,,,,,,,0.0063071372163358,0.0025922708998257,1590457,,,0,1.2684361855104e-05
31,Female,dm2,2033,Indonesia,0.00109667311194943,0.00166352045053179,0.00164641263990345,0.0296737145218336,1.71078106283385e-05,2050287,,,,,,,,,,,,,,,,,,,,,,,,,0.00374229824726186,0.000658661782550752,2050287,,,0,0
24,Female,cmd,2023,Indonesia,0.000993617598237503,0.00120217879773007,0.00119479147975014,0.00016877550727344,7.387317979935e-06,2130662.5,,,,,,,,,,,,,,,,,,,,,,,,,8.85354932258107e-06,0.0657825771238641,2130662.5,,,0,0
66,Female,istroke,2005,Indonesia,0.0101429849105767,0.0200157429016893,0.01875251154713,0.0364840497300987,0.00126323135455929,610150.5,,,,,,,,,,,,,,,,,,,,,,,,,0.00223078640077091,0.0359112212789427,610150.5,,,0,0
24,Male,ihd,2006,Indonesia,0.00171392124761261,0.00188071287146245,0.00181353457006609,0.00300404569113338,6.71783013963544e-05,2214992,,,,,,,,,,,,,,,,,,,,,,,,,0.000793483037075666,0.025378231792591,2214992,,,0,0
55,Female,ihd,2042,Indonesia,0.0037492519906007,0.00837541332812666,0.0070488060806498,0.0313634097528306,0.00132660724747686,1427948,,,,,,,,,,,,,,,,,,,,,,,,,0.00460132791535105,0.0798403775450042,1427948,,,0,0
56,Female,cmd,2021,Indonesia,0.0044744289101927,0.00882243646338343,0.00880055579576469,0.00011844556899866,2.18806676187386e-05,1374725.5,,,,,,,,,,,,,,,,,,,,,,,,,3.5139376386875e-05,0.133040978194014,1374725.5,,,0,0.000157608927994802
92,Female,hhd,2017,Indonesia,0.0724481160461883,0.125770153986552,0.120759213734843,0.0369168020189399,0.00501094025170856,17596.5,,,,,,,,,,,,,,,,,,,,,,,,,0.00592142492112672,0.142406762985487,17596.5,,,0,0
89,Female,istroke,2000,Indonesia,0.0601413320279266,0.107913611024308,0.0909047338448003,0.0615453566154943,0.0170088771795078,20149.5,,,,,,,,,,,,,,,,,,,,,,,,,0.0203364314868105,0.257237805131359,20149.5,,,0,0
24,Male,hstroke,2006,Indonesia,0.00171392124761261,0.00188071287146245,0.00183098482597826,0.00191704727373514,4.97280454841831e-05,2214992,,,,,,,,,,,,,,,,,,,,,,,,,0.000100038716726645,0.0318332850554455,2214992,,,0,0
80,Male,istroke,2018,Indonesia,0.039221469883862,0.0729195770266784,0.0638367017921007,0.106969915062156,0.00908287523457765,185246,,,,,,,,,,,,,,,,,,,,,,,,,0.0128853113914018,0.068392850627188,185246,,,0,0
22,Male,rhd,2027,Indonesia,0.00160368958133339,0.00155048513910478,0.00153704077936131,0.0052154866528626,1.34443597434644e-05,2296296.5,,,,,,,,,,,,,,,,,,,,,,,,,0.000358637192187006,0.00185849681585455,2296296.5,,,0,0
13,Male,hhd,2006,Indonesia,0.000970185246029063,0.00101344447627623,0.00101320546338535,5.51969322094e-06,2.39012890884858e-07,2236621.5,,,,,,,,,,,,,,,,,,,,,,,,,1.90873112367852e-06,0.0102990718854103,2236621.5,,,0,0
80,Female,hhd,2035,Indonesia,0.0249911883591687,0.0501073171266397,0.048144227282166,0.0227821994688155,0.0019630898444737,293893,,,,,,,,,,,,,,,,,,,,,,,,,0.0023457487025785,0.080319872840615,293893,,,0,0
66,Female,ihd,2034,Indonesia,0.00850641599054412,0.018110569499084,0.0153511908575759,0.0604490144039768,0.0027593786415081,787920.5,,,,,,,,,,,,,,,,,,,,,,,,,0.00906614486895593,0.0422421181150291,787920.5,,,0,0
23,Male,hhd,2041,Indonesia,0.00158301539433289,0.00157190075095685,0.00156883383141996,8.262978392412e-05,3.06691953689673e-06,2267661.5,,,,,,,,,,,,,,,,,,,,,,,,,1.76273292787737e-05,0.078594688107594,2267661.5,,,0,0
74,Male,istroke,2013,Indonesia,0.0286149240586478,0.0551434366635896,0.0493553406999587,0.0879855101392819,0.00578809596363088,335706.5,,,,,,,,,,,,,,,,,,,,,,,,,0.016927915194577,0.0698628610766864,335706.5,,,0,0
94,Male,rhd,2033,Indonesia,0.133970530075392,0.232856619355618,0.232722510586096,0.00104710985990443,0.000134108769521078,4224.5,,,,,,,,,,,,,,,,,,,,,,,,,8.02039768636998e-05,0.0346167560430092,4224.5,,,0,0
75,Male,dm2,2016,Indonesia,0.0279335395519358,0.0542901822159934,0.0507487779739094,0.138209712196167,0.00354140424208393,317446.5,,,,,,,,,,,,,,,,,,,,,,,,,0.0054522094184714,0.0213368309201451,317446.5,,,0,0
4,Male,cmd,2001,Indonesia,0.00226417983781425,0.0022768618726642,0.00227464966147544,0.000158750787468075,2.21221118875686e-06,2349333,,,,,,,,,,,,,,,,,,,,,,,,,4.37176711114071e-06,0.0151385394118393,2349333,,,0,0
58,Male,rhd,2000,Indonesia,0.0104803188229213,0.01834676284497,0.0183103979898327,0.00438846068235002,3.63648551372785e-05,653517,,,,,,,,,,,,,,,,,,,,,,,,,3.7576675461604e-05,0.00775722523546391,653517,,,0,0
87,Female,cmd,2016,Indonesia,0.0452481654853881,0.084056605797474,0.0835610867775259,0.0042429114861822,0.000495519019948091,74505,,,,,,,,,,,,,,,,,,,,,,,,,0.00107484781109567,0.0797137106621554,74505,,,0,0
72,Male,istroke,2050,Indonesia,0.021557077918795,0.0452855314515018,0.0409095217833254,0.0801493209792378,0.00437600966817647,415699.5,,,,,,,,,,,,,,,,,,,,,,,,,0.0146084981734139,0.067543083379321,415699.5,,,0,0
15,Female,istroke,2036,Indonesia,0.00052144622987904,0.000787194973010395,0.000783078536172807,0.00115164776995102,4.1164368375883e-06,2175274,,,,,,,,,,,,,,,,,,,,,,,,,0.0001259608882312,0.00720192405554662,2175274,,,0,0
39,Female,ihd,2014,Indonesia,0.00202717640801924,0.00292476941737241,0.00256924066094473,0.0111006700579908,0.000355528756427686,1901734,,,,,,,,,,,,,,,,,,,,,,,,,0.00143586573912585,0.032872784552224,1901734,,,0,0
16,Male,dm2,2020,Indonesia,0.0011272823885185,0.00109233671015596,0.00108902712680485,0.00463896165049024,3.30958335111037e-06,2273410,,,,,,,,,,,,,,,,,,,,,,,,,0.00168347629554602,0.000412302577609224,2273410,,,0,0
70,Male,istroke,2007,Indonesia,0.0251984387052247,0.0474220134358433,0.0430942680930524,0.0753081875076447,0.00432774534279096,417869.5,,,,,,,,,,,,,,,,,,,,,,,,,0.013584355948224,0.0540686722265398,417869.5,,,0,0
10,Male,istroke,2033,Indonesia,0.000395129098570496,0.000569106860945843,0.000568614563574247,0.0008965047470556,4.92297371596082e-07,2435751.5,,,,,,,,,,,,,,,,,,,,,,,,,7.21422101923511e-05,0.000875199111176593,2435751.5,,,0,0
26,Female,hhd,2015,Indonesia,0.00111508583473673,0.00131516290101041,0.00131074517384701,0.00012013513394944,4.41772716339764e-06,2080398.5,,,,,,,,,,,,,,,,,,,,,,,,,2.07370515166719e-05,0.031186477273728,2080398.5,,,0,0
3,Male,hhd,2035,Indonesia,0.000710058241648666,0.00128678891258985,0.00128678891258985,0,0,2414830,,,,,,,,,,,,,,,,,,,,,,,,,0,0,2414830,,,0,0
45,Male,istroke,2023,Indonesia,0.00382782569960648,0.00589364031278659,0.00576914838077415,0.0110642528088433,0.000124491932012436,1862284.5,,,,,,,,,,,,,,,,,,,,,,,,,0.00156332497648975,0.0196658750431866,1862284.5,,,0,0
86,Female,cmd,2032,Indonesia,0.0417149695658289,0.0780022436905919,0.0775609200246383,0.00386174285917032,0.000441323665953542,109253,,,,,,,,,,,,,,,,,,,,,,,,,0.00100861178429346,0.0746215654196816,109253,,,0,0
38,Female,istroke,2001,Indonesia,0.00196050938628246,0.00255436306021393,0.00252079329181827,0.00486092299003016,3.35697683956537e-05,1522703,,,,,,,,,,,,,,,,,,,,,,,,,0.000357730611293728,0.0119602275137664,1522703,,,0,0
89,Female,rhd,2032,Indonesia,0.0552332396531376,0.0997250749091406,0.0996739790146906,0.00178762707716742,5.10958944500192e-05,52438,,,,,,,,,,,,,,,,,,,,,,,,,5.12993304476625e-05,0.014577374763858,52438,,,0,0
32,Male,hstroke,2030,Indonesia,0.00182218433251044,0.00210025290671756,0.00197286893201508,0.0027254196237344,0.000127383974702489,2120154,,,,,,,,,,,,,,,,,,,,,,,,,0.000382805611438999,0.0354292198512863,2120154,,,0,0
38,Male,rhd,2023,Indonesia,0.00202576529924051,0.00284502108314319,0.00282964653566382,0.0073079416632429,1.53745474793689e-05,2115229,,,,,,,,,,,,,,,,,,,,,,,,,1.61037932357561e-05,0.00278488992822868,2115229,,,0,0
43,Female,hhd,2049,Indonesia,0.00241702201691392,0.00412849980970669,0.0040562725629958,0.0006593291862684,7.2227246710889e-05,1905140.5,,,,,,,,,,,,,,,,,,,,,,,,,0.000138737140363694,0.127302673958542,1905140.5,,,0,0
79,Male,hstroke,2038,Indonesia,0.0334667042348352,0.0662534720975986,0.0600664989212328,0.0080292745393944,0.00618697317636584,215380,,,,,,,,,,,,,,,,,,,,,,,,,0.00522965918857301,0.920404496906334,215380,,,0,0
47,Male,rhd,2042,Indonesia,0.00493304623173465,0.00728135888619256,0.00726110400341327,0.006183663782851,2.02548827792937e-05,1789428,,,,,,,,,,,,,,,,,,,,,,,,,3.57457414409795e-05,0.00268345684244713,1789428,,,0,0
58,Female,hstroke,2010,Indonesia,0.00582465949250423,0.0110813119098586,0.00885808223586112,0.0103543277163385,0.00222322967399746,850995.5,,,,,,,,,,,,,,,,,,,,,,,,,0.00350505013121838,0.151398756271701,850995.5,,,0,0
41,Female,hhd,2019,Indonesia,0.00236851842624199,0.00356293434529783,0.00350769342135145,0.00052202582562462,5.5240923946381e-05,1968152,,,,,,,,,,,,,,,,,,,,,,,,,0.000118288866670612,0.121205539533581,1968152,,,0,0
33,Male,cmd,2041,Indonesia,0.00179824736906221,0.00220085447352597,0.00218616842482657,0.00018550428497826,1.46860486993919e-05,2128999,,,,,,,,,,,,,,,,,,,,,,,,,3.40755033922618e-05,0.0727942083653989,2128999,,,0,0
26,Male,dm2,2005,Indonesia,0.00158926579281303,0.00176816738023246,0.00175819818707656,0.0206467793226241,9.96919315589961e-06,2132892,,,,,,,,,,,,,,,,,,,,,,,,,0.00290142031275037,0.000672198027423659,2132892,,,0,0
42,Female,hstroke,2040,Indonesia,0.00234414264637296,0.00388398013142353,0.00337460497609478,0.0056084286173978,0.000509375155328753,1931948,,,,,,,,,,,,,,,,,,,,,,,,,0.000612174953601993,0.11561329810447,1931948,,,0,0
13,Male,hhd,2045,Indonesia,0.000445819664243182,0.000693686225266431,0.000693528664471789,5.44078465676e-06,1.57560794641858e-07,2388205.5,,,,,,,,,,,,,,,,,,,,,,,,,1.77194275464592e-06,0.00949250601315132,2388205.5,,,0,0
46,Female,hstroke,2050,Indonesia,0.00277037574017118,0.00486205884455616,0.00407790516133271,0.00683477828407308,0.000784153683223453,1819791.5,,,,,,,,,,,,,,,,,,,,,,,,,0.00123821738368342,0.109454433429436,1819791.5,,,0,0
49,Male,istroke,2031,Indonesia,0.00533744721609158,0.00892371646222415,0.00867889318732422,0.0157267223257674,0.000244823274899932,1714970,,,,,,,,,,,,,,,,,,,,,,,,,0.00230495588604233,0.0250958923827911,1714970,,,0,0
75,Female,rhd,2016,Indonesia,0.0167822557159363,0.0348978193216168,0.0348646919638459,0.00309555883802876,3.31273577709535e-05,441638.5,,,,,,,,,,,,,,,,,,,,,,,,,4.13359962880343e-05,0.0116570820697548,441638.5,,,0,0
69,Female,cmd,2006,Indonesia,0.0128555355996888,0.0258915837387488,0.0258415417230519,0.0004220027805196,5.00420156969588e-05,536950.5,,,,,,,,,,,,,,,,,,,,,,,,,9.7457693032865e-05,0.0973559270623022,536950.5,,,0,0
29,Female,hhd,2044,Indonesia,0.000897092602503092,0.00146179674327725,0.0014532072881206,0.00014921496620564,8.58945515664909e-06,2060492.5,,,,,,,,,,,,,,,,,,,,,,,,,3.30533429901638e-05,0.046596792688415,2060492.5,,,0,0
18,Female,hhd,2037,Indonesia,0.000744583872593649,0.00105029259255934,0.00104854229038909,3.897442782e-05,1.75030217024935e-06,2141387.5,,,,,,,,,,,,,,,,,,,,,,,,,1.07205166812389e-05,0.0704977477737918,2141387.5,,,0,0
6,Male,dm2,2043,Indonesia,0.000368561255159018,0.000757869520829757,0.000757869520829757,0,0,2531212,,,,,,,,,,,,,,,,,,,,,,,,,0,0,2531212,,,0,0
94,Female,ihd,2034,Indonesia,0.105468907835489,0.179263067548261,0.156152794896295,0.117539344074076,0.0231102726519663,9523,,,,,,,,,,,,,,,,,,,,,,,,,0.0331553563336743,0.119956416608014,9523,,,0,0
74,Male,hhd,2031,Indonesia,0.0256213378958773,0.0493901845774229,0.047674395838282,0.0166296976761887,0.00171578873914086,353983.5,,,,,,,,,,,,,,,,,,,,,,,,,0.00187639323671603,0.132228756566749,353983.5,,,0,0
5,Female,ihd,2004,Indonesia,0.00266842659449576,0.00268524153012038,0.00268524153012038,0,0,2196640,,,,,,,,,,,,,,,,,,,,,,,,,0,0,2196640,,,0,0
59,Male,cmd,2006,Indonesia,0.0115213277317288,0.0211718182649883,0.0210976126227774,0.0002188570212415,7.42056422109233e-05,666582,,,,,,,,,,,,,,,,,,,,,,,,,6.8663488415698e-05,0.310704488864828,666582,,,0,0
85,Male,dm2,2017,Indonesia,0.056129073399046,0.100016295098852,0.0944590905799645,0.12197656284966,0.00555720451888766,70859,,,,,,,,,,,,,,,,,,,,,,,,,0.00838466732870092,0.0354481462974853,70859,,,0,0
84,Female,hstroke,2046,Indonesia,0.0348277760070516,0.0685436286734758,0.0626039432711702,0.0123459252916844,0.00593968540230562,162437,,,,,,,,,,,,,,,,,,,,,,,,,0.00621380042407017,0.523921133014962,162437,,,0,0
60,Male,dm2,2023,Indonesia,0.0107634177461541,0.0206794947611504,0.0194061172911197,0.132831917277899,0.00127337747003071,1084628,,,,,,,,,,,,,,,,,,,,,,,,,0.0089676354959304,0.0159214295437547,1084628,,,0,0
92,Male,hhd,2019,Indonesia,0.0949795565618336,0.159861138850849,0.155391166229927,0.0280289705553094,0.00446997262092185,9624.5,,,,,,,,,,,,,,,,,,,,,,,,,0.010395556394793,0.151962240959195,9624.5,,,0,0
9,Male,hhd,2017,Indonesia,0.000603077326757835,0.000615279249622517,0.000615279249622517,0,0,2436699.5,,,,,,,,,,,,,,,,,,,,,,,,,0,0,2436699.5,,,0,0
63,Female,istroke,2014,Indonesia,0.00804774380193665,0.0163351346896991,0.0153326660050778,0.0285498817359997,0.00100246868462134,750639.5,,,,,,,,,,,,,,,,,,,,,,,,,0.00484314066446268,0.0306475410440089,750639.5,,,0,0
56,Male,ihd,2017,Indonesia,0.00778015254621901,0.015138559004999,0.0122292378593106,0.049004942140907,0.00290932114568846,1252944,,,,,,,,,,,,,,,,,,,,,,,,,0.00798420488564454,0.0716844420819138,1252944,,,0,0
55,Female,hstroke,2007,Indonesia,0.00478570755866743,0.00868235265704639,0.00690223278184378,0.0104381155699297,0.00178011987520261,878987,,,,,,,,,,,,,,,,,,,,,,,,,0.00271548132087293,0.114833996660877,878987,,,0,0
57,Female,istroke,2008,Indonesia,0.00523562662273954,0.00975208472196003,0.00938910106904261,0.0190817282024641,0.000362983652917416,816885,,,,,,,,,,,,,,,,,,,,,,,,,0.00267112955861178,0.020802214609451,816885,,,0,0
23,Male,hhd,2036,Indonesia,0.00159494873409337,0.00157190075095685,0.00156883383141996,8.262978392412e-05,3.06691953689673e-06,2267661.5,,,,,,,,,,,,,,,,,,,,,,,,,1.76273292787737e-05,0.0784749670077631,2267661.5,,,0,0
56,Female,dm2,2050,Indonesia,0.00379811593817496,0.00882243646338343,0.00832677971450755,0.115517880887285,0.000495656748875884,1374725.5,,,,,,,,,,,,,,,,,,,,,,,,,0.0111645364708371,0.00576666446411124,1374725.5,,,0,0
70,Female,hstroke,2040,Indonesia,0.0114189407337697,0.0248036680903403,0.020825359568407,0.00926079150342744,0.00397830852193325,584289.5,,,,,,,,,,,,,,,,,,,,,,,,,0.00241778455909596,0.453356104685309,584289.5,,,0,0
65,Female,cmd,2018,Indonesia,0.00851841339843253,0.01745992891363,0.0174244719383442,0.00025612671592024,3.54569752858086e-05,804401.5,,,,,,,,,,,,,,,,,,,,,,,,,6.39699801407386e-05,0.122933974576562,804401.5,,,0,0
87,Female,hhd,2050,Indonesia,0.0433527407602731,0.0827315511991498,0.0793913962110463,0.0342208595688605,0.00334015498810351,87246,,,,,,,,,,,,,,,,,,,,,,,,,0.00382697765310331,0.0917076570937938,87246,,,0,0
47,Female,dm2,2027,Indonesia,0.0030037344910678,0.00510657852283932,0.00494147674009337,0.0774800812084616,0.000165101782745949,1782531.5,,,,,,,,,,,,,,,,,,,,,,,,,0.00728909680115155,0.00275001712349047,1782531.5,,,0,0
59,Female,dm2,2023,Indonesia,0.00566169367737186,0.0113368173468716,0.0106366709211944,0.127858530772978,0.000700146425677218,1208539,,,,,,,,,,,,,,,,,,,,,,,,,0.0114554334191481,0.00702243423784534,1208539,,,0,0
21,Male,cmd,2034,Indonesia,0.00146237697994514,0.00148543215230765,0.0014793677614551,0.0002579267774681,6.06439085254996e-06,2299917.5,,,,,,,,,,,,,,,,,,,,,,,,,7.61596505848298e-06,0.0275403870619383,2299917.5,,,0,0
38,Female,ihd,2042,Indonesia,0.00162007792048621,0.00259979698692072,0.00228198436880209,0.00965473086903594,0.000317812618118628,2053111,,,,,,,,,,,,,,,,,,,,,,,,,0.00110500572946734,0.0519862193704396,2053111,,,0,0
76,Female,dm2,2001,Indonesia,0.0201305996608397,0.0390108297443951,0.0366647286529888,0.115272279580981,0.00234610109140629,233160,,,,,,,,,,,,,,,,,,,,,,,,,0.00271131466166053,0.0121873068900146,233160,,,0,0
21,Male,dm2,2033,Indonesia,0.00146860694139756,0.00148543215230765,0.0014790031315968,0.0127272052006456,6.42902071084802e-06,2299917.5,,,,,,,,,,,,,,,,,,,,,,,,,0.00149554588778464,0.000590398797680733,2299917.5,,,0,0
60,Male,dm2,2017,Indonesia,0.0107767991631047,0.0212608277275882,0.0200023696249503,0.122290169252684,0.00125845810263792,996124,,,,,,,,,,,,,,,,,,,,,,,,,0.00661343245293608,0.0166775796185517,996124,,,0,0
66,Female,dm2,2021,Indonesia,0.00910970322314925,0.018110569499084,0.0168385695498717,0.151143757278482,0.0012719999492123,787920.5,,,,,,,,,,,,,,,,,,,,,,,,,0.0112263688817384,0.00813025776219837,787920.5,,,0,0.00115353228317994
76,Male,dm2,2046,Indonesia,0.0254448233060909,0.0534948377033439,0.0496906725229618,0.153780816280719,0.00380416518038216,297264,,,,,,,,,,,,,,,,,,,,,,,,,0.00805703921298434,0.0207175791855836,297264,,,0,0
15,Female,hstroke,2041,Indonesia,0.000488729654382915,0.000787194973010395,0.000764725025752992,0.0015348808228731,2.24699472574027e-05,2175274,,,,,,,,,,,,,,,,,,,,,,,,,8.92043629976342e-05,0.0155404930744669,2175274,,,0,0
83,Male,hstroke,2029,Indonesia,0.0478747279249374,0.0875794702811371,0.0813021470750844,0.00801307837764708,0.00627732320605271,115748,,,,,,,,,,,,,,,,,,,,,,,,,0.00783740921698163,1.05747565101723,115748,,,0,0
92,Female,cmd,2037,Indonesia,0.070726052977473,0.125215360474127,0.124125415987237,0.0070316686198261,0.00108994448688974,20467,,,,,,,,,,,,,,,,,,,,,,,,,0.00134545830368087,0.139252562991899,20467,,,0,0
41,Male,rhd,2000,Indonesia,0.00252714086484556,0.00347412448897614,0.00345248744912498,0.0070929821210247,2.16370398511628e-05,1313106.5,,,,,,,,,,,,,,,,,,,,,,,,,2.98150960520336e-05,0.00300292906743208,1313106.5,,,0,0
75,Male,rhd,2038,Indonesia,0.0255545965418607,0.0514425111403834,0.0514175530681993,0.00241204787204676,2.49580721840967e-05,325266,,,,,,,,,,,,,,,,,,,,,,,,,1.78710975698685e-05,0.00645963356671496,325266,,,0,0
61,Male,ihd,2041,Indonesia,0.0103284844819843,0.0223833614916544,0.0182852871361533,0.0638916534567498,0.00409807435550109,1018405,,,,,,,,,,,,,,,,,,,,,,,,,0.00522268965110842,0.0561326358826763,1018405,,,0,0
40,Male,hhd,2026,Indonesia,0.00225593034441746,0.00332854176791041,0.00327423568228718,0.0004496168464033,5.43060856232287e-05,2054920,,,,,,,,,,,,,,,,,,,,,,,,,0.00022913683524504,0.167644197820376,2054920,,,0,0
2,Male,hstroke,2037,Indonesia,0.00103477922845203,0.00179360924496256,0.00179004831864216,0.0002600135529152,3.56092632039797e-06,2377304,,,,,,,,,,,,,,,,,,,,,,,,,3.62326810716228e-05,0.0108275771283477,2377304,,,0,0
87,Female,rhd,2013,Indonesia,0.0462967539993467,0.0857708298429928,0.0857208896371016,0.0018606088072503,4.99402058911532e-05,61780.5,,,,,,,,,,,,,,,,,,,,,,,,,4.79295777834145e-05,0.0200533254294231,61780.5,,,0,0
76,Female,hstroke,2018,Indonesia,0.0175196214178024,0.0356646044151096,0.0307876644632116,0.0103049104071051,0.00487693995189803,422227.5,,,,,,,,,,,,,,,,,,,,,,,,,0.00517254760764272,0.614440429986832,422227.5,,,0,0
41,Male,hhd,2026,Indonesia,0.00238569284654683,0.00357030211029402,0.00350853643367525,0.0005015453322928,6.17656766187706e-05,2009934.5,,,,,,,,,,,,,,,,,,,,,,,,,0.000259799197369993,0.175731859227699,2009934.5,,,0,0
50,Female,hstroke,2007,Indonesia,0.00373199638302712,0.00636006957009439,0.00513707402911984,0.00924259336813832,0.00122299554097455,1162661,,,,,,,,,,,,,,,,,,,,,,,,,0.00166319162211488,0.12618014877906,1162661,,,0,0
81,Female,istroke,2043,Indonesia,0.0268228007989424,0.0545961653914998,0.0464016220694406,0.0672283130750185,0.00819454332205922,259494,,,,,,,,,,,,,,,,,,,,,,,,,0.00676799297628211,0.184683158757614,259494,,,0,0
35,Female,rhd,2010,Indonesia,0.00164154864385993,0.00212384910602331,0.00208295568788283,0.00923448868082072,4.08934181404806e-05,1922777,,,,,,,,,,,,,,,,,,,,,,,,,3.43438567435925e-05,0.00536086240668508,1922777,,,0,0
13,Female,cmd,2027,Indonesia,0.000387241378947836,0.000552419865038697,0.00054942822389981,0.00015462082667956,2.99164113888703e-06,2266505.5,,,,,,,,,,,,,,,,,,,,,,,,,7.82525042669239e-06,0.03601855104732,2266505.5,,,0,0
15,Male,istroke,2040,Indonesia,0.000734415711817594,0.000959453215192784,0.000957593036743789,0.00132691266984976,1.86017844899444e-06,2293433.5,,,,,,,,,,,,,,,,,,,,,,,,,0.000138486537322548,0.00303382052555275,2293433.5,,,0,0
19,Female,dm2,2036,Indonesia,0.000775001152195997,0.00107861510413658,0.00107324817804599,0.00889026699549642,5.36692609059161e-06,2143706,,,,,,,,,,,,,,,,,,,,,,,,,0.00128530928764548,0.000741465082558516,2143706,,,0,0
89,Female,ihd,2039,Indonesia,0.054664881897347,0.0997250749091406,0.0872868413715888,0.117088086380231,0.0124382335375518,52438,,,,,,,,,,,,,,,,,,,,,,,,,0.0184734444822966,0.0783082524466055,52438,,,0,0
23,Female,hhd,2026,Indonesia,0.000952852674199203,0.00118288071829919,0.0011797166521981,8.976962835304e-05,3.16406610108594e-06,2160999,,,,,,,,,,,,,,,,,,,,,,,,,1.86522531572066e-05,0.0475249644587175,2160999,,,0,0
27,Male,hhd,2010,Indonesia,0.00168540537439415,0.00191761490002578,0.00191104727101253,0.0001170200332514,6.56762901325063e-06,2217870,,,,,,,,,,,,,,,,,,,,,,,,,1.84031309159816e-05,0.0637087687411245,2217870,,,0,0
1,Female,ihd,2046,Indonesia,0.00167468489481649,0.00210925776222,0.00210925776222,0,0,2218772,,,,,,,,,,,,,,,,,,,,,,,,,0,0,2218772,,,0,0
20,Female,cmd,2023,Indonesia,0.000943619001465723,0.00110693761571382,0.00110109449567635,0.00018305123947932,5.84312003747336e-06,2166167.5,,,,,,,,,,,,,,,,,,,,,,,,,7.56093988322867e-06,0.0488979816037356,2166167.5,,,0,0
90,Male,hstroke,2005,Indonesia,0.0900518394262221,0.151309304383497,0.141745659116872,0.00967148477058518,0.00956364526662501,9979.5,,,,,,,,,,,,,,,,,,,,,,,,,0.0111893141397197,0.473747213490156,9979.5,,,0,0
63,Male,cmd,2017,Indonesia,0.0132878275793329,0.0261739622587814,0.026096387734878,0.00032237769119144,7.75745239034058e-05,802877,,,,,,,,,,,,,,,,,,,,,,,,,9.91493476090814e-05,0.336923546158846,802877,,,0,0
43,Male,dm2,2048,Indonesia,0.00289587538330165,0.00450592173938062,0.00433508543554933,0.073091325739027,0.000170836303831285,1933096.5,,,,,,,,,,,,,,,,,,,,,,,,,0.00719561211295541,0.00221451186784954,1933096.5,,,0,0
46,Female,ihd,2018,Indonesia,0.00293597633406725,0.00489505416376929,0.00416571276277048,0.016961935845347,0.000729341400998813,1790631,,,,,,,,,,,,,,,,,,,,,,,,,0.0011288929845902,0.0257237810846619,1790631,,,0,0
57,Female,istroke,2048,Indonesia,0.00401102417559108,0.0092694595986402,0.00892621082829647,0.0186513934338915,0.000343248770343735,1321479,,,,,,,,,,,,,,,,,,,,,,,,,0.00264192600016429,0.0243542736369602,1321479,,,0,0
43,Male,cmd,2045,Indonesia,0.00290237339680263,0.00450592173938062,0.00448111870271992,0.00024682392865026,2.48030366606971e-05,1933096.5,,,,,,,,,,,,,,,,,,,,,,,,,5.21648757842358e-05,0.114380114899312,1933096.5,,,0,0
13,Male,ihd,2036,Indonesia,0.000508321805121208,0.000693686225266431,0.000688532711575348,0.0001773812289441,5.15351369108268e-06,2388205.5,,,,,,,,,,,,,,,,,,,,,,,,,5.61335208206318e-05,0.00874176293369496,2388205.5,,,0,0
37,Female,rhd,2049,Indonesia,0.00141198778983722,0.00227875120079502,0.00224203254604311,0.0091157847003722,3.67186547519094e-05,2076719,,,,,,,,,,,,,,,,,,,,,,,,,3.03394023438155e-05,0.00393806297908472,2076719,,,0,0
1,Female,hstroke,2021,Indonesia,0.0026250246152221,0.00210925776222,0.00210465391428031,0.0002449589485149,4.60384793969156e-06,2218772,,,,,,,,,,,,,,,,,,,,,,,,,6.17369386740448e-05,0.0254974246302216,2218772,,,0,0
91,Male,istroke,2012,Indonesia,0.0927635904907356,0.156002023507816,0.137523288372652,0.08992489949648,0.0184787351351643,9239,,,,,,,,,,,,,,,,,,,,,,,,,0.0200356212975612,0.187138125900285,9239,,,0,0
13,Male,cmd,2029,Indonesia,0.00057349391370259,0.000693686225266431,0.000691313858482136,0.00021287683616002,2.37236678429461e-06,2388205.5,,,,,,,,,,,,,,,,,,,,,,,,,1.47096486420289e-05,0.0122028785688837,2388205.5,,,0,0
79,Male,istroke,2021,Indonesia,0.037183999618487,0.0662534720975986,0.058605057649634,0.104485345822688,0.00764841444796464,215380,,,,,,,,,,,,,,,,,,,,,,,,,0.0123393264761612,0.0672879252005865,215380,,,0,0.00724749684570793
3,Female,cmd,2002,Indonesia,0.00227141978938218,0.00228696686263538,0.00228387532293579,0.0001656880190508,3.09153969958582e-06,2205099,,,,,,,,,,,,,,,,,,,,,,,,,3.60584169321669e-06,0.0107095240929693,2205099,,,0,0
7,Male,hhd,2049,Indonesia,0.000271465935994455,0.000581563056909728,0.000581563056909728,0,0,2555431.5,,,,,,,,,,,,,,,,,,,,,,,,,0,0,2555431.5,,,0,0
38,Male,hstroke,2033,Indonesia,0.00193799643980805,0.00284502108314319,0.00255865999939283,0.0039368321911059,0.000286361083750355,2115229,,,,,,,,,,,,,,,,,,,,,,,,,0.000835068892768128,0.143573876583415,2115229,,,0,0
46,Female,dm2,2040,Indonesia,0.00281391242954696,0.00486205884455616,0.00471450718582532,0.0738096613393514,0.000147551658730843,1819791.5,,,,,,,,,,,,,,,,,,,,,,,,,0.00699026942792534,0.00259784712726414,1819791.5,,,0,0
36,Female,hhd,2040,Indonesia,0.00137390003550654,0.00217587742146783,0.00215219631597955,0.00029208509411574,2.36811054882749e-05,2096348,,,,,,,,,,,,,,,,,,,,,,,,,4.56495429725537e-05,0.0573837239267086,2096348,,,0,0
34,Male,istroke,2033,Indonesia,0.00181027000234945,0.00230145604033437,0.002281336052437,0.00470272165485302,2.01199878973659e-05,2168702,,,,,,,,,,,,,,,,,,,,,,,,,0.000269352339414713,0.00844699889139068,2168702,,,0,0
39,Female,hhd,2045,Indonesia,0.00178238668304373,0.00292084277304642,0.00288012366002803,0.00042039430002986,4.07191130183976e-05,2032880.5,,,,,,,,,,,,,,,,,,,,,,,,,6.90182207487701e-05,0.0622597357118311,2032880.5,,,0,0
90,Male,dm2,2038,Indonesia,0.0776983747510154,0.13937492972152,0.131983373496091,0.114456254048122,0.00739155622542828,19539.5,,,,,,,,,,,,,,,,,,,,,,,,,0.011877254663823,0.0404694632703488,19539.5,,,0,0
47,Male,dm2,2024,Indonesia,0.00471027770726113,0.00728135888619256,0.00698180821800987,0.0874594591447276,0.000299550668182687,1789428,,,,,,,,,,,,,,,,,,,,,,,,,0.0080033833286443,0.0054516364501789,1789428,,,0,0
79,Female,rhd,2006,Indonesia,0.0259062334509922,0.0511721455742118,0.0511244314216051,0.0025634025592383,4.7714152606746e-05,201783.5,,,,,,,,,,,,,,,,,,,,,,,,,5.77978415673398e-05,0.0197037304051877,201783.5,,,0,0
79,Female,ihd,2005,Indonesia,0.0257620506524115,0.0509715101499753,0.0451743817008078,0.0998593859729679,0.00579712844916751,190676.5,,,,,,,,,,,,,,,,,,,,,,,,,0.0099409943855551,0.0494740852370049,190676.5,,,0,0
68,Male,hstroke,2050,Indonesia,0.0154131368338784,0.0336931797605244,0.0290066766564491,0.00946987388513374,0.00468650310407534,575869,,,,,,,,,,,,,,,,,,,,,,,,,0.00409752696869172,0.852565221917425,575869,,,0,0
36,Male,ihd,2048,Indonesia,0.0017216565665623,0.00250265917395117,0.00216911340291393,0.0112498327202903,0.000333545771037239,2172936.5,,,,,,,,,,,,,,,,,,,,,,,,,0.00198271173583212,0.0568161399445595,2172936.5,,,0,0
90,Female,hstroke,2016,Indonesia,0.0614609598811723,0.109548305395207,0.101346626114118,0.0158136577666129,0.008201679281089,32150,,,,,,,,,,,,,,,,,,,,,,,,,0.0116089140091462,0.642327658991813,32150,,,0,0
93,Female,cmd,2038,Indonesia,0.0878637366655875,0.152239214011194,0.150576530184702,0.00786433336393483,0.00166268382649246,14160,,,,,,,,,,,,,,,,,,,,,,,,,0.00134545830368087,0.137593093120662,14160,,,0,0
2,Male,rhd,2041,Indonesia,0.00093607178319787,0.00179360924496256,0.0017919467397514,0.00014743278775275,1.66250521115488e-06,2377304,,,,,,,,,,,,,,,,,,,,,,,,,4.63376021492474e-05,0.00430385815313911,2377304,,,0,0
6,Female,istroke,2013,Indonesia,0.000742803434566216,0.000755452746200286,0.000754451433620332,0.0005109085692311,1.00131257995403e-06,2307562,,,,,,,,,,,,,,,,,,,,,,,,,7.21198421282339e-05,0.00151479972544382,2307562,,,0,0
78,Female,ihd,2037,Indonesia,0.0200706987487468,0.0411296205969196,0.0354083055303189,0.100388005713747,0.00572131506660076,362363,,,,,,,,,,,,,,,,,,,,,,,,,0.0102917616790568,0.0591810309833304,362363,,,0,0
56,Male,hstroke,2002,Indonesia,0.00870719471371929,0.0150756407174433,0.0126849295845051,0.00976316497397258,0.00239071113293817,695220,,,,,,,,,,,,,,,,,,,,,,,,,0.00225174225003519,0.316375973495206,695220,,,0,0
49,Female,rhd,2038,Indonesia,0.00304511875548493,0.00587768468264613,0.00583909685892485,0.00721843418324256,3.85878237212852e-05,1717862.5,,,,,,,,,,,,,,,,,,,,,,,,,3.1873466470015e-05,0.00471328096239471,1717862.5,,,0,0
88,Male,istroke,2003,Indonesia,0.076327357800392,0.130469660946656,0.113704007997986,0.104125347465534,0.0167656529486706,17574.5,,,,,,,,,,,,,,,,,,,,,,,,,0.0397014867167651,0.258203606823172,17574.5,,,0,0
84,Female,rhd,2049,Indonesia,0.0346467113485594,0.0685436286734758,0.068505477462106,0.00218989237669896,3.81512113698651e-05,162437,,,,,,,,,,,,,,,,,,,,,,,,,4.37128256403693e-05,0.00811976862590628,162437,,,0,0
61,Female,istroke,2002,Indonesia,0.00755985492406715,0.0139437625696169,0.01323187629963,0.026236014801649,0.000711886269986824,693889,,,,,,,,,,,,,,,,,,,,,,,,,0.00421402014193839,0.0218778149520282,693889,,,0,0
8,Female,dm2,2049,Indonesia,0.000255358062357957,0.000491470910493677,0.000491470910493677,0,0,2387736,,,,,,,,,,,,,,,,,,,,,,,,,0,0,2387736,,,0,0
71,Male,hhd,2019,Indonesia,0.0219510407132833,0.0423874435287575,0.0409303742346497,0.0137413595284933,0.0014570692941078,445888.5,,,,,,,,,,,,,,,,,,,,,,,,,0.00164216154869262,0.122059711311673,445888.5,,,0,0
93,Male,hstroke,2031,Indonesia,0.113596263562685,0.196358879103233,0.186515653164961,0.00963180609944223,0.00984322593827215,6470.5,,,,,,,,,,,,,,,,,,,,,,,,,0.0102568769775072,0.518379558743026,6470.5,,,0,0
56,Male,hhd,2025,Indonesia,0.00769907345678514,0.0147317662209651,0.0142888195252237,0.00152100335916516,0.000442946695741402,1334856,,,,,,,,,,,,,,,,,,,,,,,,,0.000675153575748559,0.290351124828515,1334856,,,0,0
58,Male,ihd,2007,Indonesia,0.0104348116053394,0.019162425803774,0.0160523489579318,0.055527018923166,0.00311007684584223,692903.5,,,,,,,,,,,,,,,,,,,,,,,,,0.00979991251189455,0.0706695895222972,692903.5,,,0,0
53,Male,dm2,2007,Indonesia,0.00733407217561114,0.0129968923108885,0.0123919709077734,0.0923739936607896,0.00060492140311516,962434,,,,,,,,,,,,,,,,,,,,,,,,,0.00584574414420173,0.00769319615010821,962434,,,0,0
4,Female,dm2,2038,Indonesia,0.000584966549668688,0.00082677260532276,0.00082677260532276,0,0,2322292,,,,,,,,,,,,,,,,,,,,,,,,,0,0,2322292,,,0,0
38,Female,hstroke,2022,Indonesia,0.00175382182570099,0.00259979698692072,0.00232041733059989,0.00460312115465044,0.000279379656320828,2053111,,,,,,,,,,,,,,,,,,,,,,,,,0.000855301644648621,0.0614435759054782,2053111,,,0,0
47,Female,cmd,2044,Indonesia,0.00291398214823219,0.00510657852283932,0.00509033760630704,0.0001453331182679,1.62409165322775e-05,1782531.5,,,,,,,,,,,,,,,,,,,,,,,,,2.42418153700768e-05,0.145375696425413,1782531.5,,,0,0
90,Female,hhd,2013,Indonesia,0.0622577897915114,0.11099656740721,0.106763077415978,0.0352586932765237,0.0042334899912313,25952,,,,,,,,,,,,,,,,,,,,,,,,,0.00504559845385672,0.120113817895501,25952,,,0,0
64,Male,dm2,2025,Indonesia,0.0138685061114557,0.026770373668407,0.0249929160967277,0.14356089314114,0.00177745757167933,822687.5,,,,,,,,,,,,,,,,,,,,,,,,,0.00935837402645229,0.0203044694817803,822687.5,,,0,0
34,Female,hstroke,2027,Indonesia,0.00133875995798846,0.00197012986281344,0.00181147513603283,0.00377726803714368,0.000158654726780612,2082722.5,,,,,,,,,,,,,,,,,,,,,,,,,0.000428022354615386,0.0884605239303867,2082722.5,,,0,0
72,Male,cmd,2001,Indonesia,0.0289611396615264,0.0541234435721622,0.0539453498446883,0.0009853773714008,0.000178093727473847,298175,,,,,,,,,,,,,,,,,,,,,,,,,0.000437400044423354,0.131808400271087,298175,,,0,0
94,Female,rhd,2001,Indonesia,0.11195085729588,0.194354257516493,0.194199834258871,0.00127766245513473,0.00015442325762246,3643.5,,,,,,,,,,,,,,,,,,,,,,,,,0.000140657274092964,0.142075064117766,3643.5,,,0,0
34,Male,hhd,2013,Indonesia,0.0019032146339259,0.00250120084567763,0.00247752117476273,0.00021883864621226,2.36796709149004e-05,2090106,,,,,,,,,,,,,,,,,,,,,,,,,4.90001290613204e-05,0.171449590054346,2090106,,,0,0
73,Male,hhd,2017,Indonesia,0.0253633307828373,0.0490293486127318,0.0473302492500691,0.015735701532978,0.00169909936266269,375344.5,,,,,,,,,,,,,,,,,,,,,,,,,0.00185017090421194,0.127553291462898,375344.5,,,0,0
5,Male,cmd,2029,Indonesia,0.000638346080358367,0.000934175984749787,0.000932682303114114,0.0002046696816153,1.49368163567324e-06,2482047,,,,,,,,,,,,,,,,,,,,,,,,,2.97069228070868e-06,0.008288793733637,2482047,,,0,0
1,Male,rhd,2017,Indonesia,0.00250600570593008,0.00251406491901564,0.0025125740806637,5.03844572975e-05,1.49083835193821e-06,2421330.5,,,,,,,,,,,,,,,,,,,,,,,,,4.05566369253227e-05,0.0412077077049987,2421330.5,,,0,0
34,Female,hstroke,2043,Indonesia,0.00120380636250529,0.00197012986281344,0.00181147513603283,0.00377726803714368,0.000158654726780612,2082722.5,,,,,,,,,,,,,,,,,,,,,,,,,0.000428022354615386,0.0948314828026361,2082722.5,,,0,0
29,Female,ihd,2028,Indonesia,0.00104062786905321,0.00146179674327725,0.00133747275229258,0.0051621387459731,0.000124323990984675,2060492.5,,,,,,,,,,,,,,,,,,,,,,,,,0.000783017399694781,0.0502001706966763,2060492.5,,,0,0
12,Male,rhd,2035,Indonesia,0.00039105817089012,0.000560802730303254,0.000550778942594919,0.0016897737421149,1.00237877083349e-05,2422836.5,,,,,,,,,,,,,,,,,,,,,,,,,0.000296903819603237,0.00531316022610039,2422836.5,,,0,0
36,Female,istroke,2021,Indonesia,0.00152376181939485,0.00217587742146783,0.00214436255775046,0.0041098718243522,3.15148637173626e-05,2096348,,,,,,,,,,,,,,,,,,,,,,,,,0.00031121410648074,0.0128850830666517,2096348,,,0,1.65516730485952e-05
15,Female,cmd,2012,Indonesia,0.000823895719718698,0.000913666801883727,0.000909836252866473,0.00015838474759932,3.83054901725357e-06,2207822,,,,,,,,,,,,,,,,,,,,,,,,,5.76898739192944e-06,0.0355086460205504,2207822,,,0,0
26,Male,dm2,2017,Indonesia,0.0014958555215693,0.00170441230642032,0.00169236691945272,0.0222903896411569,1.20453869675958e-05,2176309.5,,,,,,,,,,,,,,,,,,,,,,,,,0.00297943128013535,0.000806356867333363,2176309.5,,,0,0
90,Male,istroke,2035,Indonesia,0.0784470174141353,0.13937492972152,0.123873900146383,0.0937268115969968,0.0155010295751361,19539.5,,,,,,,,,,,,,,,,,,,,,,,,,0.0169275250818703,0.177555465979726,19539.5,,,0,0
62,Male,cmd,2046,Indonesia,0.0107907216789323,0.0240872282221583,0.0240127380666056,0.000270496051689,7.44901555527382e-05,952742.5,,,,,,,,,,,,,,,,,,,,,,,,,9.01195624319003e-05,0.381622238848853,952742.5,,,0,0
62,Female,rhd,2043,Indonesia,0.00657673756042896,0.0144378539692187,0.0144020180695143,0.004885927742817,3.58358997044011e-05,1028701.5,,,,,,,,,,,,,,,,,,,,,,,,,4.87549424258972e-05,0.00566908735054247,1028701.5,,,0,0
6,Male,cmd,2035,Indonesia,0.000447833214024387,0.000757869520829757,0.000756595694722372,0.00020061705743185,1.27382610738568e-06,2531212,,,,,,,,,,,,,,,,,,,,,,,,,3.41002195900675e-06,0.00799799056955428,2531212,,,0,0
68,Female,dm2,2023,Indonesia,0.0103981437466505,0.0209537216178136,0.0194647207038319,0.155204715793609,0.00148900091398168,674288,,,,,,,,,,,,,,,,,,,,,,,,,0.0106409514007103,0.0092401521095125,674288,,,0,0
42,Male,rhd,2017,Indonesia,0.00247531984883326,0.00391078492696432,0.00389323924727662,0.0069232187279198,1.75456796876999e-05,1909122.5,,,,,,,,,,,,,,,,,,,,,,,,,2.87419797095566e-05,0.00294063825488589,1909122.5,,,0,0
28,Female,rhd,2022,Indonesia,0.00106180680690342,0.00136093488964998,0.00133291470893645,0.00823700960239876,2.80201807135313e-05,2066333.5,,,,,,,,,,,,,,,,,,,,,,,,,0.000207021899104444,0.00405195919930105,2066333.5,,,0,0
17,Female,istroke,2008,Indonesia,0.00113642548284655,0.00126664895596917,0.00125962320893107,0.0013683545241779,7.02574703810457e-06,2104240.5,,,,,,,,,,,,,,,,,,,,,,,,,0.000135320785848691,0.00714332311619187,2104240.5,,,0,0
63,Male,dm2,2040,Indonesia,0.0118378275809673,0.0254288009452827,0.0237919921145326,0.141301687154283,0.00163680883075011,887925.5,,,,,,,,,,,,,,,,,,,,,,,,,0.00930252257187844,0.0189406602635823,887925.5,,,0,0
48,Female,dm2,2008,Indonesia,0.00335838280942431,0.00558331833075113,0.00539305907038725,0.0722918231718802,0.000190259260363879,1324508.5,,,,,,,,,,,,,,,,,,,,,,,,,0.0055988241514694,0.00297183589998556,1324508.5,,,0,0
83,Male,hstroke,2014,Indonesia,0.0511183479118311,0.0933711566446627,0.0859689978427743,0.00866991836686222,0.00740215880188837,97211.5,,,,,,,,,,,,,,,,,,,,,,,,,0.00858904007616631,0.909031002157226,97211.5,,,0,0
20,Female,ihd,2024,Indonesia,0.000929746105772543,0.00110693761571382,0.0010492490757429,0.0018874798043011,5.76885399709193e-05,2208930,,,,,,,,,,,,,,,,,,,,,,,,,0.000545822737914813,0.0413182065101579,2208930,,,0,0
33,Male,dm2,2006,Indonesia,0.00193748908328058,0.00240869991681967,0.0023748175856347,0.0365133886114283,3.38823311849754e-05,1921926,,,,,,,,,,,,,,,,,,,,,,,,,0.00248772755049685,0.00110330415359807,1921926,,,0,0
70,Male,rhd,2050,Indonesia,0.0184812162456199,0.0394893556060131,0.039465803500581,0.00291059125570738,2.35521054320936e-05,475041.5,,,,,,,,,,,,,,,,,,,,,,,,,3.94788724425982e-05,0.00308899203295431,475041.5,,,0,0
66,Male,cmd,2047,Indonesia,0.0134173662994008,0.0294535191146557,0.029376036297399,0.00049245009343204,7.74828172567253e-05,694051.5,,,,,,,,,,,,,,,,,,,,,,,,,0.000140327393549923,0.136843781708257,694051.5,,,0,0
15,Female,ihd,2025,Indonesia,0.000618818510441209,0.000787194973010395,0.000758529265469512,0.00059142502799808,2.86657075408828e-05,2175274,,,,,,,,,,,,,,,,,,,,,,,,,0.000270284910895443,0.0519616845484195,2175274,,,0,0
52,Female,hstroke,2009,Indonesia,0.00418356797517653,0.00738345122415197,0.00593186643727587,0.0095604776398773,0.0014515847868761,1145966,,,,,,,,,,,,,,,,,,,,,,,,,0.00188344938935194,0.149182166017111,1145966,,,0,0
31,Male,rhd,2009,Indonesia,0.00187095983805336,0.0022746916711276,0.00225418849619097,0.0073032507510162,2.05031749366285e-05,2067492.5,,,,,,,,,,,,,,,,,,,,,,,,,6.62909230751465e-05,0.0018940387574171,2067492.5,,,0,0
28,Male,dm2,2039,Indonesia,0.00176796604994349,0.00174610114003564,0.00172851287749814,0.0282261848520973,1.75882625374992e-05,2167667,,,,,,,,,,,,,,,,,,,,,,,,,0.00379930057642932,0.000857793953041812,2167667,,,0,0
86,Male,hhd,2017,Indonesia,0.0595323271206961,0.105126909636563,0.101935059857272,0.0270112013761441,0.00319184977929107,56049.5,,,,,,,,,,,,,,,,,,,,,,,,,0.00293339082202126,0.089900886557669,56049.5,,,0,0
41,Female,rhd,2007,Indonesia,0.00238617296166029,0.00339928668804259,0.00334367183577745,0.00874265399896026,5.56148522651387e-05,1640136.5,,,,,,,,,,,,,,,,,,,,,,,,,8.1957725175257e-05,0.0105920202137252,1640136.5,,,0,0
82,Male,hhd,2048,Indonesia,0.0407462169853081,0.08231293384454,0.0795905881431484,0.0239328897383468,0.00272234570139159,138725.5,,,,,,,,,,,,,,,,,,,,,,,,,0.00266568039750355,0.165246376183139,138725.5,,,0,0
23,Male,dm2,2018,Indonesia,0.00147150247167115,0.00161952076426138,0.00161127787287866,0.0163671042757058,8.24289138271795e-06,2240429.5,,,,,,,,,,,,,,,,,,,,,,,,,0.00160383133538492,0.000614331869091706,2240429.5,,,0,0
1,Male,ihd,2048,Indonesia,0.00110124580251165,0.00230042957733526,0.00230042957733526,0,0,2340024.5,,,,,,,,,,,,,,,,,,,,,,,,,0,0,2340024.5,,,0,0
5,Female,dm2,2006,Indonesia,0.00133768392529636,0.00135304413834147,0.00135304413834147,0,0,2163964,,,,,,,,,,,,,,,,,,,,,,,,,0,0,2163964,,,0,0
73,Female,hstroke,2021,Indonesia,0.0152822073399809,0.0302510461167055,0.0259248086485534,0.00952493138863962,0.00432623746815209,522148.5,,,,,,,,,,,,,,,,,,,,,,,,,0.00264433531806059,0.478348225304477,522148.5,,,0,0.00427387488545008
53,Female,hstroke,2020,Indonesia,0.0039101653870847,0.00748136705761312,0.00610628705961792,0.00871072710326298,0.0013750799979952,1540073.5,,,,,,,,,,,,,,,,,,,,,,,,,0.0018563783635468,0.179909744404058,1540073.5,,,0,1.4027668397381e-05
69,Female,ihd,2044,Indonesia,0.0103641800392432,0.022878694854077,0.019449710589842,0.0702399589626055,0.00342898426423495,615924.5,,,,,,,,,,,,,,,,,,,,,,,,,0.0104666095001548,0.0457460905494581,615924.5,,,0,0
12,Male,hhd,2039,Indonesia,0.000363622567856004,0.000560802730303254,0.000560802730303254,0,0,2422836.5,,,,,,,,,,,,,,,,,,,,,,,,,0,0,2422836.5,,,0,0
65,Male,hhd,2012,Indonesia,0.0164351822488083,0.0313968508102404,0.0303836727880363,0.00678096203023508,0.00101317802220407,569841,,,,,,,,,,,,,,,,,,,,,,,,,0.00238284980228711,0.261827649858277,569841,,,0,0
74,Female,hstroke,2035,Indonesia,0.0152109909078533,0.031848477670544,0.0273895855940278,0.00970397079528764,0.00445889207651617,490173,,,,,,,,,,,,,,,,,,,,,,,,,0.00272860949210424,0.462086380585811,490173,,,0,0
58,Female,istroke,2025,Indonesia,0.00506399644136344,0.0103031384727559,0.00986123041456783,0.0202126375580702,0.000441908058188067,1266478,,,,,,,,,,,,,,,,,,,,,,,,,0.00291663294911972,0.0262300785000024,1266478,,,0,0
40,Male,ihd,2037,Indonesia,0.00217675377317889,0.00332854176791041,0.00279913313851644,0.015403256025559,0.000529408629393965,2054920,,,,,,,,,,,,,,,,,,,,,,,,,0.0020752214678558,0.034866523450057,2054920,,,0,0
30,Female,dm2,2047,Indonesia,0.000930208714120069,0.00156265859690452,0.00154753062817788,0.0277202262470147,1.51279687266426e-05,2066375.5,,,,,,,,,,,,,,,,,,,,,,,,,0.00354409595883191,0.000634056570409396,2066375.5,,,0,0
10,Male,ihd,2044,Indonesia,0.00031804713288239,0.000569106860945843,0.000569106860945843,0,0,2435751.5,,,,,,,,,,,,,,,,,,,,,,,,,0,0,2435751.5,,,0,0
84,Male,hstroke,2038,Indonesia,0.0490672581559891,0.0928460067177343,0.0863684602239002,0.00814886626877706,0.00647754649383403,94807.5,,,,,,,,,,,,,,,,,,,,,,,,,0.00814342252855776,1.04475166705583,94807.5,,,0,0
44,Female,ihd,2006,Indonesia,0.00278780235861716,0.00420657974670447,0.00374882024652332,0.0156260826013392,0.000457759500181149,1443866,,,,,,,,,,,,,,,,,,,,,,,,,0.0012286885950956,0.0393242994475988,1443866,,,0,0
90,Male,dm2,2045,Indonesia,0.0761476494638921,0.13937492972152,0.131983373496091,0.114456254048122,0.00739155622542828,19539.5,,,,,,,,,,,,,,,,,,,,,,,,,0.011877254663823,0.0403872207716778,19539.5,,,0,0
15,Male,dm2,2045,Indonesia,0.000695043456482443,0.000959453215192784,0.000956971027679451,0.00347922123786768,2.48218751333278e-06,2293433.5,,,,,,,,,,,,,,,,,,,,,,,,,0.00126260722165951,0.000305692069815802,2293433.5,,,0,0
41,Female,dm2,2037,Indonesia,0.00218235421463163,0.00356293434529783,0.00349415640147173,0.0560919522316615,6.87779438261009e-05,1968152,,,,,,,,,,,,,,,,,,,,,,,,,0.00674783354805226,0.001776908628897,1968152,,,0,0
7,Male,dm2,2049,Indonesia,0.000271465935994455,0.000581563056909728,0.000581563056909728,0,0,2555431.5,,,,,,,,,,,,,,,,,,,,,,,,,0,0,2555431.5,,,0,0
8,Female,hhd,2019,Indonesia,0.000478096828757208,0.000491470910493677,0.000491470910493677,0,0,2387736,,,,,,,,,,,,,,,,,,,,,,,,,0,0,2387736,,,0,0
87,Male,hstroke,2016,Indonesia,0.0629469385546627,0.111005423719381,0.10326433627086,0.0088790866287812,0.00774108744852082,41780.5,,,,,,,,,,,,,,,,,,,,,,,,,0.00546484519682176,0.553817565901184,41780.5,,,0,0
44,Male,istroke,2030,Indonesia,0.00340033191414077,0.0051997810260836,0.00509886872290067,0.0101518148579371,0.000100912303182932,1892981,,,,,,,,,,,,,,,,,,,,,,,,,0.000827306520537368,0.00878744064498368,1892981,,,0,0
36,Male,ihd,2005,Indonesia,0.00205966089194793,0.00269617694204896,0.00243461575829,0.0109674194055338,0.000261561183758954,1787396,,,,,,,,,,,,,,,,,,,,,,,,,0.00204570860419115,0.0337825448435024,1787396,,,0,0
34,Male,dm2,2048,Indonesia,0.00176186604344002,0.00230145604033437,0.00225676861884943,0.0441067952329093,4.46874214849371e-05,2168702,,,,,,,,,,,,,,,,,,,,,,,,,0.00324413155932723,0.00125413198716495,2168702,,,0,0
30,Female,hstroke,2026,Indonesia,0.00111960449150496,0.00156265859690452,0.00146999488644802,0.0031231232414342,9.26637104565019e-05,2066375.5,,,,,,,,,,,,,,,,,,,,,,,,,0.000279320147725625,0.0629350833415925,2066375.5,,,0,0
70,Female,rhd,2015,Indonesia,0.0123604871488626,0.0263014583628243,0.0262638520910606,0.00370876250021168,3.76062717636415e-05,578088.5,,,,,,,,,,,,,,,,,,,,,,,,,3.33047134956312e-05,0.00652066119790825,578088.5,,,0,0
60,Female,hhd,2008,Indonesia,0.00699266607695835,0.0134615031933167,0.0130961589043123,0.00252928684832698,0.000365344289004379,736056.5,,,,,,,,,,,,,,,,,,,,,,,,,0.000788715324631628,0.113826845777143,736056.5,,,0,0
8,Female,dm2,2032,Indonesia,0.000344446980619561,0.000491470910493677,0.000491470910493677,0,0,2387736,,,,,,,,,,,,,,,,,,,,,,,,,0,0,2387736,,,0,0
59,Female,hstroke,2045,Indonesia,0.00504515405948181,0.0113368173468716,0.00923889196645577,0.0093363557175765,0.00209792538041583,1208539,,,,,,,,,,,,,,,,,,,,,,,,,0.00342124581283895,0.188804339396207,1208539,,,0,0
8,Male,istroke,2001,Indonesia,0.00105106718461593,0.00106725973919394,0.00106659452417596,0.00080272807642994,6.6521501798459e-07,2246500.5,,,,,,,,,,,,,,,,,,,,,,,,,6.94279787703099e-05,0.000810647997702353,2246500.5,,,0,0
68,Female,hhd,2026,Indonesia,0.0102304424551673,0.0209537216178136,0.0202408297271717,0.00982885710636352,0.000712891890641896,674288,,,,,,,,,,,,,,,,,,,,,,,,,0.00121935489529824,0.126487577912271,674288,,,0,0
20,Male,hhd,2000,Indonesia,0.00165158156794427,0.00176528234849068,0.00176332849914637,5.643805868946e-05,1.95384934431597e-06,2196064.5,,,,,,,,,,,,,,,,,,,,,,,,,1.40275128309257e-05,0.0470176080110403,2196064.5,,,0,0
30,Male,ihd,2007,Indonesia,0.0017982777089278,0.00214142956275913,0.00199189149593397,0.00637475006800918,0.000149538066825162,2037324,,,,,,,,,,,,,,,,,,,,,,,,,0.000623765419464218,0.0263310800596064,2037324,,,0,0
72,Female,hhd,2006,Indonesia,0.0160509783353999,0.0326528343058709,0.0315823223739406,0.0144997327813038,0.00107051193193035,436121,,,,,,,,,,,,,,,,,,,,,,,,,0.00215144127464223,0.0435347904703825,436121,,,0,0
82,Male,dm2,2000,Indonesia,0.0542452647680574,0.0984006978629236,0.0945664150688462,0.102518930972327,0.00383428279407735,65436.5,,,,,,,,,,,,,,,,,,,,,,,,,0.00270795373210475,0.0190213708841388,65436.5,,,0,0
59,Male,istroke,2016,Indonesia,0.0100263654996574,0.0198369262955818,0.0188225654243027,0.0363835851073294,0.00101436087127912,1015779,,,,,,,,,,,,,,,,,,,,,,,,,0.00512638619884151,0.0372128020812695,1015779,,,0,0
74,Male,rhd,2043,Indonesia,0.0240089999864669,0.0493901845774229,0.0493651199016045,0.00250739796500294,2.50646758183532e-05,353983.5,,,,,,,,,,,,,,,,,,,,,,,,,4.344807141188e-05,0.0043940994726506,353983.5,,,0,0
7,Male,rhd,2041,Indonesia,0.000317485119524161,0.000581563056909728,0.000578411357394444,0.0008419074580781,3.15169951528368e-06,2555431.5,,,,,,,,,,,,,,,,,,,,,,,,,0.000162864294408345,0.00440354961498863,2555431.5,,,0,0
17,Male,hhd,2024,Indonesia,0.00120547260218346,0.00122522020511914,0.00122443240114593,2.72039232838e-05,7.8780397320929e-07,2264664,,,,,,,,,,,,,,,,,,,,,,,,,8.4266066980057e-06,0.0706188985028882,2264664,,,0,0
10,Male,dm2,2025,Indonesia,0.000478984939678497,0.000569106860945843,0.000569106860945843,0,0,2435751.5,,,,,,,,,,,,,,,,,,,,,,,,,0,0,2435751.5,,,0,0
0,Female,dm2,2033,Indonesia,0.0182949337200884,0.0178217508860996,0.0178217508860996,0,0,2206294,,,,,,,,,,,,,,,,,,,,,,,,,0,0,2206294,,,0,0
87,Male,ihd,2000,Indonesia,0.0708730530463506,0.122548890913584,0.10566266786852,0.116217386579585,0.0168862230450643,21565,,,,,,,,,,,,,,,,,,,,,,,,,0.0148517441134151,0.134179724849028,21565,,,0,0
88,Male,dm2,2000,Indonesia,0.0778273966093535,0.13378688199981,0.128965323886445,0.088486337124484,0.00482155811336526,16171.5,,,,,,,,,,,,,,,,,,,,,,,,,0.0075358426648999,0.0361076670448023,16171.5,,,0,0
90,Male,dm2,2019,Indonesia,0.0819648771389288,0.13937492972152,0.131983373496091,0.114456254048122,0.00739155622542828,19539.5,,,,,,,,,,,,,,,,,,,,,,,,,0.011877254663823,0.0449021812863511,19539.5,,,0,0
67,Female,hstroke,2042,Indonesia,0.00863600782352689,0.0190287483815503,0.0153733513663992,0.0091331407855812,0.00365539701515111,730291.5,,,,,,,,,,,,,,,,,,,,,,,,,0.00400668993011492,0.533310299440535,730291.5,,,0,0
58,Female,rhd,2003,Indonesia,0.00578367440855503,0.0104699943797247,0.0104138826906186,0.00553583067871502,5.61116891061155e-05,746917,,,,,,,,,,,,,,,,,,,,,,,,,6.50399752252447e-05,0.0126504327168418,746917,,,0,0
38,Male,istroke,2011,Indonesia,0.00222185963691898,0.00309934303262879,0.00306354204376566,0.00624664124527016,3.58009888631377e-05,1893106.5,,,,,,,,,,,,,,,,,,,,,,,,,0.000886069098644011,0.00807141641136844,1893106.5,,,0,0
63,Male,hstroke,2019,Indonesia,0.0129435080982396,0.0254288009452827,0.0216238062776979,0.00936776408273268,0.00380499466758475,887925.5,,,,,,,,,,,,,,,,,,,,,,,,,0.00651115163449952,0.315261307528199,887925.5,,,0,0
52,Male,hstroke,2023,Indonesia,0.00636925801188486,0.0113872528262715,0.00956068305861672,0.0078588003125179,0.00182656976765481,1571604,,,,,,,,,,,,,,,,,,,,,,,,,0.00353062911476753,0.447638701505165,1571604,,,0,0
70,Male,cmd,2040,Indonesia,0.0193632140069337,0.0394893556060131,0.0393825077167688,0.00075748303471466,0.000106847889244347,475041.5,,,,,,,,,,,,,,,,,,,,,,,,,0.000288535483263252,0.132081161793696,475041.5,,,0,0
54,Female,rhd,2029,Indonesia,0.00384423322397835,0.00792839019286989,0.00789053818798881,0.00627261226394638,3.78520048810826e-05,1483380,,,,,,,,,,,,,,,,,,,,,,,,,5.44207858292837e-05,0.00539579480126317,1483380,,,0,0
34,Female,hhd,2012,Indonesia,0.00157074809033537,0.00203068923083376,0.00201406191457658,0.00023936173007768,1.66273162571809e-05,2004570.5,,,,,,,,,,,,,,,,,,,,,,,,,7.83269488453832e-05,0.11207543531301,2004570.5,,,0,0
31,Female,dm2,2027,Indonesia,0.00116258657954718,0.00166352045053179,0.00164641263990345,0.0296737145218336,1.71078106283385e-05,2050287,,,,,,,,,,,,,,,,,,,,,,,,,0.00374229824726186,0.000648511788819071,2050287,,,0,0
4,Female,istroke,2008,Indonesia,0.00142142476638297,0.00143572217101252,0.00143431822243744,0.000379636997895025,1.40394857508078e-06,2192193.5,,,,,,,,,,,,,,,,,,,,,,,,,5.51587150964658e-05,0.00202525669469311,2192193.5,,,0,0
56,Male,cmd,2012,Indonesia,0.00856796064874809,0.0161781655806786,0.0161175100533929,0.00019025772446224,6.06555272857342e-05,1021355.5,,,,,,,,,,,,,,,,,,,,,,,,,5.19304895863675e-05,0.334611823093123,1021355.5,,,0,0
91,Male,dm2,2004,Indonesia,0.0985783633833602,0.165694268296221,0.159594493948098,0.0838754326979945,0.00609977434812322,6918,,,,,,,,,,,,,,,,,,,,,,,,,0.00984659818482607,0.0430595908514591,6918,,,0,0
86,Female,ihd,2020,Indonesia,0.0429511453403905,0.0780022436905919,0.0681771710215663,0.115925046954271,0.00982507266902557,109253,,,,,,,,,,,,,,,,,,,,,,,,,0.0136009496246834,0.0579227342151696,109253,,,0,0.00373386646843608
91,Male,ihd,2012,Indonesia,0.0927635904907356,0.156002023507816,0.133215363691472,0.128567556494026,0.0227866598163442,9239,,,,,,,,,,,,,,,,,,,,,,,,,0.0443570731463011,0.214062744901005,9239,,,0,0
9,Female,ihd,2030,Indonesia,0.000336235336411482,0.00047736126063347,0.00047736126063347,0,0,2339741.5,,,,,,,,,,,,,,,,,,,,,,,,,0,0,2339741.5,,,0,0
83,Female,cmd,2007,Indonesia,0.0360728602078192,0.069885241035461,0.0695615260223245,0.0025970590178302,0.000323715013136442,105391.5,,,,,,,,,,,,,,,,,,,,,,,,,0.000633575537154235,0.117487362781382,105391.5,,,0,0
33,Male,cmd,2037,Indonesia,0.00180603365182049,0.00220085447352597,0.00218616842482657,0.00018550428497826,1.46860486993919e-05,2128999,,,,,,,,,,,,,,,,,,,,,,,,,3.40755033922618e-05,0.0727717876242245,2128999,,,0,0
35,Female,cmd,2005,Indonesia,0.00163436999283997,0.0020602470326822,0.00205253423892259,0.00011891355772082,7.71279375960793e-06,1813039.5,,,,,,,,,,,,,,,,,,,,,,,,,1.14825701270353e-05,0.0450206988010932,1813039.5,,,0,0
92,Female,hstroke,2019,Indonesia,0.0729614111862234,0.125215360474127,0.116946921056741,0.0155691458620516,0.00826843941738599,20467,,,,,,,,,,,,,,,,,,,,,,,,,0.0123896978254986,0.690973912805135,20467,,,0,0
11,Male,hhd,2046,Indonesia,0.000315512873627211,0.000564954795624549,0.000564954795624549,0,0,2434486.5,,,,,,,,,,,,,,,,,,,,,,,,,0,0,2434486.5,,,0,0
52,Male,cmd,2017,Indonesia,0.00618494255153456,0.0117357106133005,0.0116876199767043,0.0002272202472538,4.80906365962216e-05,1484178.5,,,,,,,,,,,,,,,,,,,,,,,,,4.6711221329339e-05,0.191308489342671,1484178.5,,,0,0
88,Male,rhd,2036,Indonesia,0.0656159306400192,0.11888872059219,0.118844612702,0.00140943177564706,4.41078901907161e-05,35805.5,,,,,,,,,,,,,,,,,,,,,,,,,0.00010428886645088,0.0173024694401362,35805.5,,,0,0
55,Male,hstroke,2021,Indonesia,0.00753080409561006,0.0138956378722917,0.011658328157459,0.00844695234677182,0.00223730971483275,1392878.5,,,,,,,,,,,,,,,,,,,,,,,,,0.00206741000451461,0.380933901646933,1392878.5,,,0,0.000315168388633137
46,Female,rhd,2034,Indonesia,0.00284559952040997,0.00486205884455616,0.00482066504800998,0.00777973490471104,4.13937965461805e-05,1819791.5,,,,,,,,,,,,,,,,,,,,,,,,,3.35216569519709e-05,0.004780971328148,1819791.5,,,0,0
35,Male,dm2,2020,Indonesia,0.00188869530804604,0.00240205760714277,0.00235166113220501,0.0470303707061615,5.03964749377634e-05,2186798.5,,,,,,,,,,,,,,,,,,,,,,,,,0.00450759290074188,0.0011272159472815,2186798.5,,,0,3.74155904758039e-06
49,Male,ihd,2023,Indonesia,0.00535116613339074,0.00892371646222415,0.00719860266600127,0.0299193316043667,0.00172511379622288,1714970,,,,,,,,,,,,,,,,,,,,,,,,,0.00378108448418002,0.082578166223647,1714970,,,0,0
