location,year,gni_pc_usa,iso3,gni_pc_ppp,who_region,scenario,scenario_label,intervention_family,htn_target_scenario,deaths_baseline,deaths_intervention,deaths_averted,life_years_gained_undisc,life_years_gained_disc,avg_age_of_death_averted,population,age_ref_5y,adult_population,avg_adult_age,le_avg_adult,le_avg_adult_disc,total_national_gni,vsl_preferred,vsl_transfer_prefloor,vsl_floor,vsl_gni100,vsl_gni160,vsl_e1_0,vsl_e1_5,vsl_e1_2,vsl_preferred_gni_ratio,vsly_preferred,vsly_gni100,vsly_gni160,vsly_e1_0,vsly_e1_2,vsly_e1_5,economic_value_preferred,economic_value_gni100,economic_value_gni160,economic_value_e1_0,economic_value_e1_2,economic_value_e1_5,vsly_value_preferred,vsly_value_gni100,vsly_value_gni160,vsly_value_e1_0,vsly_value_e1_2,vsly_value_e1_5,disc_bca_primary,disc_bca_3pct,disc_bca_2xg,disc_r1,disc_r3,disc_r5,gni_pc_disc_r3,economic_value_preferred_disc,vsly_value_preferred_disc,economic_value_e1_2_disc_r3,vsly_value_e1_2_disc_r3,economic_value_e1_5_disc_r3,vsly_value_e1_5_disc_r3,bca_base_year,bca_currency_basis,bca_price_year,bca_standing,bca_scope,cost_to_bca_currency_factor
Indonesia,2025,74136.3707949527,IDN,13851.4910785419,South-East Asia,I_PH_TOBACCO_POLICY,Tobacco policy package,public_health,htncov2_aspirational,959793.497483951,959793.497483951,2.43056658133511e-10,7.19933224146985e-09,4.4049321724811e-09,47.6251506930596,285721235.5,37,197565112.5,37.3332701313852,37.51,22.3343018138425,3957665144478.22,957963.829726182,957963.829726182,277029.821570838,1385149.10785419,2216238.5725667,2216238.5725667,957963.829726182,1584563.14368642,69.1596178558867,25538.8917548969,36927.4622195199,59083.9395512318,59083.9395512318,42243.752164394,25538.8917548969,0.000232839487066026,0.000336669713171654,0.000538671541074647,0.000538671541074647,0.000385138622305952,0.000232839487066026,0.000183862966822438,0.000265853069352649,0.000425364910964238,0.000425364910964239,0.000304126806957784,0.000183862966822438,1,1,1,1,1,1,13851.4910785419,0.000232839487066026,0.000183862966822438,0.000385138622305952,0.000304126806957784,0.000232839487066026,0.000183862966822438,2025,PPP_international_dollars,2023,societal,partial_mortality_benefit,3
Indonesia,2025,74136.3707949527,IDN,13851.4910785419,South-East Asia,I_PH_TOBACCO_TAX,Tobacco tax,public_health,htncov2_aspirational,959793.497483951,959793.497483951,2.43056658133511e-10,7.19933224146985e-09,4.4049321724811e-09,47.6251506930596,285721235.5,37,197565112.5,37.3332701313852,37.51,22.3343018138425,3957665144478.22,957963.829726182,957963.829726182,277029.821570838,1385149.10785419,2216238.5725667,2216238.5725667,957963.829726182,1584563.14368642,69.1596178558867,25538.8917548969,36927.4622195199,59083.9395512318,59083.9395512318,42243.752164394,25538.8917548969,0.000232839487066026,0.000336669713171654,0.000538671541074647,0.000538671541074647,0.000385138622305952,0.000232839487066026,0.000183862966822438,0.000265853069352649,0.000425364910964238,0.000425364910964239,0.000304126806957784,0.000183862966822438,1,1,1,1,1,1,13851.4910785419,0.000232839487066026,0.000183862966822438,0.000385138622305952,0.000304126806957784,0.000232839487066026,0.000183862966822438,2025,PPP_international_dollars,2023,societal,partial_mortality_benefit,3
Indonesia,2025,74136.3707949527,IDN,13851.4910785419,South-East Asia,I_PH_TOB_AD_BAN,Tobacco advertising ban,public_health,htncov2_aspirational,959793.497483951,959793.497483951,2.43056658133511e-10,7.19933224146985e-09,4.4049321724811e-09,47.6251506930596,285721235.5,37,197565112.5,37.3332701313852,37.51,22.3343018138425,3957665144478.22,957963.829726182,957963.829726182,277029.821570838,1385149.10785419,2216238.5725667,2216238.5725667,957963.829726182,1584563.14368642,69.1596178558867,25538.8917548969,36927.4622195199,59083.9395512318,59083.9395512318,42243.752164394,25538.8917548969,0.000232839487066026,0.000336669713171654,0.000538671541074647,0.000538671541074647,0.000385138622305952,0.000232839487066026,0.000183862966822438,0.000265853069352649,0.000425364910964238,0.000425364910964239,0.000304126806957784,0.000183862966822438,1,1,1,1,1,1,13851.4910785419,0.000232839487066026,0.000183862966822438,0.000385138622305952,0.000304126806957784,0.000232839487066026,0.000183862966822438,2025,PPP_international_dollars,2023,societal,partial_mortality_benefit,3
Indonesia,2025,74136.3707949527,IDN,13851.4910785419,South-East Asia,I_PH_TOB_CLEAN_AIR,Smoke-free / clean-air law,public_health,htncov2_aspirational,959793.497483951,959793.497483951,2.43056658133511e-10,7.19933224146985e-09,4.4049321724811e-09,47.6251506930596,285721235.5,37,197565112.5,37.3332701313852,37.51,22.3343018138425,3957665144478.22,957963.829726182,957963.829726182,277029.821570838,1385149.10785419,2216238.5725667,2216238.5725667,957963.829726182,1584563.14368642,69.1596178558867,25538.8917548969,36927.4622195199,59083.9395512318,59083.9395512318,42243.752164394,25538.8917548969,0.000232839487066026,0.000336669713171654,0.000538671541074647,0.000538671541074647,0.000385138622305952,0.000232839487066026,0.000183862966822438,0.000265853069352649,0.000425364910964238,0.000425364910964239,0.000304126806957784,0.000183862966822438,1,1,1,1,1,1,13851.4910785419,0.000232839487066026,0.000183862966822438,0.000385138622305952,0.000304126806957784,0.000232839487066026,0.000183862966822438,2025,PPP_international_dollars,2023,societal,partial_mortality_benefit,3
Indonesia,2025,74136.3707949527,IDN,13851.4910785419,South-East Asia,I_PH_TOB_MEDIA,Tobacco mass-media campaign,public_health,htncov2_aspirational,959793.497483951,959793.497483951,2.43056658133511e-10,7.19933224146985e-09,4.4049321724811e-09,47.6251506930596,285721235.5,37,197565112.5,37.3332701313852,37.51,22.3343018138425,3957665144478.22,957963.829726182,957963.829726182,277029.821570838,1385149.10785419,2216238.5725667,2216238.5725667,957963.829726182,1584563.14368642,69.1596178558867,25538.8917548969,36927.4622195199,59083.9395512318,59083.9395512318,42243.752164394,25538.8917548969,0.000232839487066026,0.000336669713171654,0.000538671541074647,0.000538671541074647,0.000385138622305952,0.000232839487066026,0.000183862966822438,0.000265853069352649,0.000425364910964238,0.000425364910964239,0.000304126806957784,0.000183862966822438,1,1,1,1,1,1,13851.4910785419,0.000232839487066026,0.000183862966822438,0.000385138622305952,0.000304126806957784,0.000232839487066026,0.000183862966822438,2025,PPP_international_dollars,2023,societal,partial_mortality_benefit,3
Indonesia,2025,74136.3707949527,IDN,13851.4910785419,South-East Asia,S_70_30_30_TO_70_70_70,70-30-30 -> 70-70-70 hypertension/cholesterol + diabetes cascade,cascade_70_30_30_to_70_70_70,htncov2_aspirational,959793.497483951,959793.497483951,0,0,0,,285721235.5,37,197565112.5,37.3332701313852,37.51,22.3343018138425,3957665144478.22,957963.829726182,957963.829726182,277029.821570838,1385149.10785419,2216238.5725667,2216238.5725667,957963.829726182,1584563.14368642,69.1596178558867,25538.8917548969,36927.4622195199,59083.9395512318,59083.9395512318,42243.752164394,25538.8917548969,0,0,0,0,0,0,0,0,0,0,0,0,1,1,1,1,1,1,13851.4910785419,0,0,0,0,0,0,2025,PPP_international_dollars,2023,societal,partial_mortality_benefit,3
Indonesia,2025,74136.3707949527,IDN,13851.4910785419,South-East Asia,S_70_30_30_TO_70_70_70_I_PH_TOBACCO_TAX,70-30-30 -> 70-70-70 cascade + tobacco tax,cascade_public_health,htncov2_aspirational,959793.497483951,959793.497483951,2.43056658133511e-10,7.19933224146985e-09,4.4049321724811e-09,47.6251506930596,285721235.5,37,197565112.5,37.3332701313852,37.51,22.3343018138425,3957665144478.22,957963.829726182,957963.829726182,277029.821570838,1385149.10785419,2216238.5725667,2216238.5725667,957963.829726182,1584563.14368642,69.1596178558867,25538.8917548969,36927.4622195199,59083.9395512318,59083.9395512318,42243.752164394,25538.8917548969,0.000232839487066026,0.000336669713171654,0.000538671541074647,0.000538671541074647,0.000385138622305952,0.000232839487066026,0.000183862966822438,0.000265853069352649,0.000425364910964238,0.000425364910964239,0.000304126806957784,0.000183862966822438,1,1,1,1,1,1,13851.4910785419,0.000232839487066026,0.000183862966822438,0.000385138622305952,0.000304126806957784,0.000232839487066026,0.000183862966822438,2025,PPP_international_dollars,2023,societal,partial_mortality_benefit,3
Indonesia,2025,74136.3707949527,IDN,13851.4910785419,South-East Asia,all_cascade_public_health,70-30-30 -> 70-70-70 cascade + all public-health interventions (combined),cascade_public_health,htncov2_aspirational,959793.497483951,959793.497483951,2.43056658133511e-10,7.19933224146985e-09,4.4049321724811e-09,47.6251506930596,285721235.5,37,197565112.5,37.3332701313852,37.51,22.3343018138425,3957665144478.22,957963.829726182,957963.829726182,277029.821570838,1385149.10785419,2216238.5725667,2216238.5725667,957963.829726182,1584563.14368642,69.1596178558867,25538.8917548969,36927.4622195199,59083.9395512318,59083.9395512318,42243.752164394,25538.8917548969,0.000232839487066026,0.000336669713171654,0.000538671541074647,0.000538671541074647,0.000385138622305952,0.000232839487066026,0.000183862966822438,0.000265853069352649,0.000425364910964238,0.000425364910964239,0.000304126806957784,0.000183862966822438,1,1,1,1,1,1,13851.4910785419,0.000232839487066026,0.000183862966822438,0.000385138622305952,0.000304126806957784,0.000232839487066026,0.000183862966822438,2025,PPP_international_dollars,2023,societal,partial_mortality_benefit,3
Indonesia,2025,74136.3707949527,IDN,13851.4910785419,South-East Asia,all_public_health,All selected public-health interventions (combined),public_health,htncov2_aspirational,959793.497483951,959793.497483951,2.43056658133511e-10,7.19933224146985e-09,4.4049321724811e-09,47.6251506930596,285721235.5,37,197565112.5,37.3332701313852,37.51,22.3343018138425,3957665144478.22,957963.829726182,957963.829726182,277029.821570838,1385149.10785419,2216238.5725667,2216238.5725667,957963.829726182,1584563.14368642,69.1596178558867,25538.8917548969,36927.4622195199,59083.9395512318,59083.9395512318,42243.752164394,25538.8917548969,0.000232839487066026,0.000336669713171654,0.000538671541074647,0.000538671541074647,0.000385138622305952,0.000232839487066026,0.000183862966822438,0.000265853069352649,0.000425364910964238,0.000425364910964239,0.000304126806957784,0.000183862966822438,1,1,1,1,1,1,13851.4910785419,0.000232839487066026,0.000183862966822438,0.000385138622305952,0.000304126806957784,0.000232839487066026,0.000183862966822438,2025,PPP_international_dollars,2023,societal,partial_mortality_benefit,3
Indonesia,2026,75186.4097436074,IDN,14370.1004216288,South-East Asia,I_PH_TOBACCO_POLICY,Tobacco policy package,public_health,htncov2_aspirational,980780.305058052,977238.882947913,3541.42211013835,59559.8955554133,43247.9640441042,63.9370312738754,287886782.5,37,199368163,37.3963393869462,37.5883,22.3597291321767,4136961974584.6,1005171.14667516,1005171.14667516,287402.008432575,1437010.04216288,2299216.0674606,2299216.0674606,1005171.14667516,1651368.04678308,69.9487906961494,26741.5963657616,38230.2482996804,61168.3972794886,61168.3972794886,43933.0335977706,26741.5963657616,3559735323.30852,5089059135.80645,8142494617.29032,8142494617.29032,5848191312.85358,3559735323.30852,1592726686.52978,2276989595.78648,3643183353.25837,3643183353.25837,2616646892.51568,1592726686.52978,0.970873786407767,0.970873786407767,0.930335220273297,0.99009900990099,0.970873786407767,0.952380952380952,13951.5538074066,3456053711.95002,1546336588.86387,5677855643.54716,2540433876.22881,3456053711.95002,1546336588.86387,2025,PPP_international_dollars,2023,societal,partial_mortality_benefit,3
Indonesia,2026,75186.4097436074,IDN,14370.1004216288,South-East Asia,I_PH_TOBACCO_TAX,Tobacco tax,public_health,htncov2_aspirational,980780.305058052,973033.97623741,7746.32882064202,130303.033841446,94611.1034545001,63.9329258464862,287886782.5,37,199368163,37.3963393869462,37.5883,22.3597291321767,4136961974584.6,1005171.14667516,1005171.14667516,287402.008432575,1437010.04216288,2299216.0674606,2299216.0674606,1005171.14667516,1651368.04678308,69.9487906961494,26741.5963657616,38230.2482996804,61168.3972794886,61168.3972794886,43933.0335977706,26741.5963657616,7786386223.16757,11131552305.1583,17810483688.2533,17810483688.2533,12792039894.2831,7786386223.16757,3484511136.22213,4981517337.96014,7970427740.73623,7970427740.73623,5724607563.64769,3484511136.22213,0.970873786407767,0.970873786407767,0.930335220273297,0.99009900990099,0.970873786407767,0.952380952380952,13951.5538074066,7559598274.91997,3383020520.60401,12419456208.0418,5557871421.01717,7559598274.91997,3383020520.60401,2025,PPP_international_dollars,2023,societal,partial_mortality_benefit,3
Indonesia,2026,75186.4097436074,IDN,14370.1004216288,South-East Asia,I_PH_TOB_AD_BAN,Tobacco advertising ban,public_health,htncov2_aspirational,980780.305058052,979893.570852621,886.734205430073,14919.5962129784,10832.3998843018,63.9266056528355,287886782.5,37,199368163,37.3963393869462,37.5883,22.3597291321767,4136961974584.6,1005171.14667516,1005171.14667516,287402.008432575,1437010.04216288,2299216.0674606,2299216.0674606,1005171.14667516,1651368.04678308,69.9487906961494,26741.5963657616,38230.2482996804,61168.3972794886,61168.3972794886,43933.0335977706,26741.5963657616,891319638.068232,1274245957.93233,2038793532.69174,2038793532.69173,1464324532.83681,891319638.068232,398973819.867615,570379867.753136,912607788.405018,912607788.405017,655463121.689951,398973819.867615,0.970873786407767,0.970873786407767,0.930335220273297,0.99009900990099,0.970873786407767,0.952380952380952,13951.5538074066,865358871.910905,387353223.172441,1421674303.72505,636371962.805778,865358871.910905,387353223.172441,2025,PPP_international_dollars,2023,societal,partial_mortality_benefit,3
Indonesia,2026,75186.4097436074,IDN,14370.1004216288,South-East Asia,I_PH_TOB_CLEAN_AIR,Smoke-free / clean-air law,public_health,htncov2_aspirational,980780.305058052,979560.98566825,1219.31938980125,20515.2118902932,14895.139940626,63.926911495911,287886782.5,37,199368163,37.3963393869462,37.5883,22.3597291321767,4136961974584.6,1005171.14667516,1005171.14667516,287402.008432575,1437010.04216288,2299216.0674606,2299216.0674606,1005171.14667516,1651368.04678308,69.9487906961494,26741.5963657616,38230.2482996804,61168.3972794886,61168.3972794886,43933.0335977706,26741.5963657616,1225624669.20978,1752174207.74831,2803478732.3973,2803478732.3973,2013545079.14083,1225624669.20978,548609515.728296,784301644.486467,1254882631.17835,1254882631.17835,901295493.241635,548609515.728296,0.970873786407767,0.970873786407767,0.930335220273297,0.99009900990099,0.970873786407767,0.952380952380952,13951.5538074066,1189926863.31047,532630597.794462,1954898135.08819,875044168.195763,1189926863.31047,532630597.794462,2025,PPP_international_dollars,2023,societal,partial_mortality_benefit,3
Indonesia,2026,75186.4097436074,IDN,14370.1004216288,South-East Asia,I_PH_TOB_MEDIA,Tobacco mass-media campaign,public_health,htncov2_aspirational,980780.305058052,979339.244065564,1441.06099248753,24245.8548663642,17603.8121883828,63.9271154413043,287886782.5,37,199368163,37.3963393869462,37.5883,22.3597291321767,4136961974584.6,1005171.14667516,1005171.14667516,287402.008432575,1437010.04216288,2299216.0674606,2299216.0674606,1005171.14667516,1651368.04678308,69.9487906961494,26741.5963657616,38230.2482996804,61168.3972794886,61168.3972794886,43933.0335977706,26741.5963657616,1448512930.24754,2070819117.57379,3313310588.11806,3313310588.11806,2379722076.45942,1448512930.24754,648372864.379148,926925051.779116,1483080082.84659,1483080082.84659,1065193956.45065,648372864.379148,0.970873786407767,0.970873786407767,0.930335220273297,0.99009900990099,0.970873786407767,0.952380952380952,13951.5538074066,1406323233.25003,629488217.843833,2310409782.97031,1034168889.75791,1406323233.25003,629488217.843833,2025,PPP_international_dollars,2023,societal,partial_mortality_benefit,3
Indonesia,2026,75186.4097436074,IDN,14370.1004216288,South-East Asia,S_70_30_30_TO_70_70_70,70-30-30 -> 70-70-70 hypertension/cholesterol + diabetes cascade,cascade_70_30_30_to_70_70_70,htncov2_aspirational,980780.305058052,979874.755176109,905.549881942396,11911.145571636,9180.47744686192,69.2116033415277,287886782.5,37,199368163,37.3963393869462,37.5883,22.3597291321767,4136961974584.6,1005171.14667516,1005171.14667516,287402.008432575,1437010.04216288,2299216.0674606,2299216.0674606,1005171.14667516,1651368.04678308,69.9487906961494,26741.5963657616,38230.2482996804,61168.3972794886,61168.3972794886,43933.0335977706,26741.5963657616,910232613.203592,1301284274.03063,2082054838.44901,2082054838.44901,1495396139.80786,910232613.203592,318523047.13052,455366052.737284,728585684.379654,728585684.379654,523292758.586621,318523047.13052,0.970873786407767,0.970873786407767,0.930335220273297,0.99009900990099,0.970873786407767,0.952380952380952,13951.5538074066,883720983.692808,309245676.825747,1451840912.43482,508051221.928759,883720983.692808,309245676.825747,2025,PPP_international_dollars,2023,societal,partial_mortality_benefit,3
Indonesia,2026,75186.4097436074,IDN,14370.1004216288,South-East Asia,S_70_30_30_TO_70_70_70_I_PH_TOBACCO_TAX,70-30-30 -> 70-70-70 cascade + tobacco tax,cascade_public_health,htncov2_aspirational,980780.305058052,972130.139153425,8650.16590462603,142184.293809599,103770.076238874,64.4857063877321,287886782.5,37,199368163,37.3963393869462,37.5883,22.3597291321767,4136961974584.6,1005171.14667516,1005171.14667516,287402.008432575,1437010.04216288,2299216.0674606,2299216.0674606,1005171.14667516,1651368.04678308,69.9487906961494,26741.5963657616,38230.2482996804,61168.3972794886,61168.3972794886,43933.0335977706,26741.5963657616,8694897181.2833,12430375271.3225,19888600434.116,19888600434.116,14284607574.2719,8694897181.2833,3802234994.60717,5435740856.6557,8697185370.64912,8697185370.64911,6246587357.01241,3802234994.60717,0.970873786407767,0.970873786407767,0.930335220273297,0.99009900990099,0.970873786407767,0.952380952380952,13951.5538074066,8441647748.81874,3691490286.02638,13868551042.9824,6064647919.42953,8441647748.81874,3691490286.02638,2025,PPP_international_dollars,2023,societal,partial_mortality_benefit,3
Indonesia,2026,75186.4097436074,IDN,14370.1004216288,South-East Asia,all_cascade_public_health,70-30-30 -> 70-70-70 cascade + all public-health interventions (combined),cascade_public_health,htncov2_aspirational,980780.305058052,968627.467548322,12152.8375097295,200925.498969112,146452.278400295,64.3472602140865,287886782.5,37,199368163,37.3963393869462,37.5883,22.3597291321767,4136961974584.6,1005171.14667516,1005171.14667516,287402.008432575,1437010.04216288,2299216.0674606,2299216.0674606,1005171.14667516,1651368.04678308,69.9487906961494,26741.5963657616,38230.2482996804,61168.3972794886,61168.3972794886,43933.0335977706,26741.5963657616,12215681615.0116,17463749542.2549,27941999267.6079,27941999267.6079,20068807541.3141,12215681615.0116,5373068593.02125,7681431715.32633,12290290744.5221,12290290744.5221,8827266696.85881,5373068593.02125,0.970873786407767,0.970873786407767,0.930335220273297,0.99009900990099,0.970873786407767,0.952380952380952,13951.5538074066,11859885063.1181,5216571449.5352,19484279166.3243,8570161841.6105,11859885063.1181,5216571449.5352,2025,PPP_international_dollars,2023,societal,partial_mortality_benefit,3
Indonesia,2026,75186.4097436074,IDN,14370.1004216288,South-East Asia,all_public_health,All selected public-health interventions (combined),public_health,htncov2_aspirational,980780.305058052,969530.530280674,11249.7747773772,189057.71055446,137303.00603085,63.9554201910479,287886782.5,37,199368163,37.3963393869462,37.5883,22.3597291321767,4136961974584.6,1005171.14667516,1005171.14667516,287402.008432575,1437010.04216288,2299216.0674606,2299216.0674606,1005171.14667516,1651368.04678308,69.9487906961494,26741.5963657616,38230.2482996804,61168.3972794886,61168.3972794886,43933.0335977706,26741.5963657616,11307949012.8135,16166039327.1617,25865662923.4587,25865662923.4587,18577518600.8669,11307949012.8135,5055704985.48237,7227723217.46612,11564357147.9458,11564357147.9458,8305878749.70668,5055704985.48237,0.970873786407767,0.970873786407767,0.930335220273297,0.99009900990099,0.970873786407767,0.952380952380952,13951.5538074066,10978591274.5762,4908451442.21589,18036425826.0844,8063959951.17154,10978591274.5762,4908451442.21589,2025,PPP_international_dollars,2023,societal,partial_mortality_benefit,3
Indonesia,2027,76251.3210387483,IDN,14908.1268548478,South-East Asia,I_PH_TOBACCO_POLICY,Tobacco policy package,public_health,htncov2_aspirational,1003320.79077982,996439.83687234,6880.95390747995,117247.985859754,84975.0054173361,63.6303933360504,289986522,37,201041610.5,37.4616007391166,37.6736,22.387362750984,4323155856172.11,1054704.78399696,1054704.78399696,298162.537096956,1490812.68548478,2385300.29677565,2385300.29677565,1054704.78399696,1720989.43282997,70.7469687014363,27995.8587445044,39571.8138294397,63314.9021271036,63314.9021271036,45681.5762982557,27995.8587445044,7257375004.68168,10258213373.5072,16413141397.6115,16413141397.6115,11842048962.5631,7257375004.68168,3282458050.20731,4639715468.31896,7423544749.31033,7423544749.31033,5356072811.86915,3282458050.20731,0.942595909133754,0.942595909133754,0.865523622080964,0.980296049406921,0.942595909133754,0.90702947845805,14052.3393862266,6840771990.46251,3094031530.02857,11162266907.8736,5048612321.49039,6840771990.46251,3094031530.02857,2025,PPP_international_dollars,2023,societal,partial_mortality_benefit,3
Indonesia,2027,76251.3210387483,IDN,14908.1268548478,South-East Asia,I_PH_TOBACCO_TAX,Tobacco tax,public_health,htncov2_aspirational,1003320.79077982,988224.573961099,15096.2168187204,257304.997677248,186465.069520068,63.6244603942915,289986522,37,201041610.5,37.4616007391166,37.6736,22.387362750984,4323155856172.11,1054704.78399696,1054704.78399696,298162.537096956,1490812.68548478,2385300.29677565,2385300.29677565,1054704.78399696,1720989.43282997,70.7469687014363,27995.8587445044,39571.8138294397,63314.9021271036,63314.9021271036,45681.5762982557,27995.8587445044,15922052098.9598,22505631536.1771,36009010457.8834,36009010457.8834,25980429620.7279,15922052098.9598,7203474369.22726,10182025465.4685,16291240744.7496,16291240744.7496,11754097883.3157,7203474369.22726,0.942595909133754,0.942595909133754,0.865523622080964,0.980296049406921,0.942595909133754,0.90702947845805,14052.3393862266,15008061173.494,6789965471.98347,24489046678.0356,11079364580.3711,15008061173.494,6789965471.98347,2025,PPP_international_dollars,2023,societal,partial_mortality_benefit,3
Indonesia,2027,76251.3210387483,IDN,14908.1268548478,South-East Asia,I_PH_TOB_AD_BAN,Tobacco advertising ban,public_health,htncov2_aspirational,1003320.79077982,1001595.49503907,1725.29574075047,29424.2182908009,21320.5689049952,63.6088088688631,289986522,37,201041610.5,37.4616007391166,37.6736,22.387362750984,4323155856172.11,1054704.78399696,1054704.78399696,298162.537096956,1490812.68548478,2385300.29677565,2385300.29677565,1054704.78399696,1720989.43282997,70.7469687014363,27995.8587445044,39571.8138294397,63314.9021271036,63314.9021271036,45681.5762982557,27995.8587445044,1819677671.5791,2572092776.52366,4115348442.43786,4115348442.43786,2969215738.33811,1819677671.5791,823756258.936725,1164369688.28037,1862991501.24859,1862991501.24859,1344144672.86775,823756258.936725,0.942595909133754,0.942595909133754,0.865523622080964,0.980296049406921,0.942595909133754,0.90702947845805,14052.3393862266,1715220729.1725,776469279.797082,2798770608.29307,1266985269.92907,1715220729.1725,776469279.797082,2025,PPP_international_dollars,2023,societal,partial_mortality_benefit,3
Indonesia,2027,76251.3210387483,IDN,14908.1268548478,South-East Asia,I_PH_TOB_CLEAN_AIR,Smoke-free / clean-air law,public_health,htncov2_aspirational,1003320.79077982,1000948.20746131,2372.58331850535,40462.2713743604,29318.8403364779,63.6095635890748,289986522,37,201041610.5,37.4616007391166,37.6736,22.387362750984,4323155856172.11,1054704.78399696,1054704.78399696,298162.537096956,1490812.68548478,2385300.29677565,2385300.29677565,1054704.78399696,1720989.43282997,70.7469687014363,27995.8587445044,39571.8138294397,63314.9021271036,63314.9021271036,45681.5762982557,27995.8587445044,2502374976.45897,3537077308.59735,5659323693.75575,5659323693.75575,4083190819.65636,2502374976.45897,1132776033.8784,1601165469.94246,2561864751.90793,2561864751.90793,1848380336.98857,1132776033.8784,0.942595909133754,0.942595909133754,0.865523622080964,0.980296049406921,0.942595909133754,0.90702947845805,14052.3393862266,2358728415.9289,1067750055.49853,3848798962.82058,1742275744.1687,2358728415.9289,1067750055.49853,2025,PPP_international_dollars,2023,societal,partial_mortality_benefit,3
Indonesia,2027,76251.3210387483,IDN,14908.1268548478,South-East Asia,I_PH_TOB_MEDIA,Tobacco mass-media campaign,public_health,htncov2_aspirational,1003320.79077982,1000516.59089411,2804.19988571369,47822.1778275789,34651.9487957305,63.6100670100128,289986522,37,201041610.5,37.4616007391166,37.6736,22.387362750984,4323155856172.11,1054704.78399696,1054704.78399696,298162.537096956,1490812.68548478,2385300.29677565,2385300.29677565,1054704.78399696,1720989.43282997,70.7469687014363,27995.8587445044,39571.8138294397,63314.9021271036,63314.9021271036,45681.5762982557,27995.8587445044,2957603034.74595,4180536762.25694,6688858819.6111,6688858819.6111,4825998370.85626,2957603034.74595,1338822935.31547,1892410317.91131,3027856508.6581,3027856508.6581,2184592465.1793,1338822935.31547,0.942595909133754,0.942595909133754,0.865523622080964,0.980296049406921,0.942595909133754,0.90702947845805,14052.3393862266,2787824521.39311,1261969021.88281,4548966321.85527,2059187920.80243,2787824521.39311,1261969021.88281,2025,PPP_international_dollars,2023,societal,partial_mortality_benefit,3
Indonesia,2027,76251.3210387483,IDN,14908.1268548478,South-East Asia,S_70_30_30_TO_70_70_70,70-30-30 -> 70-70-70 hypertension/cholesterol + diabetes cascade,cascade_70_30_30_to_70_70_70,htncov2_aspirational,1003320.79077982,1001486.19368776,1834.59709205702,24221.2182538072,18683.2234657423,69.1318721701174,289986522,37,201041610.5,37.4616007391166,37.6736,22.387362750984,4323155856172.11,1054704.78399696,1054704.78399696,298162.537096956,1490812.68548478,2385300.29677565,2385300.29677565,1054704.78399696,1720989.43282997,70.7469687014363,27995.8587445044,39571.8138294397,63314.9021271036,63314.9021271036,45681.5762982557,27995.8587445044,1934958329.69945,2735040617.5921,4376064988.14736,4376064988.14736,3157322208.93072,1934958329.69945,678093804.853398,958477539.461887,1533564063.13902,1533564063.13902,1106463429.698,678093804.853398,0.942595909133754,0.942595909133754,0.865523622080964,0.980296049406921,0.942595909133754,0.90702947845805,14052.3393862266,1823883805.91899,639168446.463756,2976078997.95525,1042947902.43944,1823883805.91899,639168446.463756,2025,PPP_international_dollars,2023,societal,partial_mortality_benefit,3
Indonesia,2027,76251.3210387483,IDN,14908.1268548478,South-East Asia,S_70_30_30_TO_70_70_70_I_PH_TOBACCO_TAX,70-30-30 -> 70-70-70 cascade + tobacco tax,cascade_public_health,htncov2_aspirational,1003320.79077982,986396.514578624,16924.2762011956,281408.879194908,205064.119315646,64.2220054687257,289986522,37,201041610.5,37.4616007391166,37.6736,22.387362750984,4323155856172.11,1054704.78399696,1054704.78399696,298162.537096956,1490812.68548478,2385300.29677565,2385300.29677565,1054704.78399696,1720989.43282997,70.7469687014363,27995.8587445044,39571.8138294397,63314.9021271036,63314.9021271036,45681.5762982557,27995.8587445044,17850115075.0869,25230925653.3905,40369481045.4249,40369481045.4249,29126500500.5533,17850115075.0869,7878283231.38994,11135859777.4522,17817375643.9235,17817375643.9235,12855201185.9488,7878283231.38994,0.942595909133754,0.942595909133754,0.865523622080964,0.980296049406921,0.942595909133754,0.90702947845805,14052.3393862266,16825445447.3436,7426037544.90521,27454520219.2038,12117260048.9667,16825445447.3436,7426037544.90521,2025,PPP_international_dollars,2023,societal,partial_mortality_benefit,3
Indonesia,2027,76251.3210387483,IDN,14908.1268548478,South-East Asia,all_cascade_public_health,70-30-30 -> 70-70-70 cascade + all public-health interventions (combined),cascade_public_health,htncov2_aspirational,1003320.79077982,979659.580440204,23661.2103396157,395531.607428201,287890.69483039,64.0940391945909,289986522,37,201041610.5,37.4616007391166,37.6736,22.387362750984,4323155856172.11,1054704.78399696,1054704.78399696,298162.537096956,1490812.68548478,2385300.29677565,2385300.29677565,1054704.78399696,1720989.43282997,70.7469687014363,27995.8587445044,39571.8138294397,63314.9021271036,63314.9021271036,45681.5762982557,27995.8587445044,24955591740.351,35274432528.2228,56439092045.1564,56439092045.1564,40720692962.4458,24955591740.351,11073247010.5467,15651903132.8078,25043045012.4925,25043045012.4925,18068507303.1031,11073247010.5467,0.942595909133754,0.942595909133754,0.865523622080964,0.980296049406921,0.942595909133754,0.90702947845805,14052.3393862266,23523038684.467,10437597332.9689,38383158603.4931,17031301068.0584,23523038684.467,10437597332.9689,2025,PPP_international_dollars,2023,societal,partial_mortality_benefit,3
Indonesia,2027,76251.3210387483,IDN,14908.1268548478,South-East Asia,all_public_health,All selected public-health interventions (combined),public_health,htncov2_aspirational,1003320.79077982,981484.7235827,21836.0671971197,371479.75155775,269329.020044532,63.6699885154211,289986522,37,201041610.5,37.4616007391166,37.6736,22.387362750984,4323155856172.11,1054704.78399696,1054704.78399696,298162.537096956,1490812.68548478,2385300.29677565,2385300.29677565,1054704.78399696,1720989.43282997,70.7469687014363,27995.8587445044,39571.8138294397,63314.9021271036,63314.9021271036,45681.5762982557,27995.8587445044,23030604536.4812,32553485978.5641,52085577565.7026,52085577565.7026,37579640900.8081,23030604536.4812,10399894651.0543,14700127570.0498,23520204112.0797,23520204112.0797,16969780614.0424,10399894651.0543,0.942595909133754,0.942595909133754,0.865523622080964,0.980296049406921,0.942595909133754,0.90702947845805,14052.3393862266,21708553620.9645,9802898153.50583,35422415779.8172,15995645785.6937,21708553620.9645,9802898153.50583,2025,PPP_international_dollars,2023,societal,partial_mortality_benefit,3
Indonesia,2028,77331.3153265521,IDN,15466.2973673947,South-East Asia,I_PH_TOBACCO_POLICY,Tobacco policy package,public_health,htncov2_aspirational,1027500.46902078,1017344.34911419,10156.1199065822,174158.347771131,126148.467432566,63.4945388956093,292016778.5,38,202536577,37.5339763468996,36.834,22.1123114201329,4516418332549.63,1106679.37998977,1106679.37998977,309325.947347894,1546629.73673947,2474607.57878315,2474607.57878315,1106679.37998977,1793546.04425229,71.5542546287015,30045.0502250577,41989.1876184902,67182.7001895843,67182.7001895843,48692.6764470947,30045.0502250577,11239568481.3182,15707757057.4117,25132411291.8588,25132411291.8588,18215468683.4024,11239568481.3182,5232596305.89668,7312767539.88828,11700428063.8212,11700428063.8212,8480236078.58026,5232596305.89668,0.91514165935316,0.91514165935316,0.805227109600435,0.970590147927644,0.91514165935316,0.863837598531476,14153.853036847,10285797350.407,4788566866.1035,16669734236.8244,7760617316.65847,10285797350.407,4788566866.1035,2025,PPP_international_dollars,2023,societal,partial_mortality_benefit,3
Indonesia,2028,77331.3153265521,IDN,15466.2973673947,South-East Asia,I_PH_TOBACCO_TAX,Tobacco tax,public_health,htncov2_aspirational,1027500.46902078,1005149.39721598,22351.0718048014,383418.151304021,277693.495321434,63.487063543548,292016778.5,38,202536577,37.5339763468996,36.834,22.1123114201329,4516418332549.63,1106679.37998977,1106679.37998977,309325.947347894,1546629.73673947,2474607.57878315,2474607.57878315,1106679.37998977,1793546.04425229,71.5542546287015,30045.0502250577,41989.1876184902,67182.7001895843,67182.7001895843,48692.6764470947,30045.0502250577,24735470287.0445,34568832301.3049,55310131682.0878,55310131682.0878,40087676420.3003,24735470287.0445,11519817613.1281,16099416691.4392,25759066706.3027,25759066706.3027,18669655985.3899,11519817613.1281,0.91514165935316,0.91514165935316,0.805227109600435,0.970590147927644,0.91514165935316,0.863837598531476,14153.853036847,22636459323.3667,10542265005.9238,36685902718.8861,17085379958.0223,22636459323.3667,10542265005.9238,2025,PPP_international_dollars,2023,societal,partial_mortality_benefit,3
Indonesia,2028,77331.3153265521,IDN,15466.2973673947,South-East Asia,I_PH_TOB_AD_BAN,Tobacco advertising ban,public_health,htncov2_aspirational,1027500.46902078,1024950.76722935,2549.70179143187,43781.2469634557,31701.8462159923,63.4617904687384,292016778.5,38,202536577,37.5339763468996,36.834,22.1123114201329,4516418332549.63,1106679.37998977,1106679.37998977,309325.947347894,1546629.73673947,2474607.57878315,2474607.57878315,1106679.37998977,1793546.04425229,71.5542546287015,30045.0502250577,41989.1876184902,67182.7001895843,67182.7001895843,48692.6764470947,30045.0502250577,2821702397.70064,3943444610.44642,6309511376.71427,6309511376.71427,4573007562.04559,2821702397.70064,1315409763.93268,1838338992.92,2941342388.67199,2941342388.67199,2131826092.84189,1315409763.93268,0.91514165935316,0.91514165935316,0.805227109600435,0.970590147927644,0.91514165935316,0.863837598531476,14153.853036847,2582257414.43255,1203786274.0947,4184949728.56495,1950922868.05569,2582257414.43255,1203786274.0947,2025,PPP_international_dollars,2023,societal,partial_mortality_benefit,3
Indonesia,2028,77331.3153265521,IDN,15466.2973673947,South-East Asia,I_PH_TOB_CLEAN_AIR,Smoke-free / clean-air law,public_health,htncov2_aspirational,1027500.46902078,1023993.87141635,3506.59760442217,60209.398247499,43597.8791906182,63.4630044099076,292016778.5,38,202536577,37.5339763468996,36.834,22.1123114201329,4516418332549.63,1106679.37998977,1106679.37998977,309325.947347894,1546629.73673947,2474607.57878315,2474607.57878315,1106679.37998977,1793546.04425229,71.5542546287015,30045.0502250577,41989.1876184902,67182.7001895843,67182.7001895843,48692.6764470947,30045.0502250577,3880679262.73556,5423408129.77871,8677453007.64594,8677453007.64594,6289244262.19593,3880679262.73556,1808994394.3666,2528143719.41063,4045029951.05701,4045029951.05701,2931756747.93974,1808994394.3666,0.91514165935316,0.91514165935316,0.805227109600435,0.970590147927644,0.91514165935316,0.863837598531476,14153.853036847,3551371259.91721,1655486131.82122,5755549430.18332,2682972735.12939,3551371259.91721,1655486131.82122,2025,PPP_international_dollars,2023,societal,partial_mortality_benefit,3
Indonesia,2028,77331.3153265521,IDN,15466.2973673947,South-East Asia,I_PH_TOB_MEDIA,Tobacco mass-media campaign,public_health,htncov2_aspirational,1027500.46902078,1023355.71084625,4144.75817452793,71164.5899307224,51530.9476880632,63.463814408965,292016778.5,38,202536577,37.5339763468996,36.834,22.1123114201329,4516418332549.63,1106679.37998977,1106679.37998977,309325.947347894,1546629.73673947,2474607.57878315,2474607.57878315,1106679.37998977,1793546.04425229,71.5542546287015,30045.0502250577,41989.1876184902,67182.7001895843,67182.7001895843,48692.6764470947,30045.0502250577,4586918406.79412,6410406244.3189,10256649990.9102,10256649990.9102,7433814628.30689,4586918406.79412,2138143678.71419,2988143318.39402,4781029309.43043,4781029309.43043,3465194351.98684,2138143678.71419,0.91514165935316,0.91514165935316,0.805227109600435,0.970590147927644,0.91514165935316,0.863837598531476,14153.853036847,4197680122.11112,1956704354.07397,6802993454.27256,3171143709.25843,4197680122.11112,1956704354.07397,2025,PPP_international_dollars,2023,societal,partial_mortality_benefit,3
Indonesia,2028,77331.3153265521,IDN,15466.2973673947,South-East Asia,S_70_30_30_TO_70_70_70,70-30-30 -> 70-70-70 hypertension/cholesterol + diabetes cascade,cascade_70_30_30_to_70_70_70,htncov2_aspirational,1027500.46902078,1024713.23690837,2787.23211240586,36895.8600898841,28487.8788885604,69.073660493523,292016778.5,38,202536577,37.5339763468996,36.834,22.1123114201329,4516418332549.63,1106679.37998977,1106679.37998977,309325.947347894,1546629.73673947,2474607.57878315,2474607.57878315,1106679.37998977,1793546.04425229,71.5542546287015,30045.0502250577,41989.1876184902,67182.7001895843,67182.7001895843,48692.6764470947,30045.0502250577,3084572306.0449,4310816068.24206,6897305709.1873,6897305709.1873,4999029129.61846,3084572306.0449,1108537969.49727,1549227191.65971,2478763506.65553,2478763506.65553,1796558177.594,1108537969.49727,0.91514165935316,0.91514165935316,0.805227109600435,0.970590147927644,0.91514165935316,0.863837598531476,14153.853036847,2822820618.54873,1014469276.86171,4574819812.83382,1644105231.76786,2822820618.54873,1014469276.86171,2025,PPP_international_dollars,2023,societal,partial_mortality_benefit,3
Indonesia,2028,77331.3153265521,IDN,15466.2973673947,South-East Asia,S_70_30_30_TO_70_70_70_I_PH_TOBACCO_TAX,70-30-30 -> 70-70-70 cascade + tobacco tax,cascade_public_health,htncov2_aspirational,1027500.46902078,1002376.28310763,25124.1859131488,420053.593760873,305995.043866497,64.1079957433523,292016778.5,38,202536577,37.5339763468996,36.834,22.1123114201329,4516418332549.63,1106679.37998977,1106679.37998977,309325.947347894,1546629.73673947,2474607.57878315,2474607.57878315,1106679.37998977,1793546.04425229,71.5542546287015,30045.0502250577,41989.1876184902,67182.7001895843,67182.7001895843,48692.6764470947,30045.0502250577,27804418489.1114,38857813044.6468,62172500871.4349,62172500871.4349,45061384259.5871,27804418489.1114,12620531321.7614,17637709158.2464,28220334653.1942,28220334653.1942,20453533731.4375,12620531321.7614,0.91514165935316,0.91514165935316,0.805227109600435,0.970590147927644,0.91514165935316,0.863837598531476,14153.853036847,25444981673.475,11549573975.7152,41237549964.0689,18717880798.6236,25444981673.475,11549573975.7152,2025,PPP_international_dollars,2023,societal,partial_mortality_benefit,3
Indonesia,2028,77331.3153265521,IDN,15466.2973673947,South-East Asia,all_cascade_public_health,70-30-30 -> 70-70-70 cascade + all public-health interventions (combined),cascade_public_health,htncov2_aspirational,1027500.46902078,992527.07929289,34973.389727887,587441.026094441,427503.833404629,63.996534747157,292016778.5,38,202536577,37.5339763468996,36.834,22.1123114201329,4516418332549.63,1106679.37998977,1106679.37998977,309325.947347894,1546629.73673947,2474607.57878315,2474607.57878315,1106679.37998977,1793546.04425229,71.5542546287015,30045.0502250577,41989.1876184902,67182.7001895843,67182.7001895843,48692.6764470947,30045.0502250577,38704329260.1987,54090884547.7287,86545415276.366,86545415276.366,62726384800.5453,38704329260.1987,17649695133.2669,24666171459.4779,39465874335.1646,39465874335.1646,28604075815.3659,17649695133.2669,0.91514165935316,0.91514165935316,0.805227109600435,0.970590147927644,0.91514165935316,0.863837598531476,14153.853036847,35419944103.3293,16151971291.3352,57403527871.5958,26176781405.9375,35419944103.3293,16151971291.3352,2025,PPP_international_dollars,2023,societal,partial_mortality_benefit,3
Indonesia,2028,77331.3153265521,IDN,15466.2973673947,South-East Asia,all_public_health,All selected public-health interventions (combined),public_health,htncov2_aspirational,1027500.46902078,995293.973607496,32206.4954132808,550919.256615065,399283.798204063,63.5555625078683,292016778.5,38,202536577,37.5339763468996,36.834,22.1123114201329,4516418332549.63,1106679.37998977,1106679.37998977,309325.947347894,1546629.73673947,2474607.57878315,2474607.57878315,1106679.37998977,1793546.04425229,71.5542546287015,30045.0502250577,41989.1876184902,67182.7001895843,67182.7001895843,48692.6764470947,30045.0502250577,35642264375.6131,49811523522.3434,79698437635.7494,79698437635.7494,57763832447.7192,35642264375.6131,16552396734.9511,23132652028.6491,37012243245.8386,37012243245.8386,26825733110.8313,16552396734.9511,0.91514165935316,0.91514165935316,0.805227109600435,0.970590147927644,0.91514165935316,0.863837598531476,14153.853036847,32617720963.8026,15147787814.2949,52862089476.8036,24549345912.4111,32617720963.8026,15147787814.2949,2025,PPP_international_dollars,2023,societal,partial_mortality_benefit,3
Indonesia,2029,78426.6062367069,IDN,16045.3661674401,South-East Asia,I_PH_TOBACCO_POLICY,Tobacco policy package,public_health,htncov2_aspirational,1053610.41066253,1039310.28136505,14300.1292974735,243260.052244577,176691.85138543,63.7139036752385,293978109,38,203873263.5,37.6093831376766,36.9118,22.1380864731391,4716986404116.61,1161215.22219063,1161215.22219063,320907.323348801,1604536.61674401,2567258.58679041,2567258.58679041,1161215.22219063,1869161.62963497,72.3707524074468,31459.1870943879,43469.4763393822,69551.1621430115,69551.1621430115,50638.5933396628,31459.1870943879,16605527819.5204,22945081081.9699,36712129731.1518,36712129731.1518,26729252981.6562,16605527819.5204,7652763496.15273,10574387085.3625,16919019336.58,16919019336.58,12318346861.3983,7652763496.15273,0.888487047915689,0.888487047915689,0.749131140380151,0.960980344482816,0.888487047915689,0.822702474791882,14256.1000188351,14753796391.4475,6799381247.09368,23748595074.6633,10944691638.0852,14753796391.4475,6799381247.09368,2025,PPP_international_dollars,2023,societal,partial_mortality_benefit,3
Indonesia,2029,78426.6062367069,IDN,16045.3661674401,South-East Asia,I_PH_TOBACCO_TAX,Tobacco tax,public_health,htncov2_aspirational,1053610.41066253,1022022.40396695,31588.0066955753,537510.665721741,390385.980214341,63.7083539734695,293978109,38,203873263.5,37.6093831376766,36.9118,22.1380864731391,4716986404116.61,1161215.22219063,1161215.22219063,320907.323348801,1604536.61674401,2567258.58679041,2567258.58679041,1161215.22219063,1869161.62963497,72.3707524074468,31459.1870943879,43469.4763393822,69551.1621430115,69551.1621430115,50638.5933396628,31459.1870943879,36680474213.5615,50684113393.0054,81094581428.8087,81094581428.8087,59043090072.0217,36680474213.5615,16909648598.1693,23365307165.7568,37384491465.2109,37384491465.2109,27218784017.2147,16909648598.1693,0.888487047915689,0.888487047915689,0.749131140380151,0.960980344482816,0.888487047915689,0.822702474791882,14256.1000188351,32590126250.1548,15024003764.2791,52459020797.9107,24183537059.3098,32590126250.1548,15024003764.2791,2025,PPP_international_dollars,2023,societal,partial_mortality_benefit,3
Indonesia,2029,78426.6062367069,IDN,16045.3661674401,South-East Asia,I_PH_TOB_AD_BAN,Tobacco advertising ban,public_health,htncov2_aspirational,1053610.41066253,1050015.29985778,3595.11080474319,61265.710537018,44481.0941572433,63.6705815977102,293978109,38,203873263.5,37.6093831376766,36.9118,22.1380864731391,4716986404116.61,1161215.22219063,1161215.22219063,320907.323348801,1604536.61674401,2567258.58679041,2567258.58679041,1161215.22219063,1869161.62963497,72.3707524074468,31459.1870943879,43469.4763393822,69551.1621430115,69551.1621430115,50638.5933396628,31459.1870943879,4174697391.92979,5768486927.46246,9229579083.93993,9229579083.93993,6719843170.51205,4174697391.92979,1927369450.25466,2663188354.60434,4261101367.36695,4261101367.36695,3102409401.54955,1927369450.25466,0.888487047915689,0.888487047915689,0.749131140380151,0.960980344482816,0.888487047915689,0.822702474791882,14256.1000188351,3709164561.69703,1712442793.09965,5970493621.02465,2756450570.60864,3709164561.69703,1712442793.09965,2025,PPP_international_dollars,2023,societal,partial_mortality_benefit,3
Indonesia,2029,78426.6062367069,IDN,16045.3661674401,South-East Asia,I_PH_TOB_CLEAN_AIR,Smoke-free / clean-air law,public_health,htncov2_aspirational,1053610.41066253,1048665.52165485,4944.88900767678,84261.8732796973,61178.1369965158,63.6723892641656,293978109,38,203873263.5,37.6093831376766,36.9118,22.1380864731391,4716986404116.61,1161215.22219063,1161215.22219063,320907.323348801,1604536.61674401,2567258.58679041,2567258.58679041,1161215.22219063,1869161.62963497,72.3707524074468,31459.1870943879,43469.4763393822,69551.1621430115,69551.1621430115,50638.5933396628,31459.1870943879,5742080387.75739,7934255478.55233,12694808765.6837,12694808765.6837,9242796795.95316,5742080387.75739,2650810036.42961,3662819506.84382,5860511210.95012,5860511210.95012,4266902735.04879,2650810036.42961,0.888487047915689,0.888487047915689,0.749131140380151,0.960980344482816,0.888487047915689,0.822702474791882,14256.1000188351,5101764052.61314,2355210383.85262,8212105239.72101,3791087814.80688,5101764052.61314,2355210383.85262,2025,PPP_international_dollars,2023,societal,partial_mortality_benefit,3
Indonesia,2029,78426.6062367069,IDN,16045.3661674401,South-East Asia,I_PH_TOB_MEDIA,Tobacco mass-media campaign,public_health,htncov2_aspirational,1053610.41066253,1047765.17968558,5845.23097694365,99599.1869093254,72314.5524527192,63.6735957912729,293978109,38,203873263.5,37.6093831376766,36.9118,22.1380864731391,4716986404116.61,1161215.22219063,1161215.22219063,320907.323348801,1604536.61674401,2567258.58679041,2567258.58679041,1161215.22219063,1869161.62963497,72.3707524074468,31459.1870943879,43469.4763393822,69551.1621430115,69551.1621430115,50638.5933396628,31459.1870943879,6787571187.64716,9378887135.83242,15006219417.3319,15006219417.3319,10925681458.4568,6787571187.64716,3133309455.42938,4329524498.77662,6927239198.0426,6927239198.0426,5043562722.8624,3133309455.42938,0.888487047915689,0.888487047915689,0.749131140380151,0.960980344482816,0.888487047915689,0.822702474791882,14256.1000188351,6030669087.03021,2783904868.26077,9707326465.49143,4481140154.61363,6030669087.03021,2783904868.26077,2025,PPP_international_dollars,2023,societal,partial_mortality_benefit,3
Indonesia,2029,78426.6062367069,IDN,16045.3661674401,South-East Asia,S_70_30_30_TO_70_70_70,70-30-30 -> 70-70-70 hypertension/cholesterol + diabetes cascade,cascade_70_30_30_to_70_70_70,htncov2_aspirational,1053610.41066253,1049839.44765613,3770.96300639916,50036.1440079661,38663.1721630551,69.0322374888018,293978109,38,203873263.5,37.6093831376766,36.9118,22.1380864731391,4716986404116.61,1161215.22219063,1161215.22219063,320907.323348801,1604536.61674401,2567258.58679041,2567258.58679041,1161215.22219063,1869161.62963497,72.3707524074468,31459.1870943879,43469.4763393822,69551.1621430115,69551.1621430115,50638.5933396628,31459.1870943879,4378899645.34844,6050648224.15451,9681037158.64722,9681037158.64722,7048539358.33422,4378899645.34844,1574096415.82834,2175044978.0682,3480071964.90912,3480071964.90912,2533759948.7042,1574096415.82834,0.888487047915689,0.888487047915689,0.749131140380151,0.960980344482816,0.888487047915689,0.822702474791882,14256.1000188351,3890595619.01469,1398564277.63399,6262535926.60391,2251212896.9512,3890595619.01469,1398564277.63399,2025,PPP_international_dollars,2023,societal,partial_mortality_benefit,3
Indonesia,2029,78426.6062367069,IDN,16045.3661674401,South-East Asia,S_70_30_30_TO_70_70_70_I_PH_TOBACCO_TAX,70-30-30 -> 70-70-70 cascade + tobacco tax,cascade_public_health,htncov2_aspirational,1053610.41066253,1018277.12378659,35333.2868759316,587065.657390374,428704.894099803,64.2785833097816,293978109,38,203873263.5,37.6093831376766,36.9118,22.1380864731391,4716986404116.61,1161215.22219063,1161215.22219063,320907.323348801,1604536.61674401,2567258.58679041,2567258.58679041,1161215.22219063,1869161.62963497,72.3707524074468,31459.1870943879,43469.4763393822,69551.1621430115,69551.1621430115,50638.5933396628,31459.1870943879,41029550570.3602,56693552582.3527,90709684131.7644,90709684131.7643,66043624077.3761,41029550570.3602,18468608352.5336,25519436703.5947,40831098725.7515,40831098725.7515,29728179088.273,18468608352.5336,0.888487047915689,0.888487047915689,0.749131140380151,0.960980344482816,0.888487047915689,0.822702474791882,14256.1000188351,36454224263.5668,16409119314.2536,58678904590.1614,26413102078.0486,36454224263.5668,16409119314.2536,2025,PPP_international_dollars,2023,societal,partial_mortality_benefit,3
Indonesia,2029,78426.6062367069,IDN,16045.3661674401,South-East Asia,all_cascade_public_health,70-30-30 -> 70-70-70 cascade + all public-health interventions (combined),cascade_public_health,htncov2_aspirational,1053610.41066253,1004558.93856502,49051.4720975016,817634.824087321,596668.696634678,64.2017966406471,293978109,38,203873263.5,37.6093831376766,36.9118,22.1380864731391,4716986404116.61,1161215.22219063,1161215.22219063,320907.323348801,1604536.61674401,2567258.58679041,2567258.58679041,1161215.22219063,1869161.62963497,72.3707524074468,31459.1870943879,43469.4763393822,69551.1621430115,69551.1621430115,50638.5933396628,31459.1870943879,56959316070.4777,78704883085.6382,125927812937.021,125927812937.021,91685129521.7601,56959316070.4777,25722126905.85,35542157639.9187,56867452223.8699,56867452223.8699,41403877357.3046,25722126905.85,0.888487047915689,0.888487047915689,0.749131140380151,0.960980344482816,0.888487047915689,0.822702474791882,14256.1000188351,50607614586.7554,22853776600.6914,81461050066.5562,36786808765.4548,50607614586.7554,22853776600.6914,2025,PPP_international_dollars,2023,societal,partial_mortality_benefit,3
Indonesia,2029,78426.6062367069,IDN,16045.3661674401,South-East Asia,all_public_health,All selected public-health interventions (combined),public_health,htncov2_aspirational,1053610.41066253,1008293.06074978,45317.3499127456,768286.299693036,558497.940983887,63.7972469608184,293978109,38,203873263.5,37.6093831376766,36.9118,22.1380864731391,4716986404116.61,1161215.22219063,1161215.22219063,320907.323348801,1604536.61674401,2567258.58679041,2567258.58679041,1161215.22219063,1869161.62963497,72.3707524074468,31459.1870943879,43469.4763393822,69551.1621430115,69551.1621430115,50638.5933396628,31459.1870943879,52623196548.0194,72713347308.8012,116341355694.082,116341355694.082,84705451613.6456,52623196548.0194,24169662444.0982,33397003126.3779,53435205002.2046,53435205002.2046,38904937498.59,24169662444.0982,0.888487047915689,0.888487047915689,0.749131140380151,0.960980344482816,0.888487047915689,0.822702474791882,14256.1000188351,46755028552.8368,21474432034.0755,75259696646.5732,34566533067.4666,46755028552.8368,21474432034.0755,2025,PPP_international_dollars,2023,societal,partial_mortality_benefit,3
Indonesia,2030,79537.4104246691,IDN,16646.1157012267,South-East Asia,I_PH_TOBACCO_POLICY,Tobacco policy package,public_health,htncov2_aspirational,1080810.21872946,1062388.41846585,18421.8002636168,312127.611432672,227078.231635554,63.8424404386057,295876648,38,205061099,37.6855826516369,36.9927,22.1648257627884,4925196915899.14,1218438.52576316,1218438.52576316,332922.314024535,1664611.57012267,2663378.51219628,2663378.51219628,1218438.52576316,1947965.1547815,73.1965671531029,32937.2694008051,44998.3799539551,71997.4079263281,71997.4079263281,52658.0961860447,32937.2694008051,22445831155.1047,30665141861.3054,49064226978.0887,49064226978.0887,35885025001.8701,22445831155.1047,10280631225.1877,14045236853.3678,22472378965.3885,22472378965.3885,16436045785.142,10280631225.1877,0.862608784384164,0.862608784384164,0.696943084499154,0.951465687606749,0.862608784384164,0.783526166468459,14359.0856297533,19361971127.1971,8868162803.86108,30954737794.4585,14177877474.8038,19361971127.1971,8868162803.86108,2025,PPP_international_dollars,2023,societal,partial_mortality_benefit,3
Indonesia,2030,79537.4104246691,IDN,16646.1157012267,South-East Asia,I_PH_TOBACCO_TAX,Tobacco tax,public_health,htncov2_aspirational,1080810.21872946,1039965.0472518,40845.1714776615,692220.939966623,503567.167773431,63.8392025244477,295876648,38,205061099,37.6855826516369,36.9927,22.1648257627884,4925196915899.14,1218438.52576316,1218438.52576316,332922.314024535,1664611.57012267,2663378.51219628,2663378.51219628,1218438.52576316,1947965.1547815,73.1965671531029,32937.2694008051,44998.3799539551,71997.4079263281,71997.4079263281,52658.0961860447,32937.2694008051,49767330519.7855,67991345025.36,108786152040.576,108786152040.576,79564970779.5597,49767330519.7855,22799867584.5592,31148820868.702,49838113389.9232,49838113389.9232,36451036838.7567,22799867584.5592,0.862608784384164,0.862608784384164,0.696943084499154,0.951465687606749,0.862608784384164,0.783526166468459,14359.0856297533,42929736481.7171,19667366061.2365,68633442723.7175,31442984577.0223,42929736481.7171,19667366061.2365,2025,PPP_international_dollars,2023,societal,partial_mortality_benefit,3
Indonesia,2030,79537.4104246691,IDN,16646.1157012267,South-East Asia,I_PH_TOB_AD_BAN,Tobacco advertising ban,public_health,htncov2_aspirational,1080810.21872946,1076172.81590058,4637.40282887954,78749.491219799,57260.4643832227,63.7881535202042,295876648,38,205061099,37.6855826516369,36.9927,22.1648257627884,4925196915899.14,1218438.52576316,1218438.52576316,332922.314024535,1664611.57012267,2663378.51219628,2663378.51219628,1218438.52576316,1947965.1547815,73.1965671531029,32937.2694008051,44998.3799539551,71997.4079263281,71997.4079263281,52658.0961860447,32937.2694008051,5650390266.18991,7719474404.27249,12351159046.836,12351159046.836,9033499119.34247,5650390266.18991,2593793207.48286,3543599527.08916,5669759243.34266,5669759243.34266,4146798283.25426,2593793207.48286,0.862608784384164,0.862608784384164,0.696943084499154,0.951465687606749,0.862608784384164,0.783526166468459,14359.0856297533,4874076278.81419,2237428805.65069,7792375694.07142,3577064626.20429,4874076278.81419,2237428805.65069,2025,PPP_international_dollars,2023,societal,partial_mortality_benefit,3
Indonesia,2030,79537.4104246691,IDN,16646.1157012267,South-East Asia,I_PH_TOB_CLEAN_AIR,Smoke-free / clean-air law,public_health,htncov2_aspirational,1080810.21872946,1074430.97910375,6379.23962571801,108317.953906034,78762.1157270327,63.7905875012704,295876648,38,205061099,37.6855826516369,36.9927,22.1648257627884,4925196915899.14,1218438.52576316,1218438.52576316,332922.314024535,1664611.57012267,2663378.51219628,2663378.51219628,1218438.52576316,1947965.1547815,73.1965671531029,32937.2694008051,44998.3799539551,71997.4079263281,71997.4079263281,52658.0961860447,32937.2694008051,7772711325.04981,10618956089.5552,16990329743.2884,16990329743.2884,12426536504.9,7772711325.04981,3567697628.74704,4874132445.69872,7798611913.11795,7798611913.11795,5703817235.4595,3567697628.74704,0.862608784384164,0.862608784384164,0.696943084499154,0.951465687606749,0.862608784384164,0.783526166468459,14359.0856297533,6704809067.47024,3077527314.58375,10719239548.5973,4920162851.82916,6704809067.47024,3077527314.58375,2025,PPP_international_dollars,2023,societal,partial_mortality_benefit,3
Indonesia,2030,79537.4104246691,IDN,16646.1157012267,South-East Asia,I_PH_TOB_MEDIA,Tobacco mass-media campaign,public_health,htncov2_aspirational,1080810.21872946,1073268.89922126,7541.31950820124,128041.640289125,93105.3653127706,63.7922125525868,295876648,38,205061099,37.6855826516369,36.9927,22.1648257627884,4925196915899.14,1218438.52576316,1218438.52576316,332922.314024535,1664611.57012267,2663378.51219628,2663378.51219628,1218438.52576316,1947965.1547815,73.1965671531029,32937.2694008051,44998.3799539551,71997.4079263281,71997.4079263281,52658.0961860447,32937.2694008051,9188634223.88171,12553367707.3436,20085388331.7498,20085388331.7498,14690227623.0499,9188634223.88171,4217342000.7239,5761666379.6577,9218666207.45233,9218666207.45233,6742429010.1637,4217342000.7239,0.862608784384164,0.862608784384164,0.696943084499154,0.951465687606749,0.862608784384164,0.783526166468459,14359.0856297533,7926196598.01332,3637916256.57672,12671919392.2458,5816078492.25383,7926196598.01332,3637916256.57672,2025,PPP_international_dollars,2023,societal,partial_mortality_benefit,3
Indonesia,2030,79537.4104246691,IDN,16646.1157012267,South-East Asia,S_70_30_30_TO_70_70_70,70-30-30 -> 70-70-70 hypertension/cholesterol + diabetes cascade,cascade_70_30_30_to_70_70_70,htncov2_aspirational,1080810.21872946,1076023.5980107,4786.62071876577,63577.8843061815,49169.9574020051,69.0248123206506,295876648,38,205061099,37.6855826516369,36.9927,22.1648257627884,4925196915899.14,1218438.52576316,1218438.52576316,332922.314024535,1664611.57012267,2663378.51219628,2663378.51219628,1218438.52576316,1947965.1547815,73.1965671531029,32937.2694008051,44998.3799539551,71997.4079263281,71997.4079263281,52658.0961860447,32937.2694008051,5832203091.96038,7967864230.24641,12748582768.3943,12748582768.3943,9324170369.31088,5832203091.96038,2094081903.32592,2860901794.67815,4577442871.48504,4577442871.48504,3347890347.10013,2094081903.32592,0.862608784384164,0.862608784384164,0.696943084499154,0.951465687606749,0.862608784384164,0.783526166468459,14359.0856297533,5030909619.43751,1806373445.02885,8043111267.6621,2887919622.56352,5030909619.43751,1806373445.02885,2025,PPP_international_dollars,2023,societal,partial_mortality_benefit,3
Indonesia,2030,79537.4104246691,IDN,16646.1157012267,South-East Asia,S_70_30_30_TO_70_70_70_I_PH_TOBACCO_TAX,70-30-30 -> 70-70-70 cascade + tobacco tax,cascade_public_health,htncov2_aspirational,1080810.21872946,1035218.33435433,45591.8843751311,755034.382545682,552191.020959791,64.386804355202,295876648,38,205061099,37.6855826516369,36.9927,22.1648257627884,4925196915899.14,1218438.52576316,1218438.52576316,332922.314024535,1664611.57012267,2663378.51219628,2663378.51219628,1218438.52576316,1947965.1547815,73.1965671531029,32937.2694008051,44998.3799539551,71997.4079263281,71997.4079263281,52658.0961860447,32937.2694008051,55550908384.7994,75892778234.5384,121428445175.261,121428445175.261,88811402103.5823,55550908384.7994,24868770864.7777,33975324024.0904,54360518438.5447,54360518438.5447,39758673139.8614,24868770864.7777,0.862608784384164,0.862608784384164,0.696943084499154,0.951465687606749,0.862608784384164,0.783526166468459,14359.0856297533,47918701553.2478,21452020204.7942,76609495608.0243,34296180705.9031,47918701553.2478,21452020204.7942,2025,PPP_international_dollars,2023,societal,partial_mortality_benefit,3
Indonesia,2030,79537.4104246691,IDN,16646.1157012267,South-East Asia,all_cascade_public_health,70-30-30 -> 70-70-70 cascade + all public-health interventions (combined),cascade_public_health,htncov2_aspirational,1080810.21872946,1017729.31948997,63080.8992394925,1046865.32957702,765292.311702012,64.3375652846962,295876648,38,205061099,37.6855826516369,36.9927,22.1648257627884,4925196915899.14,1218438.52576316,1218438.52576316,332922.314024535,1664611.57012267,2663378.51219628,2663378.51219628,1218438.52576316,1947965.1547815,73.1965671531029,32937.2694008051,44998.3799539551,71997.4079263281,71997.4079263281,52658.0961860447,32937.2694008051,76860197873.1819,105005194727.802,168008311564.483,168008311564.483,122879393650.814,76860197873.1819,34480885386.6409,47107243860.9291,75371590177.4865,75371590177.4865,55125935218.702,34480885386.6409,0.862608784384164,0.862608784384164,0.696943084499154,0.951465687606749,0.862608784384164,0.783526166468459,14359.0856297533,66300281854.9117,29743514627.86,105996844382.992,47552115967.0447,66300281854.9117,29743514627.86,2025,PPP_international_dollars,2023,societal,partial_mortality_benefit,3
Indonesia,2030,79537.4104246691,IDN,16646.1157012267,South-East Asia,all_public_health,All selected public-health interventions (combined),public_health,htncov2_aspirational,1080810.21872946,1022458.91527131,58351.3034581531,984374.599094358,716899.862115138,63.9491606170001,295876648,38,205061099,37.6855826516369,36.9927,22.1648257627884,4925196915899.14,1218438.52576316,1218438.52576316,332922.314024535,1664611.57012267,2663378.51219628,2663378.51219628,1218438.52576316,1947965.1547815,73.1965671531029,32937.2694008051,44998.3799539551,71997.4079263281,71997.4079263281,52658.0961860447,32937.2694008051,71097476161.9111,97132254868.1809,155411607789.089,155411607789.089,113666305872.563,71097476161.9111,32422611361.6804,44295262227.0701,70872419563.3122,70872419563.3122,51835292322.2099,32422611361.6804,0.862608784384164,0.862608784384164,0.696943084499154,0.951465687606749,0.862608784384164,0.783526166468459,14359.0856297533,61329307484.8082,27968029373.2593,98049553934.1704,44713578498.2593,61329307484.8082,27968029373.2593,2025,PPP_international_dollars,2023,societal,partial_mortality_benefit,3
Indonesia,2031,80420.1567986293,IDN,17161.0734660986,South-East Asia,I_PH_TOBACCO_POLICY,Tobacco policy package,public_health,htncov2_aspirational,1107157.64124119,1088474.27428112,18683.3669600753,318315.681296092,231457.428406545,63.7485476530177,297719748,38,206096717.5,37.7651391754942,37.0895,22.1967364501192,5109190467736.35,1268394.06335233,1268394.06335233,343221.469321971,1716107.34660986,2745771.75457577,2745771.75457577,1268394.06335233,2016045.54978275,73.9111143517929,34198.1979630981,46269.3578131238,74030.9725009981,74030.9725009981,54356.2342383357,34198.1979630981,23697871735.5925,32062663299.5931,51300261279.3489,51300261279.3489,37666518814.8179,23697871735.5925,10885822683.7222,14728262155.4172,23565219448.6675,23565219448.6675,17302441734.2658,10885822683.7222,0.837484256683654,0.837484256683654,0.648390698035471,0.942045235254207,0.837484256683654,0.746215396636627,14372.1288556491,19846594495.4673,9116705118.66716,31545116511.4886,14490522554.6338,19846594495.4673,9116705118.66716,2025,PPP_international_dollars,2023,societal,partial_mortality_benefit,3
Indonesia,2031,80420.1567986293,IDN,17161.0734660986,South-East Asia,I_PH_TOBACCO_TAX,Tobacco tax,public_health,htncov2_aspirational,1107157.64124119,1065715.61087983,41442.0303613641,706190.642603858,513474.878284073,63.7466073557188,297719748,38,206096717.5,37.7651391754942,37.0895,22.1967364501192,5109190467736.35,1268394.06335233,1268394.06335233,343221.469321971,1716107.34660986,2745771.75457577,2745771.75457577,1268394.06335233,2016045.54978275,73.9111143517929,34198.1979630981,46269.3578131238,74030.9725009981,74030.9725009981,54356.2342383357,34198.1979630981,52564825283.6212,71118972761.5656,113790356418.505,113790356418.505,83549020883.9897,52564825283.6212,24150447395.4542,32674987526.9177,52279980043.0684,52279980043.0684,38385863986.2961,24150447395.4542,0.837484256683654,0.837484256683654,0.648390698035471,0.942045235254207,0.837484256683654,0.746215396636627,14372.1288556491,44022213630.3596,20225619485.5597,69970989651.6752,32147556767.723,44022213630.3596,20225619485.5597,2025,PPP_international_dollars,2023,societal,partial_mortality_benefit,3
Indonesia,2031,80420.1567986293,IDN,17161.0734660986,South-East Asia,I_PH_TOB_AD_BAN,Tobacco advertising ban,public_health,htncov2_aspirational,1107157.64124119,1102456.00242498,4701.63881621646,80286.7156052595,58346.3609293831,63.692883570416,297719748,38,206096717.5,37.7651391754942,37.0895,22.1967364501192,5109190467736.35,1268394.06335233,1268394.06335233,343221.469321971,1716107.34660986,2745771.75457577,2745771.75457577,1268394.06335233,2016045.54978275,73.9111143517929,34198.1979630981,46269.3578131238,74030.9725009981,74030.9725009981,54356.2342383357,34198.1979630981,5963530762.51583,8068516913.61514,12909627061.7842,12909627061.7842,9478718012.11904,5963530762.51583,2745660994.07562,3714814771.98026,5943703635.16842,5943703635.16842,4364083519.66612,2745660994.07562,0.837484256683654,0.837484256683654,0.648390698035471,0.942045235254207,0.837484256683654,0.746215396636627,14372.1288556491,4994363127.85568,2299447856.72873,7938277108.69348,3654851242.57297,4994363127.85568,2299447856.72873,2025,PPP_international_dollars,2023,societal,partial_mortality_benefit,3
Indonesia,2031,80420.1567986293,IDN,17161.0734660986,South-East Asia,I_PH_TOB_CLEAN_AIR,Smoke-free / clean-air law,public_health,htncov2_aspirational,1107157.64124119,1100689.82053737,6467.82070382636,110435.547276714,80258.2706617613,63.6954450554696,297719748,38,206096717.5,37.7651391754942,37.0895,22.1967364501192,5109190467736.35,1268394.06335233,1268394.06335233,343221.469321971,1716107.34660986,2745771.75457577,2745771.75457577,1268394.06335233,2016045.54978275,73.9111143517929,34198.1979630981,46269.3578131238,74030.9725009981,74030.9725009981,54356.2342383357,34198.1979630981,8203745383.56063,11099474626.3917,17759159402.2268,17759159402.2268,13039421146.7419,8203745383.56063,3776696707.93216,5109781852.23444,8175650963.57511,8175650963.57511,6002860476.01187,3776696707.93216,0.837484256683654,0.837484256683654,0.648390698035471,0.942045235254207,0.837484256683654,0.746215396636627,14372.1288556491,6870507604.57323,3162924035.16217,10920309926.6642,5027301143.72849,6870507604.57323,3162924035.16217,2025,PPP_international_dollars,2023,societal,partial_mortality_benefit,3
Indonesia,2031,80420.1567986293,IDN,17161.0734660986,South-East Asia,I_PH_TOB_MEDIA,Tobacco mass-media campaign,public_health,htncov2_aspirational,1107157.64124119,1099511.43149722,7646.20974397039,130547.352546403,94875.9654362188,63.6971552103142,297719748,38,206096717.5,37.7651391754942,37.0895,22.1967364501192,5109190467736.35,1268394.06335233,1268394.06335233,343221.469321971,1716107.34660986,2745771.75457577,2745771.75457577,1268394.06335233,2016045.54978275,73.9111143517929,34198.1979630981,46269.3578131238,74030.9725009981,74030.9725009981,54356.2342383357,34198.1979630981,9698407046.39877,13121716715.3475,20994746744.5559,20994746744.5559,15415107127.037,9698407046.39877,4464484205.94024,6040342166.52553,9664547466.44084,9664547466.44084,7096062474.20685,4464484205.94024,0.837484256683654,0.837484256683654,0.648390698035471,0.942045235254207,0.837484256683654,0.746215396636627,14372.1288556491,8122263216.26879,3738935236.68778,12909909533.9855,5942840606.5919,8122263216.26879,3738935236.68778,2025,PPP_international_dollars,2023,societal,partial_mortality_benefit,3
Indonesia,2031,80420.1567986293,IDN,17161.0734660986,South-East Asia,S_70_30_30_TO_70_70_70,70-30-30 -> 70-70-70 hypertension/cholesterol + diabetes cascade,cascade_70_30_30_to_70_70_70,htncov2_aspirational,1107157.64124119,1100944.90866089,6212.73258029838,82484.7077887312,63844.9641668772,69.08342729918,297719748,38,206096717.5,37.7651391754942,37.0895,22.1967364501192,5109190467736.35,1268394.06335233,1268394.06335233,343221.469321971,1716107.34660986,2745771.75457577,2745771.75457577,1268394.06335233,2016045.54978275,73.9111143517929,34198.1979630981,46269.3578131238,74030.9725009981,74030.9725009981,54356.2342383357,34198.1979630981,7880193122.04605,10661716023.5724,17058745637.7159,17058745637.7159,12525151870.5008,7880193122.04605,2820828365.88733,3816514458.78777,6106423134.06042,6106423134.06042,4483558097.64494,2820828365.88733,0.837484256683654,0.837484256683654,0.648390698035471,0.942045235254207,0.837484256683654,0.746215396636627,14372.1288556491,6599537679.34038,2362399347.23732,10489617504.1163,3754909320.70416,6599537679.34038,2362399347.23732,2025,PPP_international_dollars,2023,societal,partial_mortality_benefit,3
Indonesia,2031,80420.1567986293,IDN,17161.0734660986,South-East Asia,S_70_30_30_TO_70_70_70_I_PH_TOBACCO_TAX,70-30-30 -> 70-70-70 cascade + tobacco tax,cascade_public_health,htncov2_aspirational,1107157.64124119,1059553.88839984,47603.7528413502,787670.123018111,576603.665192853,64.4478296842169,297719748,38,206096717.5,37.7651391754942,37.0895,22.1967364501192,5109190467736.35,1268394.06335233,1268394.06335233,343221.469321971,1716107.34660986,2745771.75457577,2745771.75457577,1268394.06335233,2016045.54978275,73.9111143517929,34198.1979630981,46269.3578131238,74030.9725009981,74030.9725009981,54356.2342383357,34198.1979630981,60380317497.2601,81693149977.2409,130709039963.585,130709039963.585,95971334068.7621,60380317497.2601,26936898796.5912,36444990760.6322,58311985217.0115,58311985217.0115,42814781709.3111,26936898796.5912,0.837484256683654,0.837484256683654,0.648390698035471,0.942045235254207,0.837484256683654,0.746215396636627,14372.1288556491,50567565317.5159,22559228666.026,80374481375.5159,35856705634.8953,50567565317.5159,22559228666.026,2025,PPP_international_dollars,2023,societal,partial_mortality_benefit,3
Indonesia,2031,80420.1567986293,IDN,17161.0734660986,South-East Asia,all_cascade_public_health,70-30-30 -> 70-70-70 cascade + all public-health interventions (combined),cascade_public_health,htncov2_aspirational,1107157.64124119,1041784.52462228,65373.116618912,1085724.60467745,794156.005093431,64.3603110275881,297719748,38,206096717.5,37.7651391754942,37.0895,22.1967364501192,5109190467736.35,1268394.06335233,1268394.06335233,343221.469321971,1716107.34660986,2745771.75457577,2745771.75457577,1268394.06335233,2016045.54978275,73.9111143517929,34198.1979630981,46269.3578131238,74030.9725009981,74030.9725009981,54356.2342383357,34198.1979630981,82918873022.2674,112187285700.498,179499657120.796,179499657120.796,131795180834.986,82918873022.2674,37129824964.166,50235780220.3335,80377248352.5336,80377248352.5336,59015900930.1721,37129824964.166,0.837484256683654,0.837484256683654,0.648390698035471,0.942045235254207,0.837484256683654,0.746215396636627,14372.1288556491,69443250738.1,31095643860.9088,110376389056.076,49424887923.0213,69443250738.1,31095643860.9088,2025,PPP_international_dollars,2023,societal,partial_mortality_benefit,3
Indonesia,2031,80420.1567986293,IDN,17161.0734660986,South-East Asia,all_public_health,All selected public-health interventions (combined),public_health,htncov2_aspirational,1107157.64124119,1047924.26028902,59233.3809521738,1004670.85262715,731331.746186663,63.858922653184,297719748,38,206096717.5,37.7651391754942,37.0895,22.1967364501192,5109190467736.35,1268394.06335233,1268394.06335233,343221.469321971,1716107.34660986,2745771.75457577,2745771.75457577,1268394.06335233,2016045.54978275,73.9111143517929,34198.1979630981,46269.3578131238,74030.9725009981,74030.9725009981,54356.2342383357,34198.1979630981,75131268752.0242,101650840216.566,162641344346.505,162641344346.505,119417194067.216,75131268752.0242,34357932705.8979,46485475164.6219,74376760263.395,74376760263.395,54610124197.8299,34357932705.8979,0.837484256683654,0.837484256683654,0.648390698035471,0.942045235254207,0.837484256683654,0.746215396636627,14372.1288556491,62921254764.4888,28774227733.3859,100010020008.63,45735119271.2216,62921254764.4888,28774227733.3859,2025,PPP_international_dollars,2023,societal,partial_mortality_benefit,3
Indonesia,2032,81312.7003379309,IDN,17691.9617642167,South-East Asia,I_PH_TOBACCO_POLICY,Tobacco policy package,public_health,htncov2_aspirational,1133979.82552584,1114782.80833443,19197.017191414,327283.895040896,238076.073581867,63.783946870128,299510661.5,38,206990503,37.8492319427815,37.1904,22.2299016806743,5298931171233.26,1320397.75986215,1320397.75986215,353839.235284335,1769196.17642167,2830713.88227468,2830713.88227468,1320397.75986215,2086505.32008861,74.632636982788,35503.7256889453,47571.3134685745,76114.1015497192,76114.1015497192,56103.3309695139,35503.7256889453,25347698495.5783,33963289413.7509,54341263062.0014,54341263062.0014,40054678499.7179,25347698495.5783,11619797631.9416,15569324764.2065,24910919622.7304,24910919622.7304,18361716684.4711,11619797631.9416,0.813091511343354,0.813091511343354,0.603220702879986,0.932718054707135,0.813091511343354,0.710681330130121,14385.1839294958,20609998478.8454,9447958818.05928,32568119077.7078,14929755969.835,20609998478.8454,9447958818.05928,2025,PPP_international_dollars,2023,societal,partial_mortality_benefit,3
Indonesia,2032,81312.7003379309,IDN,17691.9617642167,South-East Asia,I_PH_TOBACCO_TAX,Tobacco tax,public_health,htncov2_aspirational,1133979.82552584,1091379.96069827,42599.8648275701,726258.120851495,528305.803705409,63.7873141000692,299510661.5,38,206990503,37.8492319427815,37.1904,22.2299016806743,5298931171233.26,1320397.75986215,1320397.75986215,353839.235284335,1769196.17642167,2830713.88227468,2830713.88227468,1320397.75986215,2086505.32008861,74.632636982788,35503.7256889453,47571.3134685745,76114.1015497192,76114.1015497192,56103.3309695139,35503.7256889453,56248766088.7541,75367517969.0172,120588028750.427,120588028750.427,88884844597.7807,56248766088.7541,25784869102.0804,34549052726.1243,55278484361.7989,55278484361.7989,40745499723.4286,25784869102.0804,0.813091511343354,0.813091511343354,0.603220702879986,0.932718054707135,0.813091511343354,0.710681330130121,14385.1839294958,45735394230.3038,20965458188.0011,72271512629.5286,33129819950.5628,45735394230.3038,20965458188.0011,2025,PPP_international_dollars,2023,societal,partial_mortality_benefit,3
Indonesia,2032,81312.7003379309,IDN,17691.9617642167,South-East Asia,I_PH_TOB_AD_BAN,Tobacco advertising ban,public_health,htncov2_aspirational,1133979.82552584,1129149.89272251,4829.93280332602,82537.4981075465,60005.8858356477,63.7264495883918,299510661.5,38,206990503,37.8492319427815,37.1904,22.2299016806743,5298931171233.26,1320397.75986215,1320397.75986215,353839.235284335,1769196.17642167,2830713.88227468,2830713.88227468,1320397.75986215,2086505.32008861,74.632636982788,35503.7256889453,47571.3134685745,76114.1015497192,76114.1015497192,56103.3309695139,35503.7256889453,6377432453.7964,8545098648.01801,13672157836.8288,13672157836.8288,10077680489.8102,6377432453.7964,2930388691.86217,3926417195.38597,6282267512.61755,6282267512.61755,4630628573.72331,2930388691.86217,0.813091511343354,0.813091511343354,0.603220702879986,0.932718054707135,0.813091511343354,0.710681330130121,14385.1839294958,5185436192.34747,2382674170.28969,8194076460.29523,3765124785.4784,5185436192.34747,2382674170.28969,2025,PPP_international_dollars,2023,societal,partial_mortality_benefit,3
Indonesia,2032,81312.7003379309,IDN,17691.9617642167,South-East Asia,I_PH_TOB_CLEAN_AIR,Smoke-free / clean-air law,public_health,htncov2_aspirational,1133979.82552584,1127335.32783807,6644.49768777469,113533.306332613,82542.5429185841,63.7293608686611,299510661.5,38,206990503,37.8492319427815,37.1904,22.2299016806743,5298931171233.26,1320397.75986215,1320397.75986215,353839.235284335,1769196.17642167,2830713.88227468,2830713.88227468,1320397.75986215,2086505.32008861,74.632636982788,35503.7256889453,47571.3134685745,76114.1015497192,76114.1015497192,56103.3309695139,35503.7256889453,8773379862.34695,11755419903.4536,18808671845.5258,18808671845.5258,13863779774.8584,8773379862.34695,4030855364.5921,5400928504.67244,8641485607.47591,8641485607.47591,6369596661.24181,4030855364.5921,0.813091511343354,0.813091511343354,0.603220702879986,0.932718054707135,0.813091511343354,0.710681330130121,14385.1839294958,7133560691.86503,3277454280.40266,11272521650.071,5179064975.93669,7133560691.86503,3277454280.40266,2025,PPP_international_dollars,2023,societal,partial_mortality_benefit,3
Indonesia,2032,81312.7003379309,IDN,17691.9617642167,South-East Asia,I_PH_TOB_MEDIA,Tobacco mass-media campaign,public_health,htncov2_aspirational,1133979.82552584,1126124.59955876,7855.2259670809,134210.671936358,97577.4863027154,63.7313040348594,299510661.5,38,206990503,37.8492319427815,37.1904,22.2299016806743,5298931171233.26,1320397.75986215,1320397.75986215,353839.235284335,1769196.17642167,2830713.88227468,2830713.88227468,1320397.75986215,2086505.32008861,74.632636982788,35503.7256889453,47571.3134685745,76114.1015497192,76114.1015497192,56103.3309695139,35503.7256889453,10372022770.1446,13897435745.8878,22235897193.4204,22235897193.4204,16389970770.8125,10372022770.1446,4764978880.9575,6384577945.51251,10215324712.82,10215324712.82,7529665747.28636,4764978880.9575,0.813091511343354,0.813091511343354,0.603220702879986,0.932718054707135,0.813091511343354,0.710681330130121,14385.1839294958,8433403669.86457,3874363879.83689,13326546104.9133,6122307302.37135,8433403669.86457,3874363879.83689,2025,PPP_international_dollars,2023,societal,partial_mortality_benefit,3
Indonesia,2032,81312.7003379309,IDN,17691.9617642167,South-East Asia,S_70_30_30_TO_70_70_70,70-30-30 -> 70-70-70 hypertension/cholesterol + diabetes cascade,cascade_70_30_30_to_70_70_70,htncov2_aspirational,1133979.82552584,1124073.1683578,9906.65716803616,130247.788324305,101359.287947422,69.2081474906235,299510661.5,38,206990503,37.8492319427815,37.1904,22.2299016806743,5298931171233.26,1320397.75986215,1320397.75986215,353839.235284335,1769196.17642167,2830713.88227468,2830713.88227468,1320397.75986215,2086505.32008861,74.632636982788,35503.7256889453,47571.3134685745,76114.1015497192,76114.1015497192,56103.3309695139,35503.7256889453,13080727932.3973,17526819982.8099,28042911972.4959,28042911972.4959,20670292885.4014,13080727932.3973,4624281748.25795,6196058366.96406,9913693387.1425,9913693387.1425,7307334776.40568,4624281748.25795,0.813091511343354,0.813091511343354,0.603220702879986,0.932718054707135,0.813091511343354,0.710681330130121,14385.1839294958,10635828844.0241,3759964235.56854,16806839682.1008,5941531877.23954,10635828844.0241,3759964235.56854,2025,PPP_international_dollars,2023,societal,partial_mortality_benefit,3
Indonesia,2032,81312.7003379309,IDN,17691.9617642167,South-East Asia,S_70_30_30_TO_70_70_70_I_PH_TOBACCO_TAX,70-30-30 -> 70-70-70 cascade + tobacco tax,cascade_public_health,htncov2_aspirational,1133979.82552584,1081659.30435847,52320.521167369,853402.492012149,627365.384270526,64.8141375420846,299510661.5,38,206990503,37.8492319427815,37.1904,22.2299016806743,5298931171233.26,1320397.75986215,1320397.75986215,353839.235284335,1769196.17642167,2830713.88227468,2830713.88227468,1320397.75986215,2086505.32008861,74.632636982788,35503.7256889453,47571.3134685745,76114.1015497192,76114.1015497192,56103.3309695139,35503.7256889453,69083898944.2143,92565265997.6984,148104425596.317,148104425596.318,109167045765.524,69083898944.2143,30298967978.6617,40597477462.3726,64955963939.7961,64955963939.7962,47878722459.5655,30298967978.6617,0.813091511343354,0.813091511343354,0.603220702879986,0.932718054707135,0.813091511343354,0.710681330130121,14385.1839294958,56171531802.0427,24635833665.9139,88762798230.3791,38929782805.8371,56171531802.0427,24635833665.9139,2025,PPP_international_dollars,2023,societal,partial_mortality_benefit,3
Indonesia,2032,81312.7003379309,IDN,17691.9617642167,South-East Asia,all_cascade_public_health,70-30-30 -> 70-70-70 cascade + all public-health interventions (combined),cascade_public_health,htncov2_aspirational,1133979.82552584,1063438.07193755,70541.7535882873,1159223.90035036,850669.237060228,64.6467373499829,299510661.5,38,206990503,37.8492319427815,37.1904,22.2299016806743,5298931171233.26,1320397.75986215,1320397.75986215,353839.235284335,1769196.17642167,2830713.88227468,2830713.88227468,1320397.75986215,2086505.32008861,74.632636982788,35503.7256889453,47571.3134685745,76114.1015497192,76114.1015497192,56103.3309695139,35503.7256889453,93143173414.7225,124802200726.478,199683521162.364,199683521162.364,147185744150.341,93143173414.7225,41156767370.1086,55145803543.8307,88233285670.1291,88233285670.1291,65036322149.1272,41156767370.1086,0.813091511343354,0.813091511343354,0.603220702879986,0.932718054707135,0.813091511343354,0.710681330130121,14385.1839294958,75733923643.0928,33464218182.9684,119675479159.397,52880481468.447,75733923643.0928,33464218182.9684,2025,PPP_international_dollars,2023,societal,partial_mortality_benefit,3
Indonesia,2032,81312.7003379309,IDN,17691.9617642167,South-East Asia,all_public_health,All selected public-health interventions (combined),public_health,htncov2_aspirational,1133979.82552584,1073079.00839003,60900.8171358132,1033388.64012002,752583.456249854,63.9009701461693,299510661.5,38,206990503,37.8492319427815,37.1904,22.2299016806743,5298931171233.26,1320397.75986215,1320397.75986215,353839.235284335,1769196.17642167,2830713.88227468,2830713.88227468,1320397.75986215,2086505.32008861,74.632636982788,35503.7256889453,47571.3134685745,76114.1015497192,76114.1015497192,56103.3309695139,35503.7256889453,80413302519.9024,107745492817.636,172392788508.218,172392788508.218,127069878951.618,80413302519.9024,36689146808.8936,49159654934.0136,78655447894.4217,78655447894.4217,57976544896.7896,36689146808.8936,0.813091511343354,0.813091511343354,0.603220702879986,0.932718054707135,0.813091511343354,0.710681330130121,14385.1839294958,65383373678.0177,29831633828.7414,103319439922.988,47140236512.5964,65383373678.0177,29831633828.7414,2025,PPP_international_dollars,2023,societal,partial_mortality_benefit,3
Indonesia,2033,82215.1497764654,IDN,18239.2734163655,South-East Asia,I_PH_TOBACCO_POLICY,Tobacco policy package,public_health,htncov2_aspirational,1160519.0384788,1140678.71796005,19840.3205187489,337657.342804964,245863.918705843,63.884952747564,301250984.5,38,207784463,37.9322220401051,37.2975,22.2649967637139,5494599073244.8,1374533.58906546,1374533.58906546,364785.468327311,1823927.34163655,2918283.74661849,2918283.74661849,1374533.58906546,2159427.6236602,75.3612031404788,36853.2365189479,48902.1339670636,78243.4143473018,78243.4143473018,57897.3824964193,36853.2365189479,27271186970.8449,36187303060.9788,57899684897.5661,57899684897.5661,42843736190.4585,27271186970.8449,12443765916.7508,16512164612.8111,26419463380.4977,26419463380.4977,19549476329.1036,12443765916.7508,0.789409234313936,0.789409234313936,0.561197465487265,0.923483222482312,0.789409234313936,0.676839362028687,14398.2508620556,21528126825.4869,9823223724.32409,33821240981.2581,15432537140.196,21528126825.4869,9823223724.32409,2025,PPP_international_dollars,2023,societal,partial_mortality_benefit,3
Indonesia,2033,82215.1497764654,IDN,18239.2734163655,South-East Asia,I_PH_TOBACCO_TAX,Tobacco tax,public_health,htncov2_aspirational,1160519.0384788,1116473.95850674,44045.0799720658,749394.820630204,545698.568793706,63.8948910001042,301250984.5,38,207784463,37.9322220401051,37.2975,22.2649967637139,5494599073244.8,1374533.58906546,1374533.58906546,364785.468327311,1823927.34163655,2918283.74661849,2918283.74661849,1374533.58906546,2159427.6236602,75.3612031404788,36853.2365189479,48902.1339670636,78243.4143473018,78243.4143473018,57897.3824964193,36853.2365189479,60541441854.6787,80335025625.6194,128536041000.991,128536041000.991,95112162378.0014,60541441854.6787,27617624570.7594,36647005912.6818,58635209460.2909,58635209460.2909,43387998570.8624,27617624570.7594,0.789409234313936,0.789409234313936,0.561197465487265,0.923483222482312,0.789409234313936,0.676839362028687,14398.2508620556,47791973258.7636,21801607865.9729,75082419276.7608,34250886730.2386,47791973258.7636,21801607865.9729,2025,PPP_international_dollars,2023,societal,partial_mortality_benefit,3
Indonesia,2033,82215.1497764654,IDN,18239.2734163655,South-East Asia,I_PH_TOB_AD_BAN,Tobacco advertising ban,public_health,htncov2_aspirational,1160519.0384788,1155527.75318012,4991.28529867889,85151.294186278,61966.4035287579,63.825457768695,301250984.5,38,207784463,37.9322220401051,37.2975,22.2649967637139,5494599073244.8,1374533.58906546,1374533.58906546,364785.468327311,1823927.34163655,2918283.74661849,2918283.74661849,1374533.58906546,2159427.6236602,75.3612031404788,36853.2365189479,48902.1339670636,78243.4143473018,78243.4143473018,57897.3824964193,36853.2365189479,6860689295.64275,9103741726.16899,14565986761.8704,14565986761.8704,10778319351.5362,6860689295.64275,3138100784.54141,4164079995.76621,6662527993.22593,6662527993.22593,4930037049.56806,3138100784.54141,0.789409234313936,0.789409234313936,0.561197465487265,0.923483222482312,0.789409234313936,0.676839362028687,14398.2508620556,5415891483.73916,2477245737.5248,8508504826.48729,3891816772.43886,5415891483.73916,2477245737.5248,2025,PPP_international_dollars,2023,societal,partial_mortality_benefit,3
Indonesia,2033,82215.1497764654,IDN,18239.2734163655,South-East Asia,I_PH_TOB_CLEAN_AIR,Smoke-free / clean-air law,public_health,htncov2_aspirational,1160519.0384788,1153652.4177976,6866.62068120146,117129.45745595,85240.1857652671,63.8287852653802,301250984.5,38,207784463,37.9322220401051,37.2975,22.2649967637139,5494599073244.8,1374533.58906546,1374533.58906546,364785.468327311,1823927.34163655,2918283.74661849,2918283.74661849,1374533.58906546,2159427.6236602,75.3612031404788,36853.2365189479,48902.1339670636,78243.4143473018,78243.4143473018,57897.3824964193,36853.2365189479,9438400769.68295,12524217205.0904,20038747528.1446,20038747528.1446,14827970380.1828,9438400769.68295,4316599598.96017,5727880420.00034,9164608672.00055,9164608672.00055,6781488999.92521,4316599598.96017,0.789409234313936,0.789409234313936,0.561197465487265,0.923483222482312,0.789409234313936,0.676839362028687,14398.2508620556,7450760724.74347,3407563584.25499,11705336744.2498,5353370038.93933,7450760724.74347,3407563584.25499,2025,PPP_international_dollars,2023,societal,partial_mortality_benefit,3
Indonesia,2033,82215.1497764654,IDN,18239.2734163655,South-East Asia,I_PH_TOB_MEDIA,Tobacco mass-media campaign,public_health,htncov2_aspirational,1160519.0384788,1152401.09475579,8117.94372301285,138462.407571718,100767.14621888,63.8310058896671,301250984.5,38,207784463,37.9322220401051,37.2975,22.2649967637139,5494599073244.8,1374533.58906546,1374533.58906546,364785.468327311,1823927.34163655,2918283.74661849,2918283.74661849,1374533.58906546,2159427.6236602,75.3612031404788,36853.2365189479,48902.1339670636,78243.4143473018,78243.4143473018,57897.3824964193,36853.2365189479,11158386321.4243,14806539514.27,23690463222.832,23690463222.832,17530111922.7929,11158386321.4243,5102787855.2235,6771107204.47434,10833771527.1589,10833771527.1589,8016610972.55488,5102787855.2235,0.789409234313936,0.789409234313936,0.561197465487265,0.923483222482312,0.789409234313936,0.676839362028687,14398.2508620556,8808533202.17462,4028187853.65843,13838432230.4095,6328386729.63725,8808533202.17462,4028187853.65843,2025,PPP_international_dollars,2023,societal,partial_mortality_benefit,3
Indonesia,2033,82215.1497764654,IDN,18239.2734163655,South-East Asia,S_70_30_30_TO_70_70_70,70-30-30 -> 70-70-70 hypertension/cholesterol + diabetes cascade,cascade_70_30_30_to_70_70_70,htncov2_aspirational,1160519.0384788,1145447.02730525,15072.0111735546,198561.990600829,154838.21546188,69.1461357488175,301250984.5,38,207784463,37.9322220401051,37.2975,22.2649967637139,5494599073244.8,1374533.58906546,1374533.58906546,364785.468327311,1823927.34163655,2918283.74661849,2918283.74661849,1374533.58906546,2159427.6236602,75.3612031404788,36853.2365189479,48902.1339670636,78243.4143473018,78243.4143473018,57897.3824964193,36853.2365189479,20716985612.8207,27490253272.8979,43984405236.6366,43984405236.6366,32546917272.2889,20716985612.8207,7317652003.28545,9710105065.12855,15536168104.2057,15536168104.2057,11496219519.0666,7317652003.28545,0.789409234313936,0.789409234313936,0.561197465487265,0.923483222482312,0.789409234313936,0.676839362028687,14398.2508620556,16354179749.9096,5776622064.8894,25692837043.1966,9075221848.05127,16354179749.9096,5776622064.8894,2025,PPP_international_dollars,2023,societal,partial_mortality_benefit,3
Indonesia,2033,82215.1497764654,IDN,18239.2734163655,South-East Asia,S_70_30_30_TO_70_70_70_I_PH_TOBACCO_TAX,70-30-30 -> 70-70-70 cascade + tobacco tax,cascade_public_health,htncov2_aspirational,1160519.0384788,1101801.57044861,58717.4680301952,941383.8327198,695640.693811866,65.2415769036986,301250984.5,38,207784463,37.9322220401051,37.2975,22.2649967637139,5494599073244.8,1374533.58906546,1374533.58906546,364785.468327311,1823927.34163655,2918283.74661849,2918283.74661849,1374533.58906546,2159427.6236602,75.3612031404788,36853.2365189479,48902.1339670636,78243.4143473018,78243.4143473018,57897.3824964193,36853.2365189479,80709132072.3805,107096395371.943,171354232595.109,171354232595.109,126796122455.788,80709132072.3805,34693041042.3365,46035678302.0915,73657085283.3463,73657085283.3463,54503659838.9235,34693041042.3365,0.789409234313936,0.789409234313936,0.561197465487265,0.923483222482312,0.789409234313936,0.676839362028687,14398.2508620556,63712534151.4002,27387006965.2528,100094029941.8,43025692380.7518,63712534151.4002,27387006965.2528,2025,PPP_international_dollars,2023,societal,partial_mortality_benefit,3
Indonesia,2033,82215.1497764654,IDN,18239.2734163655,South-East Asia,all_cascade_public_health,70-30-30 -> 70-70-70 cascade + all public-health interventions (combined),cascade_public_health,htncov2_aspirational,1160519.0384788,1083048.50625548,77470.5322233236,1255522.41572127,925228.972819577,65.007701801813,301250984.5,38,207784463,37.9322220401051,37.2975,22.2649967637139,5494599073244.8,1374533.58906546,1374533.58906546,364785.468327311,1823927.34163655,2918283.74661849,2918283.74661849,1374533.58906546,2159427.6236602,75.3612031404788,36853.2365189479,48902.1339670636,78243.4143473018,78243.4143473018,57897.3824964193,36853.2365189479,106485848703.736,141300621893.256,226080995029.209,226080995029.209,167292007302.703,106485848703.736,46270064541.4167,61397725372.2528,98236360595.6044,98236360595.6044,72691461535.8426,46270064541.4167,0.789409234313936,0.789409234313936,0.561197465487265,0.923483222482312,0.789409234313936,0.676839362028687,14398.2508620556,84060912290.486,36526016221.2961,132061855391.668,57383310992.1704,84060912290.486,36526016221.2961,2025,PPP_international_dollars,2023,societal,partial_mortality_benefit,3
Indonesia,2033,82215.1497764654,IDN,18239.2734163655,South-East Asia,all_public_health,All selected public-health interventions (combined),public_health,htncov2_aspirational,1160519.0384788,1097550.2734354,62968.7650433976,1066296.48032216,777352.89008091,64.0096725635923,301250984.5,38,207784463,37.9322220401051,37.2975,22.2649967637139,5494599073244.8,1374533.58906546,1374533.58906546,364785.468327311,1823927.34163655,2918283.74661849,2918283.74661849,1374533.58906546,2159427.6236602,75.3612031404788,36853.2365189479,48902.1339670636,78243.4143473018,78243.4143473018,57897.3824964193,36853.2365189479,86552682614.1209,114850452231.741,183760723570.785,183760723570.785,135976490662.481,86552682614.1209,39296476388.6343,52144173329.3228,83430677326.9164,83430677326.9164,61735775175.7978,39296476388.6343,0.789409234313936,0.789409234313936,0.561197465487265,0.923483222482312,0.789409234313936,0.676839362028687,14398.2508620556,68325486910.2302,31021001337.1874,107341097378.565,48734791011.3038,68325486910.2302,31021001337.1874,2025,PPP_international_dollars,2023,societal,partial_mortality_benefit,3
Indonesia,2034,83127.6150549084,IDN,18803.5164890413,South-East Asia,I_PH_TOBACCO_POLICY,Tobacco policy package,public_health,htncov2_aspirational,1187394.62078838,1167776.02142495,19618.5993634232,336634.271453896,244754.547089531,63.7560497149974,302938573,38,208500978.5,38.0125182170308,37.4064,22.3005679434608,5696310452572.15,1430888.96762928,1430888.96762928,376070.329780827,1880351.64890413,3008562.63824661,3008562.63824661,1430888.96762928,2234898.52478722,76.096881583995,38252.5174202617,50268.1800147604,80429.0880236166,80429.0880236167,59746.4210612949,38252.5174202617,28072037389.461,36889865662.2024,59023785059.5238,59023785059.5238,43845578775.7059,28072037389.461,12877108333.0472,16921992156.5821,27075187450.5314,27075187450.5314,20112692925.9467,12877108333.0472,0.766416732343627,0.766416732343627,0.522101767670911,0.914339824239913,0.766416732343627,0.644608916217797,14411.3296641006,21514879166.2588,9869231290.64895,33603985212.9916,15414704390.9348,21514879166.2588,9869231290.64895,2025,PPP_international_dollars,2023,societal,partial_mortality_benefit,3
Indonesia,2034,83127.6150549084,IDN,18803.5164890413,South-East Asia,I_PH_TOBACCO_TAX,Tobacco tax,public_health,htncov2_aspirational,1187394.62078838,1143867.72914807,43526.8916403081,746624.980057412,542875.796327495,63.7682917852487,302938573,38,208500978.5,38.0125182170308,37.4064,22.3005679434608,5696310452572.15,1430888.96762928,1430888.96762928,376070.329780827,1880351.64890413,3008562.63824661,3008562.63824661,1430888.96762928,2234898.52478722,76.096881583995,38252.5174202617,50268.1800147604,80429.0880236166,80429.0880236167,59746.4210612949,38252.5174202617,62282149043.3118,81845862467.5249,130953379948.04,130953379948.04,97278185915.4977,62282149043.3118,28560285056.0487,37531478901.0429,60050366241.6686,60050366241.6686,44608170433.391,28560285056.0487,0.766416732343627,0.766416732343627,0.522101767670911,0.914339824239913,0.766416732343627,0.644608916217797,14411.3296641006,47734081153.1138,21889080347.4593,74555629377.6716,34188448219.3871,47734081153.1138,21889080347.4593,2025,PPP_international_dollars,2023,societal,partial_mortality_benefit,3
Indonesia,2034,83127.6150549084,IDN,18803.5164890413,South-East Asia,I_PH_TOB_AD_BAN,Tobacco advertising ban,public_health,htncov2_aspirational,1187394.62078838,1182460.62105876,4933.99972961233,84875.6635512344,61672.719645552,63.693589905032,302938573,38,208500978.5,38.0125182170308,37.4064,22.3005679434608,5696310452572.15,1430888.96762928,1430888.96762928,376070.329780827,1880351.64890413,3008562.63824661,3008562.63824661,1430888.96762928,2234898.52478722,76.096881583995,38252.5174202617,50268.1800147604,80429.0880236166,80429.0880236167,59746.4210612949,38252.5174202617,7060005779.38812,9277654527.2691,14844247243.6306,14844247243.6306,11026988717.0111,7060005779.38812,3246707798.54986,4266545134.26569,6826472214.8251,6826472214.8251,5071017132.38884,3246707798.54986,0.766416732343627,0.766416732343627,0.522101767670911,0.914339824239913,0.766416732343627,0.644608916217797,14411.3296641006,5410906559.76576,2488331181.83916,8451268660.08172,3886512380.26401,5410906559.76576,2488331181.83916,2025,PPP_international_dollars,2023,societal,partial_mortality_benefit,3
Indonesia,2034,83127.6150549084,IDN,18803.5164890413,South-East Asia,I_PH_TOB_CLEAN_AIR,Smoke-free / clean-air law,public_health,htncov2_aspirational,1187394.62078838,1180606.91254615,6787.70824222888,116747.547822732,84834.2927702471,63.6971785841098,302938573,38,208500978.5,38.0125182170308,37.4064,22.3005679434608,5696310452572.15,1430888.96762928,1430888.96762928,376070.329780827,1880351.64890413,3008562.63824661,3008562.63824661,1430888.96762928,2234898.52478722,76.096881583995,38252.5174202617,50268.1800147604,80429.0880236166,80429.0880236167,59746.4210612949,38252.5174202617,9712456839.29162,12763278385.5553,20421245416.8884,20421245416.8884,15169839137.2434,9712456839.29162,4465887606.86189,5868686750.23494,9389898800.3759,9389898800.3759,6975248150.0906,4465887606.86189,0.766416732343627,0.766416732343627,0.522101767670911,0.914339824239913,0.766416732343627,0.644608916217797,14411.3296641006,7443789433.79839,3422730986.66499,11626418541.7445,5345946894.47836,7443789433.79839,3422730986.66499,2025,PPP_international_dollars,2023,societal,partial_mortality_benefit,3
Indonesia,2034,83127.6150549084,IDN,18803.5164890413,South-East Asia,I_PH_TOB_MEDIA,Tobacco mass-media campaign,public_health,htncov2_aspirational,1187394.62078838,1179370.05097493,8024.56981345056,138008.769335831,100285.823207028,63.699573035987,302938573,38,208500978.5,38.0125182170308,37.4064,22.3005679434608,5696310452572.15,1430888.96762928,1430888.96762928,376070.329780827,1880351.64890413,3008562.63824661,3008562.63824661,1430888.96762928,2234898.52478722,76.096881583995,38252.5174202617,50268.1800147604,80429.0880236166,80429.0880236167,59746.4210612949,38252.5174202617,11482268416.0373,15089013080.4681,24142420928.749,24142420928.749,17934099238.1327,11482268416.0373,5279182853.16774,6937449660.58908,11099919456.9425,11099919456.9425,8245530042.88966,5279182853.16774,0.766416732343627,0.766416732343627,0.522101767670911,0.914339824239913,0.766416732343627,0.644608916217797,14411.3296641006,8800202639.31176,4046054071.76932,13744993735.616,6319512191.9127,8800202639.31176,4046054071.76932,2025,PPP_international_dollars,2023,societal,partial_mortality_benefit,3
Indonesia,2034,83127.6150549084,IDN,18803.5164890413,South-East Asia,S_70_30_30_TO_70_70_70,70-30-30 -> 70-70-70 hypertension/cholesterol + diabetes cascade,cascade_70_30_30_to_70_70_70,htncov2_aspirational,1187394.62078838,1165935.26544606,21459.3553423177,284504.243630222,221891.819113908,69.0539658170477,302938573,38,208500978.5,38.0125182170308,37.4064,22.3005679434608,5696310452572.15,1430888.96762928,1430888.96762928,376070.329780827,1880351.64890413,3008562.63824661,3008562.63824661,1430888.96762928,2234898.52478722,76.096881583995,38252.5174202617,50268.1800147604,80429.0880236166,80429.0880236167,59746.4210612949,38252.5174202617,30705954811.7587,40351134202.3468,64561814723.7548,64561814723.7548,47959481597.4305,30705954811.7587,10883003535.6034,14301510533.7673,22882416854.0276,22882416854.0276,16998110333.6565,10883003535.6034,0.766416732343627,0.766416732343627,0.522101767670911,0.914339824239913,0.766416732343627,0.644608916217797,14411.3296641006,23533557550.3192,8340916007.84133,36756949170.797,13027636177.9374,23533557550.3192,8340916007.84133,2025,PPP_international_dollars,2023,societal,partial_mortality_benefit,3
Indonesia,2034,83127.6150549084,IDN,18803.5164890413,South-East Asia,S_70_30_30_TO_70_70_70_I_PH_TOBACCO_TAX,70-30-30 -> 70-70-70 cascade + tobacco tax,cascade_public_health,htncov2_aspirational,1187394.62078838,1123071.95140854,64322.6693798406,1020139.92058609,756589.599063599,65.529080103458,302938573,38,208500978.5,38.0125182170308,37.4064,22.3005679434608,5696310452572.15,1430888.96762928,1430888.96762928,376070.329780827,1880351.64890413,3008562.63824661,3008562.63824661,1430888.96762928,2234898.52478722,76.096881583995,38252.5174202617,50268.1800147604,80429.0880236166,80429.0880236167,59746.4210612949,38252.5174202617,92038597984.0793,120949237430.299,193518779888.478,193518779888.478,143754638907.382,92038597984.0793,39022920083.3238,51280577168.265,82048923469.2241,82048923469.2241,60949709236.7725,39022920083.3238,0.766416732343627,0.766416732343627,0.522101767670911,0.914339824239913,0.766416732343627,0.644608916217797,14411.3296641006,70539921516.4468,29907818896.7675,110175960610.633,46712876990.5414,70539921516.4468,29907818896.7675,2025,PPP_international_dollars,2023,societal,partial_mortality_benefit,3
Indonesia,2034,83127.6150549084,IDN,18803.5164890413,South-East Asia,all_cascade_public_health,70-30-30 -> 70-70-70 cascade + all public-health interventions (combined),cascade_public_health,htncov2_aspirational,1187394.62078838,1104600.14024708,82794.4805412998,1332002.31086124,984171.835146246,65.2241497083307,302938573,38,208500978.5,38.0125182170308,37.4064,22.3005679434608,5696310452572.15,1430888.96762928,1430888.96762928,376070.329780827,1880351.64890413,3008562.63824661,3008562.63824661,1430888.96762928,2234898.52478722,76.096881583995,38252.5174202617,50268.1800147604,80429.0880236166,80429.0880236167,59746.4210612949,38252.5174202617,118469708787.143,155682738005.994,249092380809.591,249092380809.591,185037262422.275,118469708787.143,50952441600.0483,66957331942.4495,107131731107.919,107131731107.919,79582370919.3332,50952441600.0483,0.766416732343627,0.766416732343627,0.522101767670911,0.914339824239913,0.766416732343627,0.644608916217797,14411.3296641006,90797167090.343,39050803796.0385,141815654027.49,60993260672.1538,90797167090.343,39050803796.0385,2025,PPP_international_dollars,2023,societal,partial_mortality_benefit,3
Indonesia,2034,83127.6150549084,IDN,18803.5164890413,South-East Asia,all_public_health,All selected public-health interventions (combined),public_health,htncov2_aspirational,1187394.62078838,1125112.81408435,62281.80670403,1063105.3187968,773907.683947943,63.8878724331193,302938573,38,208500978.5,38.0125182170308,37.4064,22.3005679434608,5696310452572.15,1430888.96762928,1430888.96762928,376070.329780827,1880351.64890413,3008562.63824661,3008562.63824661,1430888.96762928,2234898.52478722,76.096881583995,38252.5174202617,50268.1800147604,80429.0880236166,80429.0880236167,59746.4210612949,38252.5174202617,89118350096.8157,117111697932.651,187378716692.242,187378716692.242,139193517923.919,89118350096.8157,40666454726.8474,53440369539.9267,85504591263.8827,85504591263.8827,63516738009.3356,40666454726.8474,0.766416732343627,0.766416732343627,0.522101767670911,0.914339824239913,0.766416732343627,0.644608916217797,14411.3296641006,68301794673.0568,31167451347.7504,106680241170.664,48680290794.2412,68301794673.0568,31167451347.7504,2025,PPP_international_dollars,2023,societal,partial_mortality_benefit,3
Indonesia,2035,84050.2073341125,IDN,19385.2147660882,South-East Asia,I_PH_TOBACCO_POLICY,Tobacco policy package,public_health,htncov2_aspirational,1214325.97179281,1194804.34494917,19521.6268436419,337089.726868895,244814.57072278,63.6782427273076,304566622,38,209141644,38.0925247938665,37.5179,22.336869947743,5904089378052.02,1489554.89627229,1489554.89627229,387704.295321765,1938521.47660882,3101634.36257412,3101634.36257412,1489554.89627229,2313007.09566271,76.8397417436956,39702.5125679288,51669.2425911052,82670.7881457683,82670.7881457683,61650.7612543002,39702.5125679288,29078534848.1474,37843092894.7431,60548948631.589,60548948631.589,45153661408.2233,29078534848.1474,13383309117.532,17417170872.5583,27867473396.0933,27867473396.0933,20781838272.4715,13383309117.532,0.744093914896725,0.744093914896725,0.485729663031194,0.905286954692983,0.744093914896725,0.613913253540759,14424.4203464124,21637160834.6189,9958438875.53739,33598564689.166,15463639398.9139,21637160834.6189,9958438875.53739,2025,PPP_international_dollars,2023,societal,partial_mortality_benefit,3
Indonesia,2035,84050.2073341125,IDN,19385.2147660882,South-East Asia,I_PH_TOBACCO_TAX,Tobacco tax,public_health,htncov2_aspirational,1214325.97179281,1171037.11223231,43288.8595605008,747137.533257064,542654.910282799,63.6944980224197,304566622,38,209141644,38.0925247938665,37.5179,22.336869947743,5904089378052.02,1489554.89627229,1489554.89627229,387704.295321765,1938521.47660882,3101634.36257412,3101634.36257412,1489554.89627229,2313007.09566271,76.8397417436956,39702.5125679288,51669.2425911052,82670.7881457683,82670.7881457683,61650.7612543002,39702.5125679288,64481132712.3876,83916383955.934,134266214329.494,134266214329.494,100127439326.585,64481132712.3876,29663237304.1099,38604030454.7792,61766448727.6467,61766448727.6467,46061597686.958,29663237304.1099,0.744093914896725,0.744093914896725,0.485729663031194,0.905286954692983,0.744093914896725,0.613913253540759,14424.4203464124,47980018476.9358,22072234374.1257,74504218317.1027,34274154549.2865,47980018476.9358,22072234374.1257,2025,PPP_international_dollars,2023,societal,partial_mortality_benefit,3
Indonesia,2035,84050.2073341125,IDN,19385.2147660882,South-East Asia,I_PH_TOB_AD_BAN,Tobacco advertising ban,public_health,htncov2_aspirational,1214325.97179281,1209417.52971671,4908.44207610139,84979.3519478481,61678.4684954101,63.612650208882,304566622,38,209141644,38.0925247938665,37.5179,22.336869947743,5904089378052.02,1489554.89627229,1489554.89627229,387704.295321765,1938521.47660882,3101634.36257412,3101634.36257412,1489554.89627229,2313007.09566271,76.8397417436956,39702.5125679288,51669.2425911052,82670.7881457683,82670.7881457683,61650.7612543002,39702.5125679288,7311393927.52578,9515120381.21296,15224192609.9407,15224192609.9407,11353261350.6719,7311393927.52578,3373893788.72388,4390818751.02827,7025310001.64523,7025310001.64523,5239041738.48193,3373893788.72388,0.744093914896725,0.744093914896725,0.485729663031194,0.905286954692983,0.744093914896725,0.613913253540759,14424.4203464124,5440363730.8848,2510493837.6973,8447892685.26715,3898339077.49437,5440363730.8848,2510493837.6973,2025,PPP_international_dollars,2023,societal,partial_mortality_benefit,3
Indonesia,2035,84050.2073341125,IDN,19385.2147660882,South-East Asia,I_PH_TOB_CLEAN_AIR,Smoke-free / clean-air law,public_health,htncov2_aspirational,1214325.97179281,1207573.5226524,6752.44914040739,116887.048116349,84840.0770195317,63.6165887070646,304566622,38,209141644,38.0925247938665,37.5179,22.336869947743,5904089378052.02,1489554.89627229,1489554.89627229,387704.295321765,1938521.47660882,3101634.36257412,3101634.36257412,1489554.89627229,2313007.09566271,76.8397417436956,39702.5125679288,51669.2425911052,82670.7881457683,82670.7881457683,61650.7612543002,39702.5125679288,10058143678.9235,13089767678.3885,20943628285.4216,20943628285.4216,15618462774.8638,10058143678.9235,4640709496.86745,6039465244.88184,9663144391.81094,9663144391.81094,7206175497.14095,4640709496.86745,0.744093914896725,0.744093914896725,0.485729663031194,0.905286954692983,0.744093914896725,0.613913253540759,14424.4203464124,7484203506.64391,3453123697.42251,11621603110.8172,5362071337.10046,7484203506.64391,3453123697.42251,2025,PPP_international_dollars,2023,societal,partial_mortality_benefit,3
Indonesia,2035,84050.2073341125,IDN,19385.2147660882,South-East Asia,I_PH_TOB_MEDIA,Tobacco mass-media campaign,public_health,htncov2_aspirational,1214325.97179281,1206343.16410957,7982.80768324161,138171.217808275,100290.991338986,63.6192162228753,304566622,38,209141644,38.0925247938665,37.5179,22.336869947743,5904089378052.02,1489554.89627229,1489554.89627229,387704.295321765,1938521.47660882,3101634.36257412,3101634.36257412,1489554.89627229,2313007.09566271,76.8397417436956,39702.5125679288,51669.2425911052,82670.7881457683,82670.7881457683,61650.7612543002,39702.5125679288,11890830270.5726,15474844137.6018,24759750620.1629,24759750620.1629,18464290814.6486,11890830270.5726,5485744511.55904,7139202172.04417,11422723475.2707,11422723475.2707,8518360761.31385,5485744511.55904,0.744093914896725,0.744093914896725,0.485729663031194,0.905286954692983,0.744093914896725,0.613913253540759,14424.4203464124,8847894447.40287,4081909109.72919,13739166438.0635,6338460407.38867,8847894447.40287,4081909109.72919,2025,PPP_international_dollars,2023,societal,partial_mortality_benefit,3
Indonesia,2035,84050.2073341125,IDN,19385.2147660882,South-East Asia,S_70_30_30_TO_70_70_70,70-30-30 -> 70-70-70 hypertension/cholesterol + diabetes cascade,cascade_70_30_30_to_70_70_70,htncov2_aspirational,1214325.97179281,1185418.58692723,28907.3848655829,385584.443116222,300608.809571662,68.9948795611201,304566622,38,209141644,38.0925247938665,37.5179,22.336869947743,5904089378052.02,1489554.89627229,1489554.89627229,387704.295321765,1938521.47660882,3101634.36257412,3101634.36257412,1489554.89627229,2313007.09566271,76.8397417436956,39702.5125679288,51669.2425911052,82670.7881457683,82670.7881457683,61650.7612543002,39702.5125679288,43059136664.9566,56037586394.5293,89660138231.247,89660138231.247,66862986311.1461,43059136664.9566,15308671198.8196,19922856130.7283,31876569809.1653,31876569809.1653,23771574445.9305,15308671198.8196,0.744093914896725,0.744093914896725,0.485729663031194,0.905286954692983,0.744093914896725,0.613913253540759,14424.4203464124,32040041573.1007,11391089084.1964,49752341245.9468,17688283892.7314,32040041573.1007,11391089084.1964,2025,PPP_international_dollars,2023,societal,partial_mortality_benefit,3
Indonesia,2035,84050.2073341125,IDN,19385.2147660882,South-East Asia,S_70_30_30_TO_70_70_70_I_PH_TOBACCO_TAX,70-30-30 -> 70-70-70 cascade + tobacco tax,cascade_public_health,htncov2_aspirational,1214325.97179281,1143104.1475481,71221.8242447116,1116453.33117469,831177.118436119,65.8423805639921,304566622,38,209141644,38.0925247938665,37.5179,22.336869947743,5904089378052.02,1489554.89627229,1489554.89627229,387704.295321765,1938521.47660882,3101634.36257412,3101634.36257412,1489554.89627229,2313007.09566271,76.8397417436956,39702.5125679288,51669.2425911052,82670.7881457683,82670.7881457683,61650.7612543002,39702.5125679288,106088817025.155,138065035901.633,220904057442.612,220904057442.612,164736584844.06,106088817025.155,44326002412.4689,57686298010.1124,92298076816.1798,92298076816.1798,68830197771.8188,44326002412.4689,0.744093914896725,0.744093914896725,0.485729663031194,0.905286954692983,0.744093914896725,0.613913253540759,14424.4203464124,78940043187.0099,32982708666.8157,122579490343.333,51216131323.1485,78940043187.0099,32982708666.8157,2025,PPP_international_dollars,2023,societal,partial_mortality_benefit,3
Indonesia,2035,84050.2073341125,IDN,19385.2147660882,South-East Asia,all_cascade_public_health,70-30-30 -> 70-70-70 cascade + all public-health interventions (combined),cascade_public_health,htncov2_aspirational,1214325.97179281,1124823.91078373,89502.0610090749,1426902.01528829,1057470.98103633,65.4868061419146,304566622,38,209141644,38.0925247938665,37.5179,22.336869947743,5904089378052.02,1489554.89627229,1489554.89627229,387704.295321765,1938521.47660882,3101634.36257412,3101634.36257412,1489554.89627229,2313007.09566271,76.8397417436956,39702.5125679288,51669.2425911052,82670.7881457683,82670.7881457683,61650.7612543002,39702.5125679288,133318233202.529,173501667466.845,277602667946.952,277602667946.952,207018902190.427,133318233202.529,56651595195.1863,73726946381.6676,117963114210.668,117963114210.668,87969595477.8183,56651595195.1863,0.744093914896725,0.744093914896725,0.485729663031194,0.905286954692983,0.744093914896725,0.613913253540759,14424.4203464124,99201286070.7845,42154107253.9307,154041505388.497,65457640690.9711,99201286070.7845,42154107253.9307,2025,PPP_international_dollars,2023,societal,partial_mortality_benefit,3
Indonesia,2035,84050.2073341125,IDN,19385.2147660882,South-East Asia,all_public_health,All selected public-health interventions (combined),public_health,htncov2_aspirational,1214325.97179281,1152341.21245919,61984.7593336176,1064423.4787945,774047.60670767,63.8184664689317,304566622,38,209141644,38.0925247938665,37.5179,22.336869947743,5904089378052.02,1489554.89627229,1489554.89627229,387704.295321765,1938521.47660882,3101634.36257412,3101634.36257412,1489554.89627229,2313007.09566271,76.8397417436956,39702.5125679288,51669.2425911052,82670.7881457683,82670.7881457683,61650.7612543002,39702.5125679288,92329701759.6498,120158787190.647,192254059505.035,192254059505.035,143371188161.603,92329701759.6498,42260286544.4372,54997954945.5012,87996727912.8019,87996727912.8019,65622517764.6315,42260286544.4372,0.744093914896725,0.744093914896725,0.485729663031194,0.905286954692983,0.744093914896725,0.613913253540759,14424.4203464124,68701969243.5849,31445622059.5076,106681628682.562,48829316148.8645,68701969243.5849,31445622059.5076,2025,PPP_international_dollars,2023,societal,partial_mortality_benefit,3
Indonesia,2036,84847.8568068913,IDN,19931.358148438,South-East Asia,I_PH_TOBACCO_POLICY,Tobacco policy package,public_health,htncov2_aspirational,1242005.19631071,1219067.39281267,22937.8034980457,379489.787903804,278303.358894952,64.8164128218227,306135098,38,209707744,38.1720859960231,37.6267,22.3721777431964,6101688280045.16,1545627.66981622,1545627.66981622,398627.162968759,1993135.8148438,3189017.30375008,3189017.30375008,1545627.66981622,2386910.1925988,77.5475338060366,41077.9491641897,52971.3159762562,84754.1055620098,84754.1055620098,63436.6073187071,41077.9491641897,35453303771.3866,45718157665.8041,73149052265.2866,73149052265.2866,54750476965.3135,35453303771.3866,15588662215.8416,20102073464.8148,32163317543.7037,32163317543.7037,24073544656.713,15588662215.8416,0.722421276598762,0.722421276598762,0.4518914130494,0.896323717517805,0.722421276598762,0.584679289086437,14398.8371979417,25612220970.1688,11261581258.4352,39552909463.6729,17391240863.1599,25612220970.1688,11261581258.4352,2025,PPP_international_dollars,2023,societal,partial_mortality_benefit,3
Indonesia,2036,84847.8568068913,IDN,19931.358148438,South-East Asia,I_PH_TOBACCO_TAX,Tobacco tax,public_health,htncov2_aspirational,1242005.19631071,1190976.24482036,51028.9514903511,842778.501261399,618254.195529769,64.8640905065122,306135098,38,209707744,38.1720859960231,37.6267,22.3721777431964,6101688280045.16,1545627.66981622,1545627.66981622,398627.162968759,1993135.8148438,3189017.30375008,3189017.30375008,1545627.66981622,2386910.1925988,77.5475338060366,41077.9491641897,52971.3159762562,84754.1055620098,84754.1055620098,63436.6073187071,41077.9491641897,78871759385.1961,101707630809.345,162732209294.953,162732209294.953,121801524429.948,78871759385.1961,34619612431.4877,44643086288.3132,71428938061.301,71428938061.301,53463008841.1678,34619612431.4877,0.722421276598762,0.722421276598762,0.4518914130494,0.896323717517805,0.722421276598762,0.584679289086437,14398.8371979417,56978637102.6437,25009944608.1097,87992012770.3587,38622815097.8474,56978637102.6437,25009944608.1097,2025,PPP_international_dollars,2023,societal,partial_mortality_benefit,3
Indonesia,2036,84847.8568068913,IDN,19931.358148438,South-East Asia,I_PH_TOB_AD_BAN,Tobacco advertising ban,public_health,htncov2_aspirational,1242005.19631071,1236234.95229014,5770.24402057613,95708.1679967445,70147.3545127024,64.7542488191933,306135098,38,209707744,38.1720859960231,37.6267,22.3721777431964,6101688280045.16,1545627.66981622,1545627.66981622,398627.162968759,1993135.8148438,3189017.30375008,3189017.30375008,1545627.66981622,2386910.1925988,77.5475338060366,41077.9491641897,52971.3159762562,84754.1055620098,84754.1055620098,63436.6073187071,41077.9491641897,8918648819.79404,11500880017.7986,18401408028.4777,18401408028.4777,13773054266.4954,8918648819.79404,3931495259.568,5069787608.46416,8111660173.54266,8111660173.54266,6071401470.40233,3931495259.568,0.722421276598762,0.722421276598762,0.4518914130494,0.896323717517805,0.722421276598762,0.584679289086437,14398.8371979417,6443021665.93165,2840195824.35909,9949947445.86564,4386109600.99165,6443021665.93165,2840195824.35909,2025,PPP_international_dollars,2023,societal,partial_mortality_benefit,3
Indonesia,2036,84847.8568068913,IDN,19931.358148438,South-East Asia,I_PH_TOB_CLEAN_AIR,Smoke-free / clean-air law,public_health,htncov2_aspirational,1242005.19631071,1234066.16771077,7939.02859993701,131653.764059325,96497.0960932362,64.7595116689585,306135098,38,209707744,38.1720859960231,37.6267,22.3721777431964,6101688280045.16,1545627.66981622,1545627.66981622,398627.162968759,1993135.8148438,3189017.30375008,3189017.30375008,1545627.66981622,2386910.1925988,77.5475338060366,41077.9491641897,52971.3159762562,84754.1055620098,84754.1055620098,63436.6073187071,41077.9491641897,12270782275.5249,15823562237.6037,25317699580.1659,25317699580.1659,18949748284.523,12270782275.5249,5408066627.30319,6973873135.45,11158197016.72,11158197016.72,8351668132.66113,5408066627.30319,0.722421276598762,0.722421276598762,0.4518914130494,0.896323717517805,0.722421276598762,0.584679289086437,14398.8371979417,8864674196.35019,3906902396.82753,13689701346.9303,6033422754.12625,8864674196.35019,3906902396.82753,2025,PPP_international_dollars,2023,societal,partial_mortality_benefit,3
Indonesia,2036,84847.8568068913,IDN,19931.358148438,South-East Asia,I_PH_TOB_MEDIA,Tobacco mass-media campaign,public_health,htncov2_aspirational,1242005.19631071,1232618.80068662,9386.39562408827,155634.339444504,114077.200505371,64.7630239662824,306135098,38,209707744,38.1720859960231,37.6267,22.3721777431964,6101688280045.16,1545627.66981622,1545627.66981622,398627.162968759,1993135.8148438,3189017.30375008,3189017.30375008,1545627.66981622,2386910.1925988,77.5475338060366,41077.9491641897,52971.3159762562,84754.1055620098,84754.1055620098,63436.6073187071,41077.9491641897,14507872796.4327,18708361290.6634,29933378065.0615,29933378065.0615,22404483386.901,14507872796.4327,6393139483.90358,8244155771.47073,13190649234.3532,13190649234.3532,9872914476.64736,6393139483.90358,0.722421276598762,0.722421276598762,0.4518914130494,0.896323717517805,0.722421276598762,0.584679289086437,14398.8371979417,10480795986.3314,4618539987.43557,16185475489.9008,7132403479.96999,10480795986.3314,4618539987.43557,2025,PPP_international_dollars,2023,societal,partial_mortality_benefit,3
Indonesia,2036,84847.8568068913,IDN,19931.358148438,South-East Asia,S_70_30_30_TO_70_70_70,70-30-30 -> 70-70-70 hypertension/cholesterol + diabetes cascade,cascade_70_30_30_to_70_70_70,htncov2_aspirational,1242005.19631071,1204650.49835277,37354.6979579421,500747.270889297,390184.989765662,68.9710411526157,306135098,38,209707744,38.1720859960231,37.6267,22.3721777431964,6101688280045.16,1545627.66981622,1545627.66981622,398627.162968759,1993135.8148438,3189017.30375008,3189017.30375008,1545627.66981622,2386910.1925988,77.5475338060366,41077.9491641897,52971.3159762562,84754.1055620098,84754.1055620098,63436.6073187071,41077.9491641897,57736454761.4227,74452986352.6469,119124778164.235,119124778164.235,89162309297.2615,57736454761.4227,20569670937.6973,26525241910.5249,42440387056.8398,42440387056.8398,31765707989.3186,20569670937.6973,0.722421276598762,0.722421276598762,0.4518914130494,0.896323717517805,0.722421276598762,0.584679289086437,14398.8371979417,41710043355.0337,14859967938.0277,64412749307.0213,22948223317.707,41710043355.0337,14859967938.0277,2025,PPP_international_dollars,2023,societal,partial_mortality_benefit,3
Indonesia,2036,84847.8568068913,IDN,19931.358148438,South-East Asia,S_70_30_30_TO_70_70_70_I_PH_TOBACCO_TAX,70-30-30 -> 70-70-70 cascade + tobacco tax,cascade_public_health,htncov2_aspirational,1242005.19631071,1155118.61178453,86886.5845261842,1319015.10718269,990142.862054403,66.6358962596452,306135098,38,209707744,38.1720859960231,37.6267,22.3721777431964,6101688280045.16,1545627.66981622,1545627.66981622,398627.162968759,1993135.8148438,3189017.30375008,3189017.30375008,1545627.66981622,2386910.1925988,77.5475338060366,41077.9491641897,52971.3159762562,84754.1055620098,84754.1055620098,63436.6073187071,41077.9491641897,134294309179.496,173176763448.591,277082821517.745,277082821517.745,207390474205.646,134294309179.496,54182435519.649,69869966020.0299,111791945632.048,111791945632.048,83673843401.7909,54182435519.649,0.722421276598762,0.722421276598762,0.4518914130494,0.896323717517805,0.722421276598762,0.584679289086437,14398.8371979417,97017066277.4002,39142544237.3349,149823291130.065,60447764768.2467,97017066277.4002,39142544237.3349,2025,PPP_international_dollars,2023,societal,partial_mortality_benefit,3
Indonesia,2036,84847.8568068913,IDN,19931.358148438,South-East Asia,all_cascade_public_health,70-30-30 -> 70-70-70 cascade + all public-health interventions (combined),cascade_public_health,htncov2_aspirational,1242005.19631071,1133885.6904269,108119.505883813,1664676.41559095,1244481.25654987,66.3582085373533,306135098,38,209707744,38.1720859960231,37.6267,22.3721777431964,6101688280045.16,1545627.66981622,1545627.66981622,398627.162968759,1993135.8148438,3189017.30375008,3189017.30375008,1545627.66981622,2386910.1925988,77.5475338060366,41077.9491641897,52971.3159762562,84754.1055620098,84754.1055620098,63436.6073187071,41077.9491641897,167112499940.878,215496859460.242,344794975136.386,344794975136.386,258071550612.818,167112499940.878,68381493174.4706,88180100408.4898,141088160653.584,141088160653.584,105601424088.556,68381493174.4706,0.722421276598762,0.722421276598762,0.4518914130494,0.896323717517805,0.722421276598762,0.584679289086437,14398.8371979417,120725625542.9,49400245594.8306,186436379047.534,76288715600.7019,120725625542.9,49400245594.8306,2025,PPP_international_dollars,2023,societal,partial_mortality_benefit,3
Indonesia,2036,84847.8568068913,IDN,19931.358148438,South-East Asia,all_public_health,All selected public-health interventions (combined),public_health,htncov2_aspirational,1242005.19631071,1169109.56895081,72895.6273599002,1198677.37640097,880260.482221658,64.9678421856195,306135098,38,209707744,38.1720859960231,37.6267,22.3721777431964,6101688280045.16,1545627.66981622,1545627.66981622,398627.162968759,1993135.8148438,3189017.30375008,3189017.30375008,1545627.66981622,2386910.1925988,77.5475338060366,41077.9491641897,52971.3159762562,84754.1055620098,84754.1055620098,63436.6073187071,41077.9491641897,112669498656.074,145290885636.524,232465417018.439,232465417018.439,173995315941.229,112669498656.074,49239208332.0632,63495518058.9253,101592828894.281,101592828894.281,76040026028.5662,49239208332.0632,0.722421276598762,0.722421276598762,0.4518914130494,0.896323717517805,0.722421276598762,0.584679289086437,14398.8371979417,81394843052.8633,35571451741.9615,125697918264.468,54932932676.1599,81394843052.8633,35571451741.9615,2025,PPP_international_dollars,2023,societal,partial_mortality_benefit,3
Indonesia,2037,85653.076096588,IDN,20492.8881332929,South-East Asia,I_PH_TOBACCO_POLICY,Tobacco policy package,public_health,htncov2_aspirational,1269807.80909442,1243608.8332815,26198.9758129173,420534.630534366,310629.675956188,65.6174824801273,307646417.5,38,210190975.5,38.2494964918225,37.7369,22.407824303554,6304563618435.84,1603811.24568154,1603811.24568154,409857.762665859,2049288.81332929,3278862.10132687,3278862.10132687,1603811.24568154,2463174.57400607,78.2618455363534,42499.81439073,54304.6411689697,86887.4258703516,86887.4258703516,65272.3083773726,42499.81439073,42018212034.0954,53689268054.0961,85902828886.5538,85902828886.5538,64532651087.3779,42018212034.0954,17872643742.5848,22836982210.294,36539171536.4704,36539171536.4704,27449266087.6036,17872643742.5848,0.701379880192973,0.701379880192973,0.420410497298925,0.887449225265154,0.701379880192973,0.556837418177559,14373.299423737,29470728522.3968,12535512726.9058,45261903088.2001,19252362959.9085,29470728522.3968,12535512726.9058,2025,PPP_international_dollars,2023,societal,partial_mortality_benefit,3
Indonesia,2037,85653.076096588,IDN,20492.8881332929,South-East Asia,I_PH_TOBACCO_TAX,Tobacco tax,public_health,htncov2_aspirational,1269807.80909442,1211364.0655658,58443.7435286203,935658.94876684,691467.440891165,65.6858994016709,307646417.5,38,210190975.5,38.2494964918225,37.7369,22.407824303554,6304563618435.84,1603811.24568154,1603811.24568154,409857.762665859,2049288.81332929,3278862.10132687,3278862.10132687,1603811.24568154,2463174.57400607,78.2618455363534,42499.81439073,54304.6411689697,86887.4258703516,86887.4258703516,65272.3083773726,42499.81439073,93732733110.9291,119768109822.288,191628975715.661,191628975715.661,143957143069.43,93732733110.9291,39765331655.6163,50810623469.3187,81296997550.9099,81296997550.9099,61072619439.9575,39765331655.6163,0.701379880192973,0.701379880192973,0.420410497298925,0.887449225265154,0.701379880192973,0.556837418177559,14373.299423737,65742253119.5033,27890603552.45,100968643758.959,42835106505.8684,65742253119.5033,27890603552.45,2025,PPP_international_dollars,2023,societal,partial_mortality_benefit,3
Indonesia,2037,85653.076096588,IDN,20492.8881332929,South-East Asia,I_PH_TOB_AD_BAN,Tobacco advertising ban,public_health,htncov2_aspirational,1269807.80909442,1263213.8175023,6593.99159211999,106107.980086943,78333.2992719181,65.557437858159,307646417.5,38,210190975.5,38.2494964918225,37.7369,22.407824303554,6304563618435.84,1603811.24568154,1603811.24568154,409857.762665859,2049288.81332929,3278862.10132687,3278862.10132687,1603811.24568154,2463174.57400607,78.2618455363534,42499.81439073,54304.6411689697,86887.4258703516,86887.4258703516,65272.3083773726,42499.81439073,10575517869.3716,13512993204.9189,21620789127.8703,21620789127.8703,16242152430.9198,10575517869.3716,4509569459.07034,5762155783.7856,9219449254.05696,9219449254.05696,6925912797.53503,4509569459.07034,0.701379880192973,0.701379880192973,0.420410497298925,0.887449225265154,0.701379880192973,0.556837418177559,14373.299423737,7417455456.19847,3162921286.92464,11391918926.0745,4857695888.1621,7417455456.19847,3162921286.92464,2025,PPP_international_dollars,2023,societal,partial_mortality_benefit,3
Indonesia,2037,85653.076096588,IDN,20492.8881332929,South-East Asia,I_PH_TOB_CLEAN_AIR,Smoke-free / clean-air law,public_health,htncov2_aspirational,1269807.80909442,1260734.49280308,9073.31629133501,145968.74373113,107765.542320258,65.5635712596311,307646417.5,38,210190975.5,38.2494964918225,37.7369,22.407824303554,6304563618435.84,1603811.24568154,1603811.24568154,409857.762665859,2049288.81332929,3278862.10132687,3278862.10132687,1603811.24568154,2463174.57400607,78.2618455363534,42499.81439073,54304.6411689697,86887.4258703516,86887.4258703516,65272.3083773726,42499.81439073,14551886703.6686,18593845575.6313,29750152921.01,29750152921.01,22349161990.7315,14551886703.6686,6203644515.42107,7926780250.20433,12682848400.3269,12682848400.3269,9527716854.27601,6203644515.42107,0.701379880192973,0.701379880192973,0.420410497298925,0.887449225265154,0.701379880192973,0.556837418177559,14373.299423737,10206400552.8008,4351111446.98583,15675252559.4726,6682548905.76468,10206400552.8008,4351111446.98583,2025,PPP_international_dollars,2023,societal,partial_mortality_benefit,3
Indonesia,2037,85653.076096588,IDN,20492.8881332929,South-East Asia,I_PH_TOB_MEDIA,Tobacco mass-media campaign,public_health,htncov2_aspirational,1269807.80909442,1259079.59773947,10728.2113549489,172564.110834721,127404.568668685,65.567665712079,307646417.5,38,210190975.5,38.2494964918225,37.7369,22.407824303554,6304563618435.84,1603811.24568154,1603811.24568154,409857.762665859,2049288.81332929,3278862.10132687,3278862.10132687,1603811.24568154,2463174.57400607,78.2618455363534,42499.81439073,54304.6411689697,86887.4258703516,86887.4258703516,65272.3083773726,42499.81439073,17206026017.1154,21985203516.729,35176325626.7664,35176325626.7664,26425457434.0733,17206026017.1154,7333942680.97701,9371032117.52185,14993651388.035,14993651388.035,11263657857.271,7333942680.97701,0.701379880192973,0.701379880192973,0.420410497298925,0.887449225265154,0.701379880192973,0.556837418177559,14373.299423737,12067960466.4816,5143879838.92579,18534284169.1548,7900102998.46738,12067960466.4816,5143879838.92579,2025,PPP_international_dollars,2023,societal,partial_mortality_benefit,3
Indonesia,2037,85653.076096588,IDN,20492.8881332929,South-East Asia,S_70_30_30_TO_70_70_70,70-30-30 -> 70-70-70 hypertension/cholesterol + diabetes cascade,cascade_70_30_30_to_70_70_70,htncov2_aspirational,1269807.80909442,1223190.05325492,46617.7558394976,627185.954789845,488478.51116627,68.9837261574508,307646417.5,38,210190975.5,38.2494964918225,37.7369,22.407824303554,6304563618435.84,1603811.24568154,1603811.24568154,409857.762665859,2049288.81332929,3278862.10132687,3278862.10132687,1603811.24568154,2463174.57400607,78.2618455363534,42499.81439073,54304.6411689697,86887.4258703516,86887.4258703516,65272.3083773726,42499.81439073,74766081063.8226,95533245544.3989,152853192871.038,152853192871.038,114827670881.074,74766081063.8226,26655286667.0412,34059108221.0802,54494573153.7283,54494573153.7283,40937875050.9996,26655286667.0412,0.701379880192973,0.701379880192973,0.420410497298925,0.887449225265154,0.701379880192973,0.556837418177559,14373.299423737,52439424979.042,18695481769.0387,80537818045.4056,28713001898.625,52439424979.042,18695481769.0387,2025,PPP_international_dollars,2023,societal,partial_mortality_benefit,3
Indonesia,2037,85653.076096588,IDN,20492.8881332929,South-East Asia,S_70_30_30_TO_70_70_70_I_PH_TOBACCO_TAX,70-30-30 -> 70-70-70 cascade + tobacco tax,cascade_public_health,htncov2_aspirational,1269807.80909442,1166891.73760628,102916.071488143,1528240.71470157,1154018.11515978,67.1950041803232,307646417.5,38,210190975.5,38.2494964918225,37.7369,22.407824303554,6304563618435.84,1603811.24568154,1603811.24568154,409857.762665859,2049288.81332929,3278862.10132687,3278862.10132687,1603811.24568154,2463174.57400607,78.2618455363534,42499.81439073,54304.6411689697,86887.4258703516,86887.4258703516,65272.3083773726,42499.81439073,165057952814.049,210904754012.45,337447606419.92,337447606419.92,253500250546.186,165057952814.049,64949946719.1733,82990563631.6785,132784901810.686,132784901810.686,99751799204.8571,64949946719.1733,0.701379880192973,0.701379880192973,0.420410497298925,0.887449225265154,0.701379880192973,0.556837418177559,14373.299423737,115768327169.615,45554585848.4337,177799975356.972,69963904975.3362,115768327169.615,45554585848.4337,2025,PPP_international_dollars,2023,societal,partial_mortality_benefit,3
Indonesia,2037,85653.076096588,IDN,20492.8881332929,South-East Asia,all_cascade_public_health,70-30-30 -> 70-70-70 cascade + all public-health interventions (combined),cascade_public_health,htncov2_aspirational,1269807.80909442,1142931.13633627,126876.672758147,1906746.07452281,1434455.79229316,66.9728753262938,307646417.5,38,210190975.5,38.2494964918225,37.7369,22.407824303554,6304563618435.84,1603811.24568154,1603811.24568154,409857.762665859,2049288.81332929,3278862.10132687,3278862.10132687,1603811.24568154,2463174.57400607,78.2618455363534,42499.81439073,54304.6411689697,86887.4258703516,86887.4258703516,65272.3083773726,42499.81439073,203486234584.172,260006946155.712,416011113849.138,416011113849.138,312519394372.356,203486234584.172,81036354257.4727,103545161377.303,165672258203.685,165672258203.685,124457717773.598,81036354257.4727,0.701379880192973,0.701379880192973,0.420410497298925,0.887449225265154,0.701379880192973,0.556837418177559,14373.299423737,142721150833.566,56837268440.3815,219194815382.863,87292139181.1368,142721150833.566,56837268440.3815,2025,PPP_international_dollars,2023,societal,partial_mortality_benefit,3
Indonesia,2037,85653.076096588,IDN,20492.8881332929,South-East Asia,all_public_health,All selected public-health interventions (combined),public_health,htncov2_aspirational,1269807.80909442,1186501.84751808,83305.9615763361,1328530.31327914,982702.03314939,65.7766406577057,307646417.5,38,210190975.5,38.2494964918225,37.7369,22.407824303554,6304563618435.84,1603811.24568154,1603811.24568154,409857.762665859,2049288.81332929,3278862.10132687,3278862.10132687,1603811.24568154,2463174.57400607,78.2618455363534,42499.81439073,54304.6411689697,86887.4258703516,86887.4258703516,65272.3083773726,42499.81439073,133607038008.442,170717975142.026,273148760227.241,273148760227.241,205197126417.958,133607038008.442,56462291726.8219,72145361944.7227,115432579111.556,115432579111.556,86716240297.0435,56462291726.8219,0.701379880192973,0.701379880192973,0.420410497298925,0.887449225265154,0.701379880192973,0.556837418177559,14373.299423737,93709288311.2992,39601515406.7791,143921135942.97,60821026230.3255,93709288311.2992,39601515406.7791,2025,PPP_international_dollars,2023,societal,partial_mortality_benefit,3
Indonesia,2038,86465.9370419363,IDN,21070.2382103635,South-East Asia,I_PH_TOBACCO_POLICY,Tobacco policy package,public_health,htncov2_aspirational,1297176.25542108,1267758.5539269,29417.7014941745,461106.88057246,342598.85371943,66.2534565002858,309096448,38,210614083.5,38.326280792139,37.8496,22.4441596454891,6512735789337.25,1664185.08286697,1664185.08286697,421404.764207271,2107023.82103635,3371238.11365817,3371238.11365817,1664185.08286697,2541875.68549623,78.9827369891065,43968.3664521413,55668.3246596095,89069.3194553752,89069.3194553752,67157.2668006063,43968.3664521413,48956499998.8385,61983797808.3625,99174076493.3799,99174076493.38,74776140151.2283,48956499998.8385,20274116298.6136,25669047530.4875,41070476048.7799,41070476048.7799,30966677802.2,20274116298.6136,0.680951339993178,0.680951339993178,0.391122692609802,0.878662599272429,0.680951339993178,0.530321350645295,14347.8069433225,33336994275.5851,13805686660.7185,50918912835.4965,21086800744.5451,33336994275.5851,13805686660.7185,2025,PPP_international_dollars,2023,societal,partial_mortality_benefit,3
Indonesia,2038,86465.9370419363,IDN,21070.2382103635,South-East Asia,I_PH_TOBACCO_TAX,Tobacco tax,public_health,htncov2_aspirational,1297176.25542108,1231378.86333122,65797.3920898583,1027828.73670233,764164.167189049,66.3397198117114,309096448,38,210614083.5,38.326280792139,37.8496,22.4441596454891,6512735789337.25,1664185.08286697,1664185.08286697,421404.764207271,2107023.82103635,3371238.11365817,3371238.11365817,1664185.08286697,2541875.68549623,78.9827369891065,43968.3664521413,55668.3246596095,89069.3194553752,89069.3194553752,67157.2668006063,43968.3664521413,109499038407.491,138636672495.4,221818675992.641,221818675992.641,167248791122.273,109499038407.491,45191950545.3694,57217503809.2214,91548006094.7543,91548006094.7543,69026168696.0483,45191950545.3694,0.680951339993178,0.680951339993178,0.391122692609802,0.878662599272429,0.680951339993178,0.530321350645295,14347.8069433225,74563516931.5454,30773519280.7747,113888288426.951,47003462068.1692,74563516931.5454,30773519280.7747,2025,PPP_international_dollars,2023,societal,partial_mortality_benefit,3
Indonesia,2038,86465.9370419363,IDN,21070.2382103635,South-East Asia,I_PH_TOB_AD_BAN,Tobacco advertising ban,public_health,htncov2_aspirational,1297176.25542108,1289768.51194772,7407.74347335296,116400.398611018,86438.3324659022,66.1940910518987,309096448,38,210614083.5,38.326280792139,37.8496,22.4441596454891,6512735789337.25,1664185.08286697,1664185.08286697,421404.764207271,2107023.82103635,3371238.11365817,3371238.11365817,1664185.08286697,2541875.68549623,78.9827369891065,43968.3664521413,55668.3246596095,89069.3194553752,89069.3194553752,67157.2668006063,43968.3664521413,12327856186.0591,15608291958.4813,24973267133.57,24973267133.57,18829563019.3093,12327856186.0591,5117935381.30457,6479815180.38612,10367704288.6178,10367704288.6178,7817132625.21708,5117935381.30457,0.680951339993178,0.680951339993178,0.391122692609802,0.878662599272429,0.680951339993178,0.530321350645295,14347.8069433225,8394670189.14014,3485064955.89784,12822016169.4846,5323086936.04596,8394670189.14014,3485064955.89784,2025,PPP_international_dollars,2023,societal,partial_mortality_benefit,3
Indonesia,2038,86465.9370419363,IDN,21070.2382103635,South-East Asia,I_PH_TOB_CLEAN_AIR,Smoke-free / clean-air law,public_health,htncov2_aspirational,1297176.25542108,1286982.22028007,10194.0351410047,160137.545509264,118923.984506076,66.2010241118189,309096448,38,210614083.5,38.326280792139,37.8496,22.4441596454891,6512735789337.25,1664185.08286697,1664185.08286697,421404.764207271,2107023.82103635,3371238.11365817,3371238.11365817,1664185.08286697,2541875.68549623,78.9827369891065,43968.3664521413,55668.3246596095,89069.3194553752,89069.3194553752,67157.2668006063,43968.3664521413,16964761215.8817,21479074874.5786,34366519799.3258,34366519799.3258,25911970062.014,16964761215.8817,7040986283.69777,8914588873.6027,14263342197.7643,14263342197.7643,10754399868.5599,7040986283.69777,0.680951339993178,0.680951339993178,0.391122692609802,0.878662599272429,0.680951339993178,0.530321350645295,14347.8069433225,11552176882.6189,4794569044.75758,17644790735.5915,7323223001.3183,11552176882.6189,4794569044.75758,2025,PPP_international_dollars,2023,societal,partial_mortality_benefit,3
Indonesia,2038,86465.9370419363,IDN,21070.2382103635,South-East Asia,I_PH_TOB_MEDIA,Tobacco mass-media campaign,public_health,htncov2_aspirational,1297176.25542108,1285122.12470753,12054.1307135481,189322.313860888,140602.928513512,66.2056534600602,309096448,38,210614083.5,38.326280792139,37.8496,22.4441596454891,6512735789337.25,1664185.08286697,1664185.08286697,421404.764207271,2107023.82103635,3371238.11365817,3371238.11365817,1664185.08286697,2541875.68549623,78.9827369891065,43968.3664521413,55668.3246596095,89069.3194553752,89069.3194553752,67157.2668006063,43968.3664521413,20060304520.4153,25398340555.3318,40637344888.5309,40637344888.5309,30640101770.5613,20060304520.4153,8324192873.40283,10539256033.3164,16862809653.3062,16862809653.3062,12714369143.2638,8324192873.40283,0.680951339993178,0.680951339993178,0.391122692609802,0.878662599272429,0.680951339993178,0.530321350645295,14347.8069433225,13660091243.848,5668370291.50531,20864418358.191,8657866705.27338,13660091243.848,5668370291.50531,2025,PPP_international_dollars,2023,societal,partial_mortality_benefit,3
Indonesia,2038,86465.9370419363,IDN,21070.2382103635,South-East Asia,S_70_30_30_TO_70_70_70,70-30-30 -> 70-70-70 hypertension/cholesterol + diabetes cascade,cascade_70_30_30_to_70_70_70,htncov2_aspirational,1297176.25542108,1240564.59564646,56611.659774618,763844.621605953,594679.16994833,69.0185693666342,309096448,38,210614083.5,38.326280792139,37.8496,22.4441596454891,6512735789337.25,1664185.08286697,1664185.08286697,421404.764207271,2107023.82103635,3371238.11365817,3371238.11365817,1664185.08286697,2541875.68549623,78.9827369891065,43968.3664521413,55668.3246596095,89069.3194553752,89069.3194553752,67157.2668006063,43968.3664521413,94212279713.2591,119282115693.526,190851385109.641,190851385109.641,143899801496.686,94212279713.2591,33585000235.2677,42521950385.0567,68035120616.0908,68035120616.0908,51297717047.3992,33585000235.2677,0.680951339993178,0.680951339993178,0.391122692609802,0.878662599272429,0.680951339993178,0.530321350645295,14347.8069433225,64153978114.5559,22869750913.8767,97988762653.9208,34931249162.0173,64153978114.5559,22869750913.8767,2025,PPP_international_dollars,2023,societal,partial_mortality_benefit,3
Indonesia,2038,86465.9370419363,IDN,21070.2382103635,South-East Asia,S_70_30_30_TO_70_70_70_I_PH_TOBACCO_TAX,70-30-30 -> 70-70-70 cascade + tobacco tax,cascade_public_health,htncov2_aspirational,1297176.25542108,1177695.04946691,119481.205954169,1745011.36548314,1323770.91335109,67.6339425256559,309096448,38,210614083.5,38.326280792139,37.8496,22.4441596454891,6512735789337.25,1664185.08286697,1664185.08286697,421404.764207271,2107023.82103635,3371238.11365817,3371238.11365817,1664185.08286697,2541875.68549623,78.9827369891065,43968.3664521413,55668.3246596095,89069.3194553752,89069.3194553752,67157.2668006063,43968.3664521413,198838840631.884,251749747111.585,402799595378.536,402799595378.536,303706372288.67,198838840631.884,76725299180.7142,97141859228.4239,155426974765.478,155426974765.478,117190193841.842,76725299180.7142,0.680951339993178,0.680951339993178,0.391122692609802,0.878662599272429,0.680951339993178,0.530321350645295,14347.8069433225,135399574970.971,52246195288.4848,206809261174.436,79800819530.6623,135399574970.971,52246195288.4848,2025,PPP_international_dollars,2023,societal,partial_mortality_benefit,3
Indonesia,2038,86465.9370419363,IDN,21070.2382103635,South-East Asia,all_cascade_public_health,70-30-30 -> 70-70-70 cascade + all public-health interventions (combined),cascade_public_health,htncov2_aspirational,1297176.25542108,1151123.589456,146052.665965081,2154794.48817428,1629101.64324546,67.4572917625203,309096448,38,210614083.5,38.326280792139,37.8496,22.4441596454891,6512735789337.25,1664185.08286697,1664185.08286697,421404.764207271,2107023.82103635,3371238.11365817,3371238.11365817,1664185.08286697,2541875.68549623,78.9827369891065,43968.3664521413,55668.3246596095,89069.3194553752,89069.3194553752,67157.2668006063,43968.3664521413,243058668012.04,307736446314.291,492378314102.866,492378314102.866,371247720418.542,243058668012.04,94742793685.1008,119953799142.423,191926078627.876,191926078627.876,144710108342.796,94742793685.1008,0.680951339993178,0.680951339993178,0.391122692609802,0.878662599272429,0.680951339993178,0.530321350645295,14347.8069433225,165511125679.755,64515232314.5666,252801632688.419,98540542186.5847,165511125679.755,64515232314.5666,2025,PPP_international_dollars,2023,societal,partial_mortality_benefit,3
Indonesia,2038,86465.9370419363,IDN,21070.2382103635,South-East Asia,all_public_health,All selected public-health interventions (combined),public_health,htncov2_aspirational,1297176.25542108,1203585.94659167,93590.3088294079,1456863.40049772,1084004.67823321,66.4214145447193,309096448,38,210614083.5,38.326280792139,37.8496,22.4441596454891,6512735789337.25,1664185.08286697,1664185.08286697,421404.764207271,2107023.82103635,3371238.11365817,3371238.11365817,1664185.08286697,2541875.68549623,78.9827369891065,43968.3664521413,55668.3246596095,89069.3194553752,89069.3194553752,67157.2668006063,43968.3664521413,155751595854.813,197197010121.712,315515216194.738,315515216194.738,237894930411.555,155751595854.813,64055903863.7963,81101144763.6096,129761831621.775,129761831621.775,97838964079.2638,64055903863.7963,0.680951339993178,0.680951339993178,0.391122692609802,0.878662599272429,0.680951339993178,0.530321350645295,14347.8069433225,106059257903.411,43618953570.5263,161994871641.332,66623573693.3191,106059257903.411,43618953570.5263,2025,PPP_international_dollars,2023,societal,partial_mortality_benefit,3
Indonesia,2039,87286.5121634309,IDN,21663.8540821491,South-East Asia,I_PH_TOBACCO_POLICY,Tobacco policy package,public_health,htncov2_aspirational,1325347.79629959,1292683.85407947,32663.9422201218,502166.922230809,374924.655721269,66.774559102651,310481120,38,210980627.5,38.4016241467478,37.9582,22.4790587840769,6726217678942.24,1726831.63152408,1726831.63152408,433277.081642983,2166385.40821491,3466216.65314386,3466216.65314386,1726831.63152408,2623091.38325045,79.7102687719348,45492.979949631,57072.922536235,91316.6760579759,91316.6760579759,69104.7358212573,45492.979949631,56405128635.9814,70762687800.4469,113220300480.715,113220300480.715,85680505380.592,56405128635.9814,22845069724.4141,28660133852.7385,45856214164.3815,45856214164.3815,34702112498.9339,22845069724.4141,0.661117805818619,0.661117805818619,0.363875216383025,0.869962969576663,0.661117805818619,0.505067952995519,14322.3596763652,37290434880.7369,15103282369.978,56644907718.6474,22942184472.566,37290434880.7369,15103282369.978,2025,PPP_international_dollars,2023,societal,partial_mortality_benefit,3
Indonesia,2039,87286.5121634309,IDN,21663.8540821491,South-East Asia,I_PH_TOBACCO_TAX,Tobacco tax,public_health,htncov2_aspirational,1325347.79629959,1252096.55037595,73251.2459236416,1121464.97791233,837965.798740901,66.8777450897924,310481120,38,210980627.5,38.4016241467478,37.9582,22.4790587840769,6726217678942.24,1726831.63152408,1726831.63152408,433277.081642983,2166385.40821491,3466216.65314386,3466216.65314386,1726831.63152408,2623091.38325045,79.7102687719348,45492.979949631,57072.922536235,91316.6760579759,91316.6760579759,69104.7358212573,45492.979949631,126492568509.494,158690430302.539,253904688484.063,253904688484.063,192144711994.664,126492568509.494,51018783754.3792,64005283811.4911,102408454098.386,102408454098.386,77498541031.4239,51018783754.3792,0.661117805818619,0.661117805818619,0.363875216383025,0.869962969576663,0.661117805818619,0.505067952995519,14322.3596763652,83626489345.3579,33729426371.2298,127030290393.562,51235665400.8392,83626489345.3579,33729426371.2298,2025,PPP_international_dollars,2023,societal,partial_mortality_benefit,3
Indonesia,2039,87286.5121634309,IDN,21663.8540821491,South-East Asia,I_PH_TOB_AD_BAN,Tobacco advertising ban,public_health,htncov2_aspirational,1325347.79629959,1317118.76773883,8229.02856075799,126827.638074109,94642.4336469706,66.7146258936851,310481120,38,210980627.5,38.4016241467478,37.9582,22.4790587840769,6726217678942.24,1726831.63152408,1726831.63152408,433277.081642983,2166385.40821491,3466216.65314386,3466216.65314386,1726831.63152408,2623091.38325045,79.7102687719348,45492.979949631,57072.922536235,91316.6760579759,91316.6760579759,69104.7358212573,45492.979949631,14210146815.432,17827247397.8099,28523595836.4958,28523595836.4958,21585493910.2461,14210146815.432,5769767195.96448,7238423963.25724,11581478341.2116,11581478341.2116,8764390423.9453,5769767195.96448,0.661117805818619,0.661117805818619,0.363875216383025,0.869962969576663,0.661117805818619,0.505067952995519,14322.3596763652,9394581082.97884,3814495828.68028,14270554371.4531,5794294566.41643,9394581082.97884,3814495828.68028,2025,PPP_international_dollars,2023,societal,partial_mortality_benefit,3
Indonesia,2039,87286.5121634309,IDN,21663.8540821491,South-East Asia,I_PH_TOB_CLEAN_AIR,Smoke-free / clean-air law,public_health,htncov2_aspirational,1325347.79629959,1314022.45193621,11325.3443633776,174493.647840369,130220.239401364,66.7223689553338,310481120,38,210980627.5,38.4016241467478,37.9582,22.4790587840769,6726217678942.24,1726831.63152408,1726831.63152408,433277.081642983,2166385.40821491,3466216.65314386,3466216.65314386,1726831.63152408,2623091.38325045,79.7102687719348,45492.979949631,57072.922536235,91316.6760579759,91316.6760579759,69104.7358212573,45492.979949631,19556962884.5834,24535060771.8302,39256097234.9283,39256097234.9283,29707413211.9197,19556962884.5834,7938236022.53986,9958862446.25842,15934179914.0135,15934179914.0135,12058337436.4962,7938236022.53986,0.661117805818619,0.661117805818619,0.363875216383025,0.869962969576663,0.661117805818619,0.505067952995519,14322.3596763652,12929456390.7319,5248109181.29188,19640099839.2114,7971981587.83686,12929456390.7319,5248109181.29188,2025,PPP_international_dollars,2023,societal,partial_mortality_benefit,3
Indonesia,2039,87286.5121634309,IDN,21663.8540821491,South-East Asia,I_PH_TOB_MEDIA,Tobacco mass-media campaign,public_health,htncov2_aspirational,1325347.79629959,1311955.04549077,13392.7508088229,206303.403828233,153965.428548744,66.7275403701726,310481120,38,210980627.5,38.4016241467478,37.9582,22.4790587840769,6726217678942.24,1726831.63152408,1726831.63152408,433277.081642983,2166385.40821491,3466216.65314386,3466216.65314386,1726831.63152408,2623091.38325045,79.7102687719348,45492.979949631,57072.922536235,91316.6760579759,91316.6760579759,69104.7358212573,45492.979949631,23127025729.7952,29013859928.0924,46422175884.9479,46422175884.9479,35130409244.6438,23127025729.7952,9385356613.89841,11774338185.6503,18838941097.0405,18838941097.0405,14256542220.5762,9385356613.89841,0.661117805818619,0.661117805818619,0.363875216383025,0.869962969576663,0.661117805818619,0.505067952995519,14322.3596763652,15289688505.5929,6204826371.40578,23225339077.3291,9425253911.42781,15289688505.5929,6204826371.40578,2025,PPP_international_dollars,2023,societal,partial_mortality_benefit,3
Indonesia,2039,87286.5121634309,IDN,21663.8540821491,South-East Asia,S_70_30_30_TO_70_70_70,70-30-30 -> 70-70-70 hypertension/cholesterol + diabetes cascade,cascade_70_30_30_to_70_70_70,htncov2_aspirational,1325347.79629959,1258005.53132195,67342.264977647,910550.624701201,708687.509246003,69.0672239502126,310481120,38,210980627.5,38.4016241467478,37.9582,22.4790587840769,6726217678942.24,1726831.63152408,1726831.63152408,433277.081642983,2166385.40821491,3466216.65314386,3466216.65314386,1726831.63152408,2623091.38325045,79.7102687719348,45492.979949631,57072.922536235,91316.6760579759,91316.6760579759,69104.7358212573,45492.979949631,116288753301.877,145889300203.717,233422880325.947,233422880325.947,176644914991.434,116288753301.877,41423661312.6558,51967785268.892,83148456430.2272,83148456430.2272,62923360371.8573,41423661312.6558,0.661117805818619,0.661117805818619,0.363875216383025,0.869962969576663,0.661117805818619,0.505067952995519,14322.3596763652,76880565424.3198,27385920075.9966,116783098608.153,41599753943.7765,76880565424.3198,27385920075.9966,2025,PPP_international_dollars,2023,societal,partial_mortality_benefit,3
Indonesia,2039,87286.5121634309,IDN,21663.8540821491,South-East Asia,S_70_30_30_TO_70_70_70_I_PH_TOBACCO_TAX,70-30-30 -> 70-70-70 cascade + tobacco tax,cascade_public_health,htncov2_aspirational,1325347.79629959,1188609.29313799,136738.503161603,1971189.25284647,1500806.8171306,67.9910995702721,310481120,38,210980627.5,38.4016241467478,37.9582,22.4790587840769,6726217678942.24,1726831.63152408,1726831.63152408,433277.081642983,2166385.40821491,3466216.65314386,3466216.65314386,1726831.63152408,2623091.38325045,79.7102687719348,45492.979949631,57072.922536235,91316.6760579759,91316.6760579759,69104.7358212573,45492.979949631,236124372506.712,296228297990.445,473965276784.713,473965276784.713,358677589401.765,236124372506.712,89675273156.6727,112501531531.966,180002450451.145,180002450451.145,136218512571.657,89675273156.6727,0.661117805818619,0.661117805818619,0.363875216383025,0.869962969576663,0.661117805818619,0.505067952995519,14322.3596763652,156106027051.936,59285919825.5248,237128140901.606,90056484143.2498,156106027051.936,59285919825.5248,2025,PPP_international_dollars,2023,societal,partial_mortality_benefit,3
Indonesia,2039,87286.5121634309,IDN,21663.8540821491,South-East Asia,all_cascade_public_health,70-30-30 -> 70-70-70 cascade + all public-health interventions (combined),cascade_public_health,htncov2_aspirational,1325347.79629959,1159479.68111005,165868.115189539,2411533.56061025,1830452.53444197,67.8526719353833,310481120,38,210980627.5,38.4016241467478,37.9582,22.4790587840769,6726217678942.24,1726831.63152408,1726831.63152408,433277.081642983,2166385.40821491,3466216.65314386,3466216.65314386,1726831.63152408,2623091.38325045,79.7102687719348,45492.979949631,57072.922536235,91316.6760579759,91316.6760579759,69104.7358212573,45492.979949631,286426307970.577,359334264434.729,574934823095.566,574934823095.566,435087223709.674,286426307970.577,109707847920.704,137633268098.24,220213228957.183,220213228957.183,166648389630.067,109707847920.704,0.661117805818619,0.661117805818619,0.363875216383025,0.869962969576663,0.661117805818619,0.505067952995519,14322.3596763652,189361532254.236,72529811698.4188,287643910678.654,110174217695.436,189361532254.236,72529811698.4188,2025,PPP_international_dollars,2023,societal,partial_mortality_benefit,3
Indonesia,2039,87286.5121634309,IDN,21663.8540821491,South-East Asia,all_public_health,All selected public-health interventions (combined),public_health,htncov2_aspirational,1325347.79629959,1221370.56422579,103977.232073806,1586743.18877598,1186451.10418582,66.9531914322053,310481120,38,210980627.5,38.4016241467478,37.9582,22.4790587840769,6726217678942.24,1726831.63152408,1726831.63152408,433277.081642983,2166385.40821491,3466216.65314386,3466216.65314386,1726831.63152408,2623091.38325045,79.7102687719348,45492.979949631,57072.922536235,91316.6760579759,91316.6760579759,69104.7358212573,45492.979949631,179551173303.368,225254758351.268,360407613362.029,360407613362.029,272741781507.032,179551173303.368,72185676072.1994,90560071097.9102,144896113756.656,144896113756.656,109651468876.544,72185676072.1994,0.661117805818619,0.661117805818619,0.363875216383025,0.869962969576663,0.661117805818619,0.505067952995519,14322.3596763652,118704477726.481,47723235776.3861,180314448144.99,72492538508.4492,118704477726.481,47723235776.3861,2025,PPP_international_dollars,2023,societal,partial_mortality_benefit,3
Indonesia,2040,88114.8746697968,IDN,22274.1940080113,South-East Asia,I_PH_TOBACCO_POLICY,Tobacco policy package,public_health,htncov2_aspirational,1352787.67550619,1316857.1655087,35930.5099974931,543487.825968428,407453.073929155,67.2232162613343,311797395.5,38,211273981.5,38.4736611805652,38.0715,22.5153490807406,6945035678559.62,1791836.44555628,1791836.44555628,445483.880160226,2227419.40080113,3563871.0412818,3563871.0412818,1791836.44555628,2706902.01103974,80.4445020507507,47065.034095223,58506.2159568477,93609.9455309563,93609.9455309563,71100.4822778124,47065.034095223,64381597320.9325,80032315049.0951,128051704078.552,128051704078.552,97260369769.8974,64381597320.9325,25579273059.5427,31797416116.0265,50875865785.6424,50875865785.6424,38642246538.475,25579273059.5427,0.641861947396717,0.641861947396717,0.338525929585695,0.861349474828379,0.641861947396717,0.48101709809097,14296.9575426744,41324097432.925,16418362018.9905,62427730345.0312,24802987614.9696,41324097432.925,16418362018.9905,2025,PPP_international_dollars,2023,societal,partial_mortality_benefit,3
Indonesia,2040,88114.8746697968,IDN,22274.1940080113,South-East Asia,I_PH_TOBACCO_TAX,Tobacco tax,public_health,htncov2_aspirational,1352787.67550619,1271995.23081594,80792.4446902516,1216089.47587574,912553.557111481,67.3429165221336,311797395.5,38,211273981.5,38.4736611805652,38.0715,22.5153490807406,6945035678559.62,1791836.44555628,1791836.44555628,445483.880160226,2227419.40080113,3563871.0412818,3563871.0412818,1791836.44555628,2706902.01103974,80.4445020507507,47065.034095223,58506.2159568477,93609.9455309563,93609.9455309563,71100.4822778124,47065.034095223,144766846921.583,179958658741.218,287933853985.949,287933853985.949,218697231008.859,144766846921.583,57235292644.9336,71148793498.4359,113838069597.497,113838069597.497,86464548227.7373,57235292644.9336,0.641861947396717,0.641861947396717,0.338525929585695,0.861349474828379,0.641861947396717,0.48101709809097,14296.9575426744,92920330283.5697,36737156396.8981,140373430585.616,55498303306.2329,92920330283.5697,36737156396.8981,2025,PPP_international_dollars,2023,societal,partial_mortality_benefit,3
Indonesia,2040,88114.8746697968,IDN,22274.1940080113,South-East Asia,I_PH_TOB_AD_BAN,Tobacco advertising ban,public_health,htncov2_aspirational,1352787.67550619,1343731.66490914,9056.01059705002,137332.728519956,102906.826891103,67.161755233604,311797395.5,38,211273981.5,38.4736611805652,38.0715,22.5153490807406,6945035678559.62,1791836.44555628,1791836.44555628,445483.880160226,2227419.40080113,3563871.0412818,3563871.0412818,1791836.44555628,2706902.01103974,80.4445020507507,47065.034095223,58506.2159568477,93609.9455309563,93609.9455309563,71100.4822778124,47065.034095223,16226889839.1381,20171533697.7298,32274453916.3677,32274453916.3677,24513733297.1519,16226889839.1381,6463569550.18172,8034818272.73167,12855709236.3707,12855709236.3707,9764423230.29674,6463569550.18172,0.641861947396717,0.641861947396717,0.338525929585695,0.861349474828379,0.641861947396717,0.48101709809097,14296.9575426744,10415423112.3412,4148719338.61377,15734432592.0736,6267411709.80401,10415423112.3412,4148719338.61377,2025,PPP_international_dollars,2023,societal,partial_mortality_benefit,3
Indonesia,2040,88114.8746697968,IDN,22274.1940080113,South-East Asia,I_PH_TOB_CLEAN_AIR,Smoke-free / clean-air law,public_health,htncov2_aspirational,1352787.67550619,1340322.93713491,12464.7383712755,188958.826574438,141601.109619394,67.170328891998,311797395.5,38,211273981.5,38.4736611805652,38.0715,22.5153490807406,6945035678559.62,1791836.44555628,1791836.44555628,445483.880160226,2227419.40080113,3563871.0412818,3563871.0412818,1791836.44555628,2706902.01103974,80.4445020507507,47065.034095223,58506.2159568477,93609.9455309563,93609.9455309563,71100.4822778124,47065.034095223,22334772497.9754,27764200074.0894,44422720118.5431,44422720118.543,33740825364.2899,22334772497.9754,8893353615.31928,11055265914.5166,17688425463.2266,17688425463.2266,13435063700.0921,8893353615.31928,0.641861947396717,0.641861947396717,0.338525929585695,0.861349474828379,0.641861947396717,0.48101709809097,14296.9575426744,14335840570.2131,5708305270.41647,21656951875.0957,8623456149.94006,14335840570.2131,5708305270.41647,2025,PPP_international_dollars,2023,societal,partial_mortality_benefit,3
Indonesia,2040,88114.8746697968,IDN,22274.1940080113,South-East Asia,I_PH_TOB_MEDIA,Tobacco mass-media campaign,public_health,htncov2_aspirational,1352787.67550619,1338046.5495659,14741.1259402903,223415.02213734,167429.294866868,67.1760564187179,311797395.5,38,211273981.5,38.4736611805652,38.0715,22.5153490807406,6945035678559.62,1791836.44555628,1791836.44555628,445483.880160226,2227419.40080113,3563871.0412818,3563871.0412818,1791836.44555628,2706902.01103974,80.4445020507507,47065.034095223,58506.2159568477,93609.9455309563,93609.9455309563,71100.4822778124,47065.034095223,26413686708.3474,32834669909.0555,52535471854.4888,52535471854.4887,39902783452.7619,26413686708.3474,10515035634.2789,13071167533.1711,20913868053.0738,20913868053.0738,15884915822.073,10515035634.2789,0.641861947396717,0.641861947396717,0.338525929585695,0.861349474828379,0.641861947396717,0.48101709809097,14296.9575426744,16953940388.5466,6749201249.16412,25612078293.5393,10195923003.7887,16953940388.5466,6749201249.16412,2025,PPP_international_dollars,2023,societal,partial_mortality_benefit,3
Indonesia,2040,88114.8746697968,IDN,22274.1940080113,South-East Asia,S_70_30_30_TO_70_70_70,70-30-30 -> 70-70-70 hypertension/cholesterol + diabetes cascade,cascade_70_30_30_to_70_70_70,htncov2_aspirational,1352787.67550619,1274118.75976546,78668.9157407294,1065579.4938208,829129.025477697,69.1275154315416,311797395.5,38,211273981.5,38.4736611805652,38.0715,22.5153490807406,6945035678559.62,1791836.44555628,1791836.44555628,445483.880160226,2227419.40080113,3563871.0412818,3563871.0412818,1791836.44555628,2706902.01103974,80.4445020507507,47065.034095223,58506.2159568477,93609.9455309563,93609.9455309563,71100.4822778124,47065.034095223,140961830356.635,175228669160.89,280365870657.424,280365870657.424,212949046224.896,140961830356.635,50151535207.8462,62343023984.6679,99748838375.4687,99748838375.4687,75763215916.0058,50151535207.8462,0.641861947396717,0.641861947396717,0.338525929585695,0.861349474828379,0.641861947396717,0.48101709809097,14296.9575426744,90478034941.3156,32190362053.4432,136683889506.185,48629525308.8854,90478034941.3156,32190362053.4432,2025,PPP_international_dollars,2023,societal,partial_mortality_benefit,3
Indonesia,2040,88114.8746697968,IDN,22274.1940080113,South-East Asia,S_70_30_30_TO_70_70_70_I_PH_TOBACCO_TAX,70-30-30 -> 70-70-70 cascade + tobacco tax,cascade_public_health,htncov2_aspirational,1352787.67550619,1198252.8323232,154534.843182984,2204557.92761587,1683423.97803356,68.2973634994769,311797395.5,38,211273981.5,38.4736611805652,38.0715,22.5153490807406,6945035678559.62,1791836.44555628,1791836.44555628,445483.880160226,2227419.40080113,3563871.0412818,3563871.0412818,1791836.44555628,2706902.01103974,80.4445020507507,47065.034095223,58506.2159568477,93609.9455309563,93609.9455309563,71100.4822778124,47065.034095223,276901164123.595,344213907805.538,550742252488.861,550742252488.861,418310677787.729,276901164123.595,103757594028.135,128980342202.474,206368547523.959,206368547523.959,156745131862.863,103757594028.135,0.641861947396717,0.641861947396717,0.338525929585695,0.861349474828379,0.641861947396717,0.48101709809097,14296.9575426744,177732320440.789,66598051360.0967,268497706261.673,100608735582.452,177732320440.789,66598051360.0967,2025,PPP_international_dollars,2023,societal,partial_mortality_benefit,3
Indonesia,2040,88114.8746697968,IDN,22274.1940080113,South-East Asia,all_cascade_public_health,70-30-30 -> 70-70-70 cascade + all public-health interventions (combined),cascade_public_health,htncov2_aspirational,1352787.67550619,1166623.47281065,186164.202695541,2674532.48627164,2036664.31613635,68.1924002854091,311797395.5,38,211273981.5,38.4736611805652,38.0715,22.5153490807406,6945035678559.62,1791836.44555628,1791836.44555628,445483.880160226,2227419.40080113,3563871.0412818,3563871.0412818,1791836.44555628,2706902.01103974,80.4445020507507,47065.034095223,58506.2159568477,93609.9455309563,93609.9455309563,71100.4822778124,47065.034095223,333575803247.798,414665756818.723,663465210909.956,663465210909.956,503928254660.17,333575803247.798,125876962655.156,156476775225.413,250362840360.661,250362840360.661,190160549641.59,125876962655.156,0.641861947396717,0.641861947396717,0.338525929585695,0.861349474828379,0.641861947396717,0.48101709809097,14296.9575426744,214109614677.056,80795632382.2225,323452370884.406,122056820710.981,214109614677.056,80795632382.2225,2025,PPP_international_dollars,2023,societal,partial_mortality_benefit,3
Indonesia,2040,88114.8746697968,IDN,22274.1940080113,South-East Asia,all_public_health,All selected public-health interventions (combined),public_health,htncov2_aspirational,1352787.67550619,1238340.985323,114446.69018319,1717463.20074847,1289568.47355043,67.4141317207444,311797395.5,38,211273981.5,38.4736611805652,38.0715,22.5153490807406,6945035678559.62,1791836.44555628,1791836.44555628,445483.880160226,2227419.40080113,3563871.0412818,3563871.0412818,1791836.44555628,2706902.01103974,80.4445020507507,47065.034095223,58506.2159568477,93609.9455309563,93609.9455309563,71100.4822778124,47065.034095223,205069750543.528,254920778071.514,407873244914.422,407873244914.422,309795975813.719,205069750543.528,80832464100.5176,100482272920.929,160771636673.486,160771636673.486,122112461867.612,80832464100.5176,0.641861947396717,0.641861947396717,0.338525929585695,0.861349474828379,0.641861947396717,0.48101709809097,14296.9575426744,131626469436.028,51883282820.4335,198846248331.46,78379342575.7526,131626469436.028,51883282820.4335,2025,PPP_international_dollars,2023,societal,partial_mortality_benefit,3
Indonesia,2041,88881.5613597912,IDN,22835.7817990268,South-East Asia,I_PH_TOBACCO_POLICY,Tobacco policy package,public_health,htncov2_aspirational,1380070.96412439,1344678.51942514,35392.4446992498,540193.572973298,404331.367849709,67.097560114255,313041661,39,211508044,38.5431925865666,37.2583,22.2521643932287,7148551064600.92,1851987.16253594,1851987.16253594,456715.635980536,2283578.17990268,3653725.08784429,3653725.08784429,1851987.16253594,2784176.15160109,81.1002302804833,49706.7005884848,61290.4555468897,98064.7288750235,98064.7288750235,74726.3335042417,49706.7005884848,65546353233.774,80821414448.6192,129314263117.791,129314263117.791,98538800478.5117,65546353233.774,26851240191.6075,33108710171.0354,52973936273.6566,52973936273.6566,40366685090.8505,26851240191.6075,0.623166939220114,0.623166939220114,0.31494259526933,0.852821262206316,0.623166939220114,0.4581115219914,14230.5042483979,40846320321.7313,16732805164.4682,61406122688.6157,25155183594.5275,40846320321.7313,16732805164.4682,2025,PPP_international_dollars,2023,societal,partial_mortality_benefit,3
Indonesia,2041,88881.5613597912,IDN,22835.7817990268,South-East Asia,I_PH_TOBACCO_TAX,Tobacco tax,public_health,htncov2_aspirational,1380070.96412439,1300589.65475447,79481.309369921,1207370.6918625,904505.874455312,67.214950996057,313041661,39,211508044,38.5431925865666,37.2583,22.2521643932287,7148551064600.92,1851987.16253594,1851987.16253594,456715.635980536,2283578.17990268,3653725.08784429,3653725.08784429,1851987.16253594,2784176.15160109,81.1002302804833,49706.7005884848,61290.4555468897,98064.7288750235,98064.7288750235,74726.3335042417,49706.7005884848,147198364614.641,181501783787.246,290402854059.594,290402854059.594,221289966045.762,147198364614.641,60014413479.7211,74000299718.2161,118400479549.146,118400479549.146,90222384983.3643,60014413479.7211,0.623166939220114,0.623166939220114,0.31494259526933,0.852821262206316,0.623166939220114,0.4581115219914,14230.5042483979,91729154335.1124,37398998357.2481,137900590820.86,56223607499.2219,91729154335.1124,37398998357.2481,2025,PPP_international_dollars,2023,societal,partial_mortality_benefit,3
Indonesia,2041,88881.5613597912,IDN,22835.7817990268,South-East Asia,I_PH_TOB_AD_BAN,Tobacco advertising ban,public_health,htncov2_aspirational,1380070.96412439,1371155.31656525,8915.64755914793,136459.876255495,102084.509607621,67.0296569136464,313041661,39,211508044,38.5431925865666,37.2583,22.2521643932287,7148551064600.92,1851987.16253594,1851987.16253594,456715.635980536,2283578.17990268,3653725.08784429,3653725.08784429,1851987.16253594,2784176.15160109,81.1002302804833,49706.7005884848,61290.4555468897,98064.7288750235,98064.7288750235,74726.3335042417,49706.7005884848,16511664825.2369,20359578225.7728,32575325161.2365,32575325161.2365,24822733310.2601,16511664825.2369,6782970211.37355,8363687979.57146,13381900767.3143,13381900767.3143,10197146223.0156,6782970211.37355,0.623166939220114,0.623166939220114,0.31494259526933,0.852821262206316,0.623166939220114,0.4581115219914,14230.5042483979,10289523630.5713,4226922785.44287,15468706740.032,6354524400.5766,10289523630.5713,4226922785.44287,2025,PPP_international_dollars,2023,societal,partial_mortality_benefit,3
Indonesia,2041,88881.5613597912,IDN,22835.7817990268,South-East Asia,I_PH_TOB_CLEAN_AIR,Smoke-free / clean-air law,public_health,htncov2_aspirational,1380070.96412439,1367799.87393049,12271.0901938993,187750.269920863,140463.812371056,67.0384185954818,313041661,39,211508044,38.5431925865666,37.2583,22.2521643932287,7148551064600.92,1851987.16253594,1851987.16253594,456715.635980536,2283578.17990268,3653725.08784429,3653725.08784429,1851987.16253594,2784176.15160109,81.1002302804833,49706.7005884848,61290.4555468897,98064.7288750235,98064.7288750235,74726.3335042417,49706.7005884848,22725901509.4221,28021993810.4061,44835190096.6498,44835190096.6498,34164876672.0003,22725901509.4221,9332446452.36355,11507299572.5012,18411679316.0019,18411679316.0019,14029889285.6178,9332446452.36355,0.623166939220114,0.623166939220114,0.31494259526933,0.852821262206316,0.623166939220114,0.4581115219914,14230.5042483979,14162030484.6444,5815672091.15501,21290421624.5231,8742963163.71553,14162030484.6444,5815672091.15501,2025,PPP_international_dollars,2023,societal,partial_mortality_benefit,3
Indonesia,2041,88881.5613597912,IDN,22835.7817990268,South-East Asia,I_PH_TOB_MEDIA,Tobacco mass-media campaign,public_health,htncov2_aspirational,1380070.96412439,1365559.20732718,14511.7567972153,221980.116263176,166080.001921166,67.0442721099448,313041661,39,211508044,38.5431925865666,37.2583,22.2521643932287,7148551064600.92,1851987.16253594,1851987.16253594,456715.635980536,2283578.17990268,3653725.08784429,3653725.08784429,1851987.16253594,2784176.15160109,81.1002302804833,49706.7005884848,61290.4555468897,98064.7288750235,98064.7288750235,74726.3335042417,49706.7005884848,26875587294.2864,33138731174.1752,53021969878.6802,53021969878.6802,40403287192.6417,26875587294.2864,11033899175.6907,13605262448.1216,21768419916.9945,21768419916.9945,16587760199.1924,11033899175.6907,0.623166939220114,0.623166939220114,0.31494259526933,0.852821262206316,0.623166939220114,0.4581115219914,14230.5042483979,16747977473.9234,6875961176.97853,25177992814.2698,10336943751.848,16747977473.9234,6875961176.97853,2025,PPP_international_dollars,2023,societal,partial_mortality_benefit,3
Indonesia,2041,88881.5613597912,IDN,22835.7817990268,South-East Asia,S_70_30_30_TO_70_70_70,70-30-30 -> 70-70-70 hypertension/cholesterol + diabetes cascade,cascade_70_30_30_to_70_70_70,htncov2_aspirational,1380070.96412439,1291426.44596049,88644.5181639006,1205308.59489864,937409.22681475,69.1343184567447,313041661,39,211508044,38.5431925865666,37.2583,22.2521643932287,7148551064600.92,1851987.16253594,1851987.16253594,456715.635980536,2283578.17990268,3653725.08784429,3653725.08784429,1851987.16253594,2784176.15160109,81.1002302804833,49706.7005884848,61290.4555468897,98064.7288750235,98064.7288750235,74726.3335042417,49706.7005884848,164168509668.728,202426687447.07,323882699915.312,323882699915.312,246801953442.101,164168509668.728,59911913443.354,73873912855.9192,118198260569.471,118198260569.471,90068292037.9248,59911913443.354,0.623166939220114,0.623166939220114,0.31494259526933,0.852821262206316,0.623166939220114,0.4581115219914,14230.5042483979,102304387686.589,37335123723.3153,153798817920.059,56127581870.0569,102304387686.589,37335123723.3153,2025,PPP_international_dollars,2023,societal,partial_mortality_benefit,3
Indonesia,2041,88881.5613597912,IDN,22835.7817990268,South-East Asia,S_70_30_30_TO_70_70_70_I_PH_TOBACCO_TAX,70-30-30 -> 70-70-70 cascade + tobacco tax,cascade_public_health,htncov2_aspirational,1380070.96412439,1217555.71830522,162515.24581917,2324074.24423125,1775072.51838007,68.311348296177,313041661,39,211508044,38.5431925865666,37.2583,22.2521643932287,7148551064600.92,1851987.16253594,1851987.16253594,456715.635980536,2283578.17990268,3653725.08784429,3653725.08784429,1851987.16253594,2784176.15160109,81.1002302804833,49706.7005884848,61290.4555468897,98064.7288750235,98064.7288750235,74726.3335042417,49706.7005884848,300976148973.475,371116269254.176,593786030806.681,593786030806.681,452471071681.32,300976148973.475,115522062603.412,142443569153.727,227909710645.963,227909710645.963,173669547063.043,115522062603.412,0.623166939220114,0.623166939220114,0.31494259526933,0.852821262206316,0.623166939220114,0.4581115219914,14230.5042483979,187558385534.057,71989530164.9625,281965012825.293,108225120079.02,187558385534.057,71989530164.9625,2025,PPP_international_dollars,2023,societal,partial_mortality_benefit,3
Indonesia,2041,88881.5613597912,IDN,22835.7817990268,South-East Asia,all_cascade_public_health,70-30-30 -> 70-70-70 cascade + all public-health interventions (combined),cascade_public_health,htncov2_aspirational,1380070.96412439,1186581.46800867,193489.496115722,2787503.89932179,2122894.34477927,68.1996591435722,313041661,39,211508044,38.5431925865666,37.2583,22.2521643932287,7148551064600.92,1851987.16253594,1851987.16253594,456715.635980536,2283578.17990268,3653725.08784429,3653725.08784429,1851987.16253594,2784176.15160109,81.1002302804833,49706.7005884848,61290.4555468897,98064.7288750235,98064.7288750235,74726.3335042417,49706.7005884848,358340062891.866,441848391370.228,706957426192.364,706957426192.364,538708840670.705,358340062891.866,138557621712.822,170847383828.164,273355814125.062,273355814125.062,208299946025.094,138557621712.822,0.623166939220114,0.623166939220114,0.31494259526933,0.852821262206316,0.623166939220114,0.4581115219914,14230.5042483979,223305680192.267,86344529028.3978,335705539371.579,129805639804.173,223305680192.267,86344529028.3978,2025,PPP_international_dollars,2023,societal,partial_mortality_benefit,3
Indonesia,2041,88881.5613597912,IDN,22835.7817990268,South-East Asia,all_public_health,All selected public-health interventions (combined),public_health,htncov2_aspirational,1380070.96412439,1267302.32867788,112768.635446515,1706964.96332213,1279672.84866141,67.2997267423724,313041661,39,211508044,38.5431925865666,37.2583,22.2521643932287,7148551064600.92,1851987.16253594,1851987.16253594,456715.635980536,2283578.17990268,3653725.08784429,3653725.08784429,1851987.16253594,2784176.15160109,81.1002302804833,49706.7005884848,61290.4555468897,98064.7288750235,98064.7288750235,74726.3335042417,49706.7005884848,208846065183.642,257515995283.062,412025592452.899,412025592452.899,313967745458.784,208846065183.642,84847596346.8871,104620660204.593,167393056327.349,167393056327.349,127555233129.265,84847596346.8871,0.623166939220114,0.623166939220114,0.31494259526933,0.852821262206316,0.623166939220114,0.4581115219914,14230.5042483979,130145963208.654,52874216915.6734,195654318951.39,79488204210.6723,130145963208.654,52874216915.6734,2025,PPP_international_dollars,2023,societal,partial_mortality_benefit,3
Indonesia,2042,89654.918983414,IDN,23411.5286140188,South-East Asia,I_PH_TOBACCO_POLICY,Tobacco policy package,public_health,htncov2_aspirational,1406876.34005525,1371727.73715814,35148.6028971142,539876.609591559,403662.277363388,67.0350728936077,314211282.5,39,211664653,38.6082004702977,37.3732,22.2897356001908,7356166431096.3,1914157.09771051,1914157.09771051,468230.572280377,2341152.86140188,3745844.57824301,3745844.57824301,1914157.09771051,2863656.24301516,81.7613035555615,51217.3722804177,62642.5583413217,100228.093346115,100228.093346115,76623.2552474811,51217.3722804177,67279947710.1192,82288252246.8574,131661203594.972,131661203594.972,100653516119.582,67279947710.1192,27651061298.9406,33819252013.4542,54110803221.5267,54110803221.5267,41367103258.8787,27651061298.9406,0.605016445844771,0.605016445844771,0.293002188743336,0.844377487332986,0.605016445844771,0.436296687610857,14164.3598338468,40705474840.1983,16729346830.9209,60897032584.4487,25027777788.5805,40705474840.1983,16729346830.9209,2025,PPP_international_dollars,2023,societal,partial_mortality_benefit,3
Indonesia,2042,89654.918983414,IDN,23411.5286140188,South-East Asia,I_PH_TOBACCO_TAX,Tobacco tax,public_health,htncov2_aspirational,1406876.34005525,1328008.61051562,78867.7295396322,1205599.97202222,902198.160058018,67.1546811504201,314211282.5,39,211664653,38.6082004702977,37.3732,22.2897356001908,7356166431096.3,1914157.09771051,1914157.09771051,468230.572280377,2341152.86140188,3745844.57824301,3745844.57824301,1914157.09771051,2863656.24301516,81.7613035555615,51217.3722804177,62642.5583413217,100228.093346115,100228.093346115,76623.2552474811,51217.3722804177,150965224278.6,184641410683.98,295426257094.367,295426257094.367,225850066068.599,150965224278.6,61747662588.3232,75521866583.6977,120834986533.916,120834986533.916,92376994382.6147,61747662588.3232,0.605016445844771,0.605016445844771,0.293002188743336,0.844377487332986,0.605016445844771,0.436296687610857,14164.3598338468,91336443439.197,37358351358.4094,136643004266.63,55889600819.1919,91336443439.197,37358351358.4094,2025,PPP_international_dollars,2023,societal,partial_mortality_benefit,3
Indonesia,2042,89654.918983414,IDN,23411.5286140188,South-East Asia,I_PH_TOB_AD_BAN,Tobacco advertising ban,public_health,htncov2_aspirational,1406876.34005525,1398026.09652786,8850.24352739598,136352.109700656,101891.311882637,66.9605754505098,314211282.5,39,211664653,38.6082004702977,37.3732,22.2897356001908,7356166431096.3,1914157.09771051,1914157.09771051,468230.572280377,2341152.86140188,3745844.57824301,3745844.57824301,1914157.09771051,2863656.24301516,81.7613035555615,51217.3722804177,62642.5583413217,100228.093346115,100228.093346115,76623.2552474811,51217.3722804177,16940756464.4315,20719772958.2666,33151636733.2265,33151636733.2265,25344055129.432,16940756464.4315,6983596763.75884,8541444986.88562,13666311979.017,13666311979.017,10447742505.1259,6983596763.75884,0.605016445844771,0.605016445844771,0.293002188743336,0.844377487332986,0.605016445844771,0.436296687610857,14164.3598338468,10249436266.0322,4225190893.22242,15333570157.7029,6321056037.55261,10249436266.0322,4225190893.22242,2025,PPP_international_dollars,2023,societal,partial_mortality_benefit,3
Indonesia,2042,89654.918983414,IDN,23411.5286140188,South-East Asia,I_PH_TOB_CLEAN_AIR,Smoke-free / clean-air law,public_health,htncov2_aspirational,1406876.34005525,1394695.48577252,12180.8542827319,187596.003930046,140193.635095276,66.9697604322827,314211282.5,39,211664653,38.6082004702977,37.3732,22.2897356001908,7356166431096.3,1914157.09771051,1914157.09771051,468230.572280377,2341152.86140188,3745844.57824301,3745844.57824301,1914157.09771051,2863656.24301516,81.7613035555615,51217.3722804177,62642.5583413217,100228.093346115,100228.093346115,76623.2552474811,51217.3722804177,23316068681.4688,28517241858.3372,45627586973.3396,45627586973.3396,34881779412.0033,23316068681.4688,9608174371.60388,11751493620.7867,18802389793.2588,18802389793.2588,14374216492.5394,9608174371.60388,0.605016445844771,0.605016445844771,0.293002188743336,0.844377487332986,0.605016445844771,0.436296687610857,14164.3598338468,14106605004.7348,5813103509.36459,21104050204.5915,8696637374.11947,14106605004.7348,5813103509.36459,2025,PPP_international_dollars,2023,societal,partial_mortality_benefit,3
Indonesia,2042,89654.918983414,IDN,23411.5286140188,South-East Asia,I_PH_TOB_MEDIA,Tobacco mass-media campaign,public_health,htncov2_aspirational,1406876.34005525,1392471.46775538,14404.8722998741,221792.987746203,165757.116621306,66.9758964385944,314211282.5,39,211664653,38.6082004702977,37.3732,22.2897356001908,7356166431096.3,1914157.09771051,1914157.09771051,468230.572280377,2341152.86140188,3745844.57824301,3745844.57824301,1914157.09771051,2863656.24301516,81.7613035555615,51217.3722804177,62642.5583413217,100228.093346115,100228.093346115,76623.2552474811,51217.3722804177,27573188554.4175,33724008002.979,53958412804.7663,53958412804.7663,41250602491.3706,27573188554.4175,11359654022.5834,13893680174.5876,22229888279.3401,22229888279.3401,16994500712.1788,11359654022.5834,0.605016445844771,0.605016445844771,0.293002188743336,0.844377487332986,0.605016445844771,0.436296687610857,14164.3598338468,16682232539.8014,6872777502.76966,24957292908.2845,10281952419.7888,16682232539.8014,6872777502.76966,2025,PPP_international_dollars,2023,societal,partial_mortality_benefit,3
Indonesia,2042,89654.918983414,IDN,23411.5286140188,South-East Asia,S_70_30_30_TO_70_70_70,70-30-30 -> 70-70-70 hypertension/cholesterol + diabetes cascade,cascade_70_30_30_to_70_70_70,htncov2_aspirational,1406876.34005525,1310364.31179319,96512.02826206,1318942.21401115,1024883.10920074,69.123651301036,314211282.5,39,211664653,38.6082004702977,37.3732,22.2897356001908,7356166431096.3,1914157.09771051,1914157.09771051,468230.572280377,2341152.86140188,3745844.57824301,3745844.57824301,1914157.09771051,2863656.24301516,81.7613035555615,51217.3722804177,62642.5583413217,100228.093346115,100228.093346115,76623.2552474811,51217.3722804177,184739183912.259,225949411125.421,361519057800.674,361519057800.674,276377272258.704,184739183912.259,67552754391.3675,82621914590.0255,132195063344.041,132195063344.041,101061645920.854,67552754391.3675,0.605016445844771,0.605016445844771,0.293002188743336,0.844377487332986,0.605016445844771,0.436296687610857,14164.3598338468,111770244458.859,40870527368.8899,167212794974.234,61143957826.258,111770244458.859,40870527368.8899,2025,PPP_international_dollars,2023,societal,partial_mortality_benefit,3
Indonesia,2042,89654.918983414,IDN,23411.5286140188,South-East Asia,S_70_30_30_TO_70_70_70_I_PH_TOBACCO_TAX,70-30-30 -> 70-70-70 cascade + tobacco tax,cascade_public_health,htncov2_aspirational,1406876.34005525,1237582.05396124,169294.286094015,2427229.13767145,1853833.41663966,68.3338502948495,314211282.5,39,211664653,38.6082004702977,37.3732,22.2897356001908,7356166431096.3,1914157.09771051,1914157.09771051,468230.572280377,2341152.86140188,3745844.57824301,3745844.57824301,1914157.09771051,2863656.24301516,81.7613035555615,51217.3722804177,62642.5583413217,100228.093346115,100228.093346115,76623.2552474811,51217.3722804177,324055859328.692,396343802307.992,634150083692.787,634150083692.787,484800639279.921,324055859328.692,124316298353.996,152047842864.339,243276548582.943,243276548582.943,185982197759.923,124316298353.996,0.605016445844771,0.605016445844771,0.293002188743336,0.844377487332986,0.605016445844771,0.436296687610857,14164.3598338468,196059124266.218,75213404990.7126,293312359720.41,112522288279.108,196059124266.218,75213404990.7126,2025,PPP_international_dollars,2023,societal,partial_mortality_benefit,3
Indonesia,2042,89654.918983414,IDN,23411.5286140188,South-East Asia,all_cascade_public_health,70-30-30 -> 70-70-70 cascade + all public-health interventions (combined),cascade_public_health,htncov2_aspirational,1406876.34005525,1206932.68366674,199943.656388511,2887575.26282027,2199067.90087108,68.2238668873811,314211282.5,39,211664653,38.6082004702977,37.3732,22.2897356001908,7356166431096.3,1914157.09771051,1914157.09771051,468230.572280377,2341152.86140188,3745844.57824301,3745844.57824301,1914157.09771051,2863656.24301516,81.7613035555615,51217.3722804177,62642.5583413217,100228.093346115,100228.093346115,76623.2552474811,51217.3722804177,382723569018.26,468098663273.118,748957861236.989,748957861236.989,572569899868.239,382723569018.26,147894017223.591,180885101866.176,289416162985.881,289416162985.881,221255416409.39,147894017223.591,0.605016445844771,0.605016445844771,0.293002188743336,0.844377487332986,0.605016445844771,0.436296687610857,14164.3598338468,231554053468.454,89478312662.3221,346414205815.978,133863165659.914,231554053468.454,89478312662.3221,2025,PPP_international_dollars,2023,societal,partial_mortality_benefit,3
Indonesia,2042,89654.918983414,IDN,23411.5286140188,South-East Asia,all_public_health,All selected public-health interventions (combined),public_health,htncov2_aspirational,1406876.34005525,1294843.17177599,112033.168279259,1705751.96863248,1277466.66888333,67.2511266892942,314211282.5,39,211664653,38.6082004702977,37.3732,22.2897356001908,7356166431096.3,1914157.09771051,1914157.09771051,468230.572280377,2341152.86140188,3745844.57824301,3745844.57824301,1914157.09771051,2863656.24301516,81.7613035555615,51217.3722804177,62642.5583413217,100228.093346115,100228.093346115,76623.2552474811,51217.3722804177,214449084240.739,262286772488.905,419658835982.249,419658835982.249,320824481767.668,214449084240.739,87364133595.5051,106852667210.884,170964267537.415,170964267537.415,130700268481.42,87364133595.5051,0.605016445844771,0.605016445844771,0.293002188743336,0.844377487332986,0.605016445844771,0.436296687610857,14164.3598338468,129745222761.998,52856737602.2603,194104087699.065,79075811907.586,129745222761.998,52856737602.2603,2025,PPP_international_dollars,2023,societal,partial_mortality_benefit,3
Indonesia,2043,90435.0055843959,IDN,24001.7914371726,South-East Asia,I_PH_TOBACCO_POLICY,Tobacco policy package,public_health,htncov2_aspirational,1432805.18241214,1397764.42848088,35040.7539312594,540883.657672954,404121.962962493,67.0061688894509,315304312,39,211742966,38.6677451259467,37.4911,22.3281553631767,7567868335865.2,1978414.03484589,1978414.03484589,480035.828743452,2400179.14371726,3840286.62994762,3840286.62994762,1978414.03484589,2945405.25873116,82.4277654451172,52770.2317308877,64019.9712389676,102431.953982348,102431.953982348,78562.7858006609,52770.2317308877,69325119369.1848,84104086765.9375,134566538825.5,134566538825.5,103209220899.036,69325119369.1848,28542555954.8519,34627356207.8501,55403769932.5602,55403769932.5602,42493326940.8383,28542555954.8519,0.587394607616282,0.587394607616282,0.27259025580509,0.836017314191075,0.587394607616282,0.415520654867483,14098.5228633258,40721201289.8143,16765743455.466,60624539812.3715,24960351104.7241,40721201289.8143,16765743455.466,2025,PPP_international_dollars,2023,societal,partial_mortality_benefit,3
Indonesia,2043,90435.0055843959,IDN,24001.7914371726,South-East Asia,I_PH_TOBACCO_TAX,Tobacco tax,public_health,htncov2_aspirational,1432805.18241214,1354226.75878255,78578.4236295916,1206978.38638746,902573.905177177,67.1295062519006,315304312,39,211742966,38.6677451259467,37.4911,22.3281553631767,7567868335865.2,1978414.03484589,1978414.03484589,480035.828743452,2400179.14371726,3840286.62994762,3840286.62994762,1978414.03484589,2945405.25873116,82.4277654451172,52770.2317308877,64019.9712389676,102431.953982348,102431.953982348,78562.7858006609,52770.2317308877,155460656144.85,188602293541.925,301763669667.08,301763669667.08,231445302181.404,155460656144.85,63692529143.8391,77270721582.5806,123633154532.129,123633154532.129,94823584435.7851,63692529143.8391,0.587394607616282,0.587394607616282,0.27259025580509,0.836017314191075,0.587394607616282,0.415520654867483,14098.5228633258,91316751115.9737,37412648164.534,135949722459.478,55698862172.4274,91316751115.9737,37412648164.534,2025,PPP_international_dollars,2023,societal,partial_mortality_benefit,3
Indonesia,2043,90435.0055843959,IDN,24001.7914371726,South-East Asia,I_PH_TOB_AD_BAN,Tobacco advertising ban,public_health,htncov2_aspirational,1432805.18241214,1423985.64612253,8819.53628960447,136584.799915157,101987.579860121,66.9252360327765,315304312,39,211742966,38.6677451259467,37.4911,22.3281553631767,7567868335865.2,1978414.03484589,1978414.03484589,480035.828743452,2400179.14371726,3840286.62994762,3840286.62994762,1978414.03484589,2945405.25873116,82.4277654451172,52770.2317308877,64019.9712389676,102431.953982348,102431.953982348,78562.7858006609,52770.2317308877,17448694376.1861,21168467059.5662,33869547295.3058,33869547295.3058,25977108566.9713,17448694376.1861,7207611542.43978,8744154962.24851,13990647939.5976,13990647939.5976,10730482379.3606,7207611542.43978,0.587394607616282,0.587394607616282,0.27259025580509,0.836017314191075,0.587394607616282,0.415520654867483,14098.5228633258,10249268986.5163,4233712153.822,15258813493.7017,6303027486.75796,10249268986.5163,4233712153.822,2025,PPP_international_dollars,2023,societal,partial_mortality_benefit,3
Indonesia,2043,90435.0055843959,IDN,24001.7914371726,South-East Asia,I_PH_TOB_CLEAN_AIR,Smoke-free / clean-air law,public_health,htncov2_aspirational,1432805.18241214,1420666.69557988,12138.4868322608,187911.281885627,140322.707393356,66.9349012330901,315304312,39,211742966,38.6677451259467,37.4911,22.3281553631767,7567868335865.2,1978414.03484589,1978414.03484589,480035.828743452,2400179.14371726,3840286.62994762,3840286.62994762,1978414.03484589,2945405.25873116,82.4277654451172,52770.2317308877,64019.9712389676,102431.953982348,102431.953982348,78562.7858006609,52770.2317308877,24014952710.7367,29134542931.0789,46615268689.7263,46615268689.7263,35752762948.7798,24014952710.7367,9916121889.9527,12030074861.7954,19248119778.8726,19248119778.8726,14762833788.3081,9916121889.9527,0.587394607616282,0.587394607616282,0.27259025580509,0.836017314191075,0.587394607616282,0.415520654867483,14098.5228633258,14106253724.4468,5824676526.62399,21000980163.4965,8671608960.38763,14106253724.4468,5824676526.62399,2025,PPP_international_dollars,2023,societal,partial_mortality_benefit,3
Indonesia,2043,90435.0055843959,IDN,24001.7914371726,South-East Asia,I_PH_TOB_MEDIA,Tobacco mass-media campaign,public_health,htncov2_aspirational,1432805.18241214,1418450.49614523,14354.6862669102,222161.887597588,165907.042759553,66.9413581515046,315304312,39,211742966,38.6677451259467,37.4911,22.3281553631767,7567868335865.2,1978414.03484589,1978414.03484589,480035.828743452,2400179.14371726,3840286.62994762,3840286.62994762,1978414.03484589,2945405.25873116,82.4277654451172,52770.2317308877,64019.9712389676,102431.953982348,102431.953982348,78562.7858006609,52770.2317308877,28399512776.2646,34453818592.4424,55126109747.9079,55126109747.9079,42280368417.9932,28399512776.2646,11723534290.2962,14222797654.3924,22756476247.0278,22756476247.0278,17453656788.3998,11723534290.2962,0.587394607616282,0.587394607616282,0.27259025580509,0.836017314191075,0.587394607616282,0.415520654867483,14098.5228633258,16681720663.7076,6886340824.32455,24835260416.759,10252183880.6914,16681720663.7076,6886340824.32455,2025,PPP_international_dollars,2023,societal,partial_mortality_benefit,3
Indonesia,2043,90435.0055843959,IDN,24001.7914371726,South-East Asia,S_70_30_30_TO_70_70_70,70-30-30 -> 70-70-70 hypertension/cholesterol + diabetes cascade,cascade_70_30_30_to_70_70_70,htncov2_aspirational,1432805.18241214,1329704.5029497,103100.679462442,1415191.34218875,1098802.4702898,69.1307304501517,315304312,39,211742966,38.6677451259467,37.4911,22.3281553631767,7567868335865.2,1978414.03484589,1978414.03484589,480035.828743452,2400179.14371726,3840286.62994762,3840286.62994762,1978414.03484589,2945405.25873116,82.4277654451172,52770.2317308877,64019.9712389676,102431.953982348,102431.953982348,78562.7858006609,52770.2317308877,203975831250.642,247460100548.831,395936160878.13,395936160878.13,303673283467.432,203975831250.642,74679975070.8464,90600509024.5597,144960814439.296,144960814439.296,111181374283.324,74679975070.8464,0.587394607616282,0.587394607616282,0.27259025580509,0.836017314191075,0.587394607616282,0.415520654867483,14098.5228633258,119814303360.676,43866614653.5336,178376049185.9,65307339721.3924,119814303360.676,43866614653.5336,2025,PPP_international_dollars,2023,societal,partial_mortality_benefit,3
Indonesia,2043,90435.0055843959,IDN,24001.7914371726,South-East Asia,S_70_30_30_TO_70_70_70_I_PH_TOBACCO_TAX,70-30-30 -> 70-70-70 cascade + tobacco tax,cascade_public_health,htncov2_aspirational,1432805.18241214,1257580.49774669,175224.68466545,2517766.53421049,1922944.65388929,68.3710123171593,315304312,39,211742966,38.6677451259467,37.4911,22.3281553631767,7567868335865.2,1978414.03484589,1978414.03484589,480035.828743452,2400179.14371726,3840286.62994762,3840286.62994762,1978414.03484589,2945405.25873116,82.4277654451172,52770.2317308877,64019.9712389676,102431.953982348,102431.953982348,78562.7858006609,52770.2317308877,346666975393.57,420570633598.446,672913013757.513,672913013757.513,516107707673.124,346666975393.57,132863123454.562,161187341106.591,257899745770.546,257899745770.546,197802752923.251,132863123454.562,0.587394607616282,0.587394607616282,0.27259025580509,0.836017314191075,0.587394607616282,0.415520654867483,14098.5228633258,203630311984.83,78043082268.266,303158884436.394,116188270438.774,203630311984.83,78043082268.266,2025,PPP_international_dollars,2023,societal,partial_mortality_benefit,3
Indonesia,2043,90435.0055843959,IDN,24001.7914371726,South-East Asia,all_cascade_public_health,70-30-30 -> 70-70-70 cascade + all public-health interventions (combined),cascade_public_health,htncov2_aspirational,1432805.18241214,1227099.52399034,205705.658421796,2976710.95920543,2266984.16496713,68.2644437897216,315304312,39,211742966,38.6677451259467,37.4911,22.3281553631767,7567868335865.2,1978414.03484589,1978414.03484589,480035.828743452,2400179.14371726,3840286.62994762,3840286.62994762,1978414.03484589,2945405.25873116,82.4277654451172,52770.2317308877,64019.9712389676,102431.953982348,102431.953982348,78562.7858006609,52770.2317308877,406970961668.894,493730431088.62,789968689741.792,789968689741.792,605886528066.312,406970961668.894,157081727113.144,190568949995.051,304910319992.082,304910319992.082,233858705478.536,157081727113.144,0.587394607616282,0.587394607616282,0.27259025580509,0.836017314191075,0.587394607616282,0.415520654867483,14098.5228633258,239052548340.721,92268959461.3129,355894479413.503,137367342542.216,239052548340.721,92268959461.3129,2025,PPP_international_dollars,2023,societal,partial_mortality_benefit,3
Indonesia,2043,90435.0055843959,IDN,24001.7914371726,South-East Asia,all_public_health,All selected public-health interventions (combined),public_health,htncov2_aspirational,1432805.18241214,1321069.59232676,111735.590085381,1708716.72636976,1278842.07040003,67.2368731641755,315304312,39,211742966,38.6677451259467,37.4911,22.3281553631767,7567868335865.2,1978414.03484589,1978414.03484589,480035.828743452,2400179.14371726,3840286.62994762,3840286.62994762,1978414.03484589,2945405.25873116,82.4277654451172,52770.2317308877,64019.9712389676,102431.953982348,102431.953982348,78562.7858006609,52770.2317308877,221059259616.705,268185432933.873,429096692694.196,429096692694.196,329106594624.91,221059259616.705,90169377612.9761,109391995677.735,175027193084.376,175027193084.376,134241546167.794,90169377612.9761,0.587394607616282,0.587394607616282,0.27259025580509,0.836017314191075,0.587394607616282,0.415520654867483,14098.5228633258,129849017062.5,52965006181.9785,193315439013.63,78852760337.0343,129849017062.5,52965006181.9785,2025,PPP_international_dollars,2023,societal,partial_mortality_benefit,3
Indonesia,2044,91221.8797115048,IDN,24606.9362531317,South-East Asia,I_PH_TOBACCO_POLICY,Tobacco policy package,public_health,htncov2_aspirational,1458339.17974938,1423314.58682463,35024.5929247465,542959.752580644,405427.709006875,66.9943353448744,316318415.5,39,211766546,38.7235784423664,37.6099,22.3667332144736,7783627085900.13,2044828.03316237,2044828.03316237,492138.725062635,2460693.62531317,3937109.80050108,3937109.80050108,2044828.03316237,3029487.96990617,83.0996598734281,54369.4089365399,65426.7526718543,104682.804274967,104682.804274967,80550.279844035,54369.4089365399,71619269462.6221,86184792539.1125,137895668062.58,137895668062.58,106106582916.38,71619269462.6221,29520400824.1395,35524093442.865,56838549508.5839,56838549508.5839,43735560014.4188,29520400824.1395,0.570286026811925,0.570286026811925,0.253600315678782,0.827739915040669,0.570286026811925,0.39573395701665,14032.9919078128,40843468625.0113,16835072095.894,60511101589.9726,24941778751.0174,40843468625.0113,16835072095.894,2025,PPP_international_dollars,2023,societal,partial_mortality_benefit,3
Indonesia,2044,91221.8797115048,IDN,24606.9362531317,South-East Asia,I_PH_TOBACCO_TAX,Tobacco tax,public_health,htncov2_aspirational,1458339.17974938,1379832.51316999,78506.6665793853,1210897.26354918,904961.650556641,67.1216672007051,316318415.5,39,211766546,38.7235784423664,37.6099,22.3667332144736,7783627085900.13,2044828.03316237,2044828.03316237,492138.725062635,2460693.62531317,3937109.80050108,3937109.80050108,2044828.03316237,3029487.96990617,83.0996598734281,54369.4089365399,65426.7526718543,104682.804274967,104682.804274967,80550.279844035,54369.4089365399,160532632611.659,193180853996.48,309089366394.368,309089366394.368,237835001959.683,160532632611.659,65835768502.0426,79225075773.2575,126760121237.212,126760121237.212,97538113441.2628,65835768502.0426,0.570286026811925,0.570286026811925,0.253600315678782,0.827739915040669,0.570286026811925,0.39573395701665,14032.9919078128,91549517225.7611,37545218841.1395,135633978304.394,55624623177.1485,91549517225.7611,37545218841.1395,2025,PPP_international_dollars,2023,societal,partial_mortality_benefit,3
Indonesia,2044,91221.8797115048,IDN,24606.9362531317,South-East Asia,I_PH_TOB_AD_BAN,Tobacco advertising ban,public_health,htncov2_aspirational,1458339.17974938,1449526.93906488,8812.24068449836,137089.964142837,102299.481445483,66.907447406154,316318415.5,39,211766546,38.7235784423664,37.6099,22.3667332144736,7783627085900.13,2044828.03316237,2044828.03316237,492138.725062635,2460693.62531317,3937109.80050108,3937109.80050108,2044828.03316237,3029487.96990617,83.0996598734281,54369.4089365399,65426.7526718543,104682.804274967,104682.804274967,80550.279844035,54369.4089365399,18019516786.6362,21684224477.0705,34694759163.3128,34694759163.3128,26696577141.6055,18019516786.6362,7453500321.57747,8969351177.76674,14350961884.4268,14350961884.4268,11042634975.5142,7453500321.57747,0.570286026811925,0.570286026811925,0.253600315678782,0.827739915040669,0.570286026811925,0.39573395701665,14032.9919078128,10276278633.3215,4250627084.23382,15224684907.5643,6297460425.72039,10276278633.3215,4250627084.23382,2025,PPP_international_dollars,2023,societal,partial_mortality_benefit,3
Indonesia,2044,91221.8797115048,IDN,24606.9362531317,South-East Asia,I_PH_TOB_CLEAN_AIR,Smoke-free / clean-air law,public_health,htncov2_aspirational,1458339.17974938,1446210.77151439,12128.4082349932,188602.458164264,140749.266528436,66.9175790547114,316318415.5,39,211766546,38.7235784423664,37.6099,22.3667332144736,7783627085900.13,2044828.03316237,2044828.03316237,492138.725062635,2460693.62531317,3937109.80050108,3937109.80050108,2044828.03316237,3029487.96990617,83.0996598734281,54369.4089365399,65426.7526718543,104682.804274967,104682.804274967,80550.279844035,54369.4089365399,24800509156.5515,29844296829.0436,47750874926.4697,47750874926.4697,36742866842.0229,24800509156.5515,10254204174.3696,12339646383.6171,19743434213.7873,19743434213.7873,15191980784.4044,10254204174.3696,0.570286026811925,0.570286026811925,0.253600315678782,0.827739915040669,0.570286026811925,0.39573395701665,14032.9919078128,14143383829.8025,5847829356.71946,20953943545.0168,8663774360.94109,14143383829.8025,5847829356.71946,2025,PPP_international_dollars,2023,societal,partial_mortality_benefit,3
Indonesia,2044,91221.8797115048,IDN,24606.9362531317,South-East Asia,I_PH_TOB_MEDIA,Tobacco mass-media campaign,public_health,htncov2_aspirational,1458339.17974938,1443996.44263163,14342.7371177438,222976.013291037,166409.325387463,66.9243478601299,316318415.5,39,211766546,38.7235784423664,37.6099,22.3667332144736,7783627085900.13,2044828.03316237,2044828.03316237,492138.725062635,2460693.62531317,3937109.80050108,3937109.80050108,2044828.03316237,3029487.96990617,83.0996598734281,54369.4089365399,65426.7526718543,104682.804274967,104682.804274967,80550.279844035,54369.4089365399,29328430930.6411,35293081795.1749,56468930872.2798,56468930872.2798,43451149553.7317,29328430930.6411,12123074049.6597,14588596473.3488,23341754357.358,23341754357.358,17960780269.1003,12123074049.6597,0.570286026811925,0.570286026811925,0.253600315678782,0.827739915040669,0.570286026811925,0.39573395701665,14032.9919078128,16725594348.0633,6913619732.5272,24779583439.4084,10242782018.1072,16725594348.0633,6913619732.5272,2025,PPP_international_dollars,2023,societal,partial_mortality_benefit,3
Indonesia,2044,91221.8797115048,IDN,24606.9362531317,South-East Asia,S_70_30_30_TO_70_70_70,70-30-30 -> 70-70-70 hypertension/cholesterol + diabetes cascade,cascade_70_30_30_to_70_70_70,htncov2_aspirational,1458339.17974938,1349588.62078166,108750.558967717,1498439.64603321,1162676.91026907,69.1502552650143,316318415.5,39,211766546,38.7235784423664,37.6099,22.3667332144736,7783627085900.13,2044828.03316237,2044828.03316237,492138.725062635,2460693.62531317,3937109.80050108,3937109.80050108,2044828.03316237,3029487.96990617,83.0996598734281,54369.4089365399,65426.7526718543,104682.804274967,104682.804274967,80550.279844035,54369.4089365399,222376191599.266,267601807201.106,428162891521.77,428162891521.77,329458510113.272,222376191599.266,81469277881.9035,98038040114.7155,156860864183.545,156860864183.545,120699732817.372,81469277881.9035,0.570286026811925,0.570286026811925,0.253600315678782,0.827739915040669,0.570286026811925,0.39573395701665,14032.9919078128,126818034764.713,46460790790.5074,187885584731.874,68833371065.6797,126818034764.713,46460790790.5074,2025,PPP_international_dollars,2023,societal,partial_mortality_benefit,3
Indonesia,2044,91221.8797115048,IDN,24606.9362531317,South-East Asia,S_70_30_30_TO_70_70_70_I_PH_TOBACCO_TAX,70-30-30 -> 70-70-70 cascade + tobacco tax,cascade_public_health,htncov2_aspirational,1458339.17974938,1277820.25497359,180518.924775789,2599104.40213045,1984969.72941687,68.4154814346954,316318415.5,39,211766546,38.7235784423664,37.6099,22.3667332144736,7783627085900.13,2044828.03316237,2044828.03316237,492138.725062635,2460693.62531317,3937109.80050108,3937109.80050108,2044828.03316237,3029487.96990617,83.0996598734281,54369.4089365399,65426.7526718543,104682.804274967,104682.804274967,80550.279844035,54369.4089365399,369130157897.863,444201767444.172,710722827910.675,710722827910.675,546879910948.65,369130157897.863,141311770108.192,170050960886.517,272081537418.427,272081537418.427,209358586935.471,141311770108.192,0.570286026811925,0.570286026811925,0.253600315678782,0.827739915040669,0.570286026811925,0.39573395701665,14032.9919078128,210509771124.03,80588127916.7607,311877971558.165,119394276722.389,210509771124.03,80588127916.7607,2025,PPP_international_dollars,2023,societal,partial_mortality_benefit,3
Indonesia,2044,91221.8797115048,IDN,24606.9362531317,South-East Asia,all_cascade_public_health,70-30-30 -> 70-70-70 cascade + all public-health interventions (combined),cascade_public_health,htncov2_aspirational,1458339.17974938,1247397.21656283,210941.963186551,3058046.91988159,2328902.78836092,68.3125814085745,316318415.5,39,211766546,38.7235784423664,37.6099,22.3667332144736,7783627085900.13,2044828.03316237,2044828.03316237,492138.725062635,2460693.62531317,3937109.80050108,3937109.80050108,2044828.03316237,3029487.96990617,83.0996598734281,54369.4089365399,65426.7526718543,104682.804274967,104682.804274967,80550.279844035,54369.4089365399,431340039694.164,519063544124.191,830501670598.705,830501670598.705,639046139822.046,431340039694.164,166264203534.168,200078079486.018,320124927177.629,320124927177.629,246326535172.651,166264203534.168,0.570286026811925,0.570286026811925,0.253600315678782,0.827739915040669,0.570286026811925,0.39573395701665,14032.9919078128,245987197442.082,94818152034.5499,364439084028.612,140476581041.959,245987197442.082,94818152034.5499,2025,PPP_international_dollars,2023,societal,partial_mortality_benefit,3
Indonesia,2044,91221.8797115048,IDN,24606.9362531317,South-East Asia,all_public_health,All selected public-health interventions (combined),public_health,htncov2_aspirational,1458339.17974938,1346606.85204587,111732.327703505,1715118.72491483,1282940.25172789,67.2390492538504,316318415.5,39,211766546,38.7235784423664,37.6099,22.3667332144736,7783627085900.13,2044828.03316237,2044828.03316237,492138.725062635,2460693.62531317,3937109.80050108,3937109.80050108,2044828.03316237,3029487.96990617,83.0996598734281,54369.4089365399,65426.7526718543,104682.804274967,104682.804274967,80550.279844035,54369.4089365399,228473395898.612,274939026521.418,439902442434.269,439902442434.269,338491742627.383,228473395898.612,93249991329.6115,112214648617.869,179543437788.59,179543437788.59,138153293257.634,93249991329.6115,0.570286026811925,0.570286026811925,0.253600315678782,0.827739915040669,0.570286026811925,0.39573395701665,14032.9919078128,130295185179.248,53179167055.6105,193037111011.615,78786892702.8789,130295185179.248,53179167055.6105,2025,PPP_international_dollars,2023,societal,partial_mortality_benefit,3
Indonesia,2045,92015.6004229417,IDN,25227.3382739225,South-East Asia,I_PH_TOBACCO_POLICY,Tobacco policy package,public_health,htncov2_aspirational,1483913.39991598,1448840.14838219,35073.251533789,545659.369988531,407252.723919278,66.9951997384299,317249613,39,211750667,38.7759164815287,37.7245,22.4038190520642,8003363304422,2113471.50372011,2113471.50372011,504546.76547845,2522733.82739225,4036374.1238276,4036374.1238276,2113471.50372011,3115970.99672455,83.7770311228119,56023.8440196718,66872.5583478178,106996.093356508,106996.093356508,82598.0727835901,56023.8440196718,74126317659.4706,88480478080.9265,141568764929.482,141568764929.482,109287234540.111,74126317659.4706,30569935432.1099,36489638057.5915,58383420892.1464,58383420892.1464,45070412357.3606,30569935432.1099,0.553675754186335,0.553675754186335,0.235933305548397,0.819544470337295,0.553675754186335,0.376889482873,13967.7655449278,41041944835.1632,16925832055.801,60509692006.9348,24954394553.4507,41041944835.1632,16925832055.801,2025,PPP_international_dollars,2023,societal,partial_mortality_benefit,3
Indonesia,2045,92015.6004229417,IDN,25227.3382739225,South-East Asia,I_PH_TOBACCO_TAX,Tobacco tax,public_health,htncov2_aspirational,1483913.39991598,1405322.73082633,78590.6690896528,1216342.68022247,908616.478011651,67.126771885373,317249613,39,211750667,38.7759164815287,37.7245,22.4038190520642,8003363304422,2113471.50372011,2113471.50372011,504546.76547845,2522733.82739225,4036374.1238276,4036374.1238276,2113471.50372011,3115970.99672455,83.7770311228119,56023.8440196718,66872.5583478178,106996.093356508,106996.093356508,82598.0727835901,56023.8440196718,166099139579.278,198263339429.858,317221343087.772,317221343087.772,244886245496.534,166099139579.278,68144192591.2531,81339946854.118,130143914966.589,130143914966.589,100467561230.802,68144192591.2531,0.553675754186335,0.553675754186335,0.235933305548397,0.819544470337295,0.553675754186335,0.376889482873,13967.7655449278,91965066376.2581,37729787226.3809,135587576665.154,55626452735.7263,91965066376.2581,37729787226.3809,2025,PPP_international_dollars,2023,societal,partial_mortality_benefit,3
Indonesia,2045,92015.6004229417,IDN,25227.3382739225,South-East Asia,I_PH_TOB_AD_BAN,Tobacco advertising ban,public_health,htncov2_aspirational,1483913.39991598,1475092.01386363,8821.38605234594,137753.341424925,102743.00437001,66.902632044072,317249613,39,211750667,38.7759164815287,37.7245,22.4038190520642,8003363304422,2113471.50372011,2113471.50372011,504546.76547845,2522733.82739225,4036374.1238276,4036374.1238276,2113471.50372011,3115970.99672455,83.7770311228119,56023.8440196718,66872.5583478178,106996.093356508,106996.093356508,82598.0727835901,56023.8440196718,18643748044.9472,22254008998.7393,35606414397.9829,35606414397.9829,27487183090.0204,18643748044.9472,7717471713.17859,9211918362.04515,14739069379.2722,14739069379.2722,11378160521.1987,7717471713.17859,0.553675754186335,0.553675754186335,0.235933305548397,0.819544470337295,0.553675754186335,0.376889482873,13967.7655449278,10322591259.6461,4272976971.20586,15218986827.8249,6299811607.82786,10322591259.6461,4272976971.20586,2025,PPP_international_dollars,2023,societal,partial_mortality_benefit,3
Indonesia,2045,92015.6004229417,IDN,25227.3382739225,South-East Asia,I_PH_TOB_CLEAN_AIR,Smoke-free / clean-air law,public_health,htncov2_aspirational,1483913.39991598,1471772.37366532,12141.0262506552,189512.274929759,141357.690982576,66.9132277622265,317249613,39,211750667,38.7759164815287,37.7245,22.4038190520642,8003363304422,2113471.50372011,2113471.50372011,504546.76547845,2522733.82739225,4036374.1238276,4036374.1238276,2113471.50372011,3115970.99672455,83.7770311228119,56023.8440196718,66872.5583478178,106996.093356508,106996.093356508,82598.0727835901,56023.8440196718,25659713006.6776,30628577621.7852,49005724194.8563,49005724194.8563,37831085667.513,25659713006.6776,10617206130.478,12673170662.868,20277073060.5888,20277073060.5888,15653348678.032,10617206130.478,0.553675754186335,0.553675754186335,0.235933305548397,0.819544470337295,0.553675754186335,0.376889482873,13967.7655449278,14207160951.1771,5878489611.64417,20946154888.6481,8666879634.85102,14207160951.1771,5878489611.64417,2025,PPP_international_dollars,2023,societal,partial_mortality_benefit,3
Indonesia,2045,92015.6004229417,IDN,25227.3382739225,South-East Asia,I_PH_TOB_MEDIA,Tobacco mass-media campaign,public_health,htncov2_aspirational,1483913.39991598,1469555.71731304,14357.6826029423,224049.398408811,167127.239255029,66.9203069020056,317249613,39,211750667,38.7759164815287,37.7245,22.4038190520642,8003363304422,2113471.50372011,2113471.50372011,504546.76547845,2522733.82739225,4036374.1238276,4036374.1238276,2113471.50372011,3115970.99672455,83.7770311228119,56023.8440196718,66872.5583478178,106996.093356508,106996.093356508,82598.0727835901,56023.8440196718,30344553040.7766,36220611585.4038,57952978536.6461,57952978536.6461,44738122570.9449,30344553040.7766,12552108549.1565,14982756467.8867,23972410348.6186,23972410348.6186,18506048516.8905,12552108549.1565,0.553675754186335,0.553675754186335,0.235933305548397,0.819544470337295,0.553675754186335,0.376889482873,13967.7655449278,16801043290.2992,6949798167.58297,24770413755.3486,10246350369.5983,16801043290.2992,6949798167.58297,2025,PPP_international_dollars,2023,societal,partial_mortality_benefit,3
Indonesia,2045,92015.6004229417,IDN,25227.3382739225,South-East Asia,S_70_30_30_TO_70_70_70,70-30-30 -> 70-70-70 hypertension/cholesterol + diabetes cascade,cascade_70_30_30_to_70_70_70,htncov2_aspirational,1483913.39991598,1370278.56581014,113634.834105841,1570791.35977106,1218188.97204065,69.1757281120665,317249613,39,211750667,38.7759164815287,37.7245,22.4038190520642,8003363304422,2113471.50372011,2113471.50372011,504546.76547845,2522733.82739225,4036374.1238276,4036374.1238276,2113471.50372011,3115970.99672455,83.7770311228119,56023.8440196718,66872.5583478178,106996.093356508,106996.093356508,82598.0727835901,56023.8440196718,240163983712.657,286670439968.911,458672703950.258,458672703950.258,354082847291.406,240163983712.657,88001770127.2623,105042836858.538,168068538973.662,168068538973.662,129744339062.205,88001770127.2623,0.553675754186335,0.553675754186335,0.235933305548397,0.819544470337295,0.553675754186335,0.376889482873,13967.7655449278,132972974810.5,48724446444.9444,196047087518.514,71836294781.6738,132972974810.5,48724446444.9444,2025,PPP_international_dollars,2023,societal,partial_mortality_benefit,3
Indonesia,2045,92015.6004229417,IDN,25227.3382739225,South-East Asia,S_70_30_30_TO_70_70_70_I_PH_TOBACCO_TAX,70-30-30 -> 70-70-70 cascade + tobacco tax,cascade_public_health,htncov2_aspirational,1483913.39991598,1298634.58694607,185278.812969913,2672153.38559926,2040715.80819848,68.4638524988585,317249613,39,211750667,38.7759164815287,37.7245,22.4038190520642,8003363304422,2113471.50372011,2113471.50372011,504546.76547845,2522733.82739225,4036374.1238276,4036374.1238276,2113471.50372011,3115970.99672455,83.7770311228119,56023.8440196718,66872.5583478178,106996.093356508,106996.093356508,82598.0727835901,56023.8440196718,391581491454.999,467409128978.281,747854606365.25,747854606365.25,577323407521.8,391581491454.999,149704304471.451,178693733192.805,285909973108.488,285909973108.488,220714719832.645,149704304471.451,0.553675754186335,0.553675754186335,0.235933305548397,0.819544470337295,0.553675754186335,0.376889482873,13967.7655449278,216809177606.756,82887643683.1713,319649973069.057,122204388963.365,216809177606.756,82887643683.1713,2025,PPP_international_dollars,2023,societal,partial_mortality_benefit,3
Indonesia,2045,92015.6004229417,IDN,25227.3382739225,South-East Asia,all_cascade_public_health,70-30-30 -> 70-70-70 cascade + all public-health interventions (combined),cascade_public_health,htncov2_aspirational,1483913.39991598,1268182.96371218,215730.436203802,3132057.67094096,2385316.2961842,68.3652084570539,317249613,39,211750667,38.7759164815287,37.7245,22.4038190520642,8003363304422,2113471.50372011,2113471.50372011,504546.76547845,2522733.82739225,4036374.1238276,4036374.1238276,2113471.50372011,3115970.99672455,83.7770311228119,56023.8440196718,66872.5583478178,106996.093356508,106996.093356508,82598.0727835901,56023.8440196718,455940129401.844,544230469009.417,870768750415.066,870768750415.066,672209782321.781,455940129401.844,175469910417.413,209448709348.729,335117934957.967,335117934957.967,258701927466.783,175469910417.413,0.553675754186335,0.553675754186335,0.235933305548397,0.819544470337295,0.553675754186335,0.376889482873,13967.7655449278,252442995010.381,97153434987.3696,372186258198.444,143236984799.629,252442995010.381,97153434987.3696,2025,PPP_international_dollars,2023,societal,partial_mortality_benefit,3
Indonesia,2045,92015.6004229417,IDN,25227.3382739225,South-East Asia,all_public_health,All selected public-health interventions (combined),public_health,htncov2_aspirational,1483913.39991598,1371971.82740717,111941.572508806,1723581.13396206,1288755.26317698,67.2536003100486,317249613,39,211750667,38.7759164815287,37.7245,22.4038190520642,8003363304422,2113471.50372011,2113471.50372011,504546.76547845,2522733.82739225,4036374.1238276,4036374.1238276,2113471.50372011,3115970.99672455,83.7770311228119,56023.8440196718,66872.5583478178,106996.093356508,106996.093356508,82598.0727835901,56023.8440196718,236585323578.981,282398791659.448,451838066655.117,451838066655.117,348806693265.178,236585323578.981,96561640604.3396,115260279948.076,184416447916.921,184416447916.921,142364479951.421,96561640604.3396,0.553675754186335,0.553675754186335,0.235933305548397,0.819544470337295,0.553675754186335,0.376889482873,13967.7655449278,130991557462.01,53463839187.0775,193125808958.839,78823760806.4484,130991557462.01,53463839187.0775,2025,PPP_international_dollars,2023,societal,partial_mortality_benefit,3
Indonesia,2046,92766.6954417819,IDN,25797.7023007031,South-East Asia,I_PH_TOBACCO_POLICY,Tobacco policy package,public_health,htncov2_aspirational,1509480.27542461,1474315.6904887,35164.5849359103,548689.947274872,409358.238336664,67.0082574814712,318096573.5,39,211695135,38.8231983059034,37.8362,22.4398457207151,8206160706026.72,2176684.47487586,2176684.47487586,515954.046014062,2579770.23007031,4127632.3681125,4127632.3681125,2176684.47487586,3195499.82089987,84.3751295950314,57529.1513121261,68182.5931269607,109092.149003137,109092.149003137,84456.1510114618,57529.1513121261,76542206095.4496,90716549370.4403,145146478992.704,145146478992.704,112368424864.72,76542206095.4496,31565667000.2186,37411103427.8961,59857765484.6338,59857765484.6338,46340241045.5176,31565667000.2186,0.537549275909063,0.537549275909063,0.219497063787175,0.811430168650788,0.537549275909063,0.358942364640953,13867.5361918605,41145207463.0912,16968101439.5541,60403565421.0719,24910163019.4694,41145207463.0912,16968101439.5541,2025,PPP_international_dollars,2023,societal,partial_mortality_benefit,3
Indonesia,2046,92766.6954417819,IDN,25797.7023007031,South-East Asia,I_PH_TOBACCO_TAX,Tobacco tax,public_health,htncov2_aspirational,1509480.27542461,1430701.48607365,78778.7893509622,1222642.06076087,912988.474650082,67.1441609125647,318096573.5,39,211695135,38.8231983059034,37.8362,22.4398457207151,8206160706026.72,2176684.47487586,2176684.47487586,515954.046014062,2579770.23007031,4127632.3681125,4127632.3681125,2176684.47487586,3195499.82089987,84.3751295950314,57529.1513121261,68182.5931269607,109092.149003137,109092.149003137,84456.1510114618,57529.1513121261,171476567729.755,203231175528.592,325169880845.747,325169880845.747,251737607261.708,171476567729.755,70337560114.0815,83362906168.7669,133380649870.027,133380649870.027,103259642516.585,70337560114.0815,0.537549275909063,0.537549275909063,0.219497063787175,0.811430168650788,0.537549275909063,0.358942364640953,13867.5361918605,92177104818.5014,37809904508.5347,135321368502.611,55507146065.4187,92177104818.5014,37809904508.5347,2025,PPP_international_dollars,2023,societal,partial_mortality_benefit,3
Indonesia,2046,92766.6954417819,IDN,25797.7023007031,South-East Asia,I_PH_TOB_AD_BAN,Tobacco advertising ban,public_health,htncov2_aspirational,1509480.27542461,1500638.92106069,8841.35436392413,138500.511388524,103257.488908986,66.9102852394145,318096573.5,39,211695135,38.8231983059034,37.8362,22.4398457207151,8206160706026.72,2176684.47487586,2176684.47487586,515954.046014062,2579770.23007031,4127632.3681125,4127632.3681125,2176684.47487586,3195499.82089987,84.3751295950314,57529.1513121261,68182.5931269607,109092.149003137,109092.149003137,84456.1510114618,57529.1513121261,19244838780.8296,22808662781.5537,36493860450.4859,36493860450.4859,28252546286.4318,19244838780.8296,7967816876.47722,9443324015.87969,15109318425.4075,15109318425.4075,11697220104.9938,7967816876.47722,0.537549275909063,0.537549275909063,0.219497063787175,0.811430168650788,0.537549275909063,0.358942364640953,13867.5361918605,10345049151.6216,4283094192.52634,15187135798.8587,6287832197.58836,10345049151.6216,4283094192.52634,2025,PPP_international_dollars,2023,societal,partial_mortality_benefit,3
Indonesia,2046,92766.6954417819,IDN,25797.7023007031,South-East Asia,I_PH_TOB_CLEAN_AIR,Smoke-free / clean-air law,public_health,htncov2_aspirational,1509480.27542461,1497311.67876807,12168.5966565399,190538.220759855,142064.413395641,66.9213364853677,318096573.5,39,211695135,38.8231983059034,37.8362,22.4398457207151,8206160706026.72,2176684.47487586,2176684.47487586,515954.046014062,2579770.23007031,4127632.3681125,4127632.3681125,2176684.47487586,3195499.82089987,84.3751295950314,57529.1513121261,68182.5931269607,109092.149003137,109092.149003137,84456.1510114618,57529.1513121261,26487195423.3168,31392183396.2748,50227493434.0397,50227493434.0397,38884748436.576,26487195423.3168,10961502132.837,12991389981.2042,20786223969.9268,20786223969.9268,16092124745.9496,10961502132.837,0.537549275909063,0.537549275909063,0.219497063787175,0.811430168650788,0.537549275909063,0.358942364640953,13867.5361918605,14238172720.6658,5892347534.38217,20902468365.9875,8650310005.0235,14238172720.6658,5892347534.38217,2025,PPP_international_dollars,2023,societal,partial_mortality_benefit,3
Indonesia,2046,92766.6954417819,IDN,25797.7023007031,South-East Asia,I_PH_TOB_MEDIA,Tobacco mass-media campaign,public_health,htncov2_aspirational,1509480.27542461,1495089.92031568,14390.3551089257,225260.748905551,167961.896808218,66.928720229965,318096573.5,39,211695135,38.8231983059034,37.8362,22.4398457207151,8206160706026.72,2176684.47487586,2176684.47487586,515954.046014062,2579770.23007031,4127632.3681125,4127632.3681125,2176684.47487586,3195499.82089987,84.3751295950314,57529.1513121261,68182.5931269607,109092.149003137,109092.149003137,84456.1510114618,57529.1513121261,31323262553.5492,37123809710.1467,59398095536.2348,59398095536.2348,45984377173.2576,31323262553.5492,12959059708.4703,15358861990.1016,24574179184.1626,24574179184.1626,19024655826.5222,12959059708.4703,0.537549275909063,0.537549275909063,0.219497063787175,0.811430168650788,0.537549275909063,0.358942364640953,13867.5361918605,16837797104.7698,6966133162.75051,24718868652.6138,10226689963.9661,16837797104.7698,6966133162.75051,2025,PPP_international_dollars,2023,societal,partial_mortality_benefit,3
Indonesia,2046,92766.6954417819,IDN,25797.7023007031,South-East Asia,S_70_30_30_TO_70_70_70,70-30-30 -> 70-70-70 hypertension/cholesterol + diabetes cascade,cascade_70_30_30_to_70_70_70,htncov2_aspirational,1509480.27542461,1391659.81067366,117820.464750952,1633263.23954001,1266119.5596922,69.2026977909351,318096573.5,39,211695135,38.8231983059034,37.8362,22.4398457207151,8206160706026.72,2176684.47487586,2176684.47487586,515954.046014062,2579770.23007031,4127632.3681125,4127632.3681125,2176684.47487586,3195499.82089987,84.3751295950314,57529.1513121261,68182.5931269607,109092.149003137,109092.149003137,84456.1510114618,57529.1513121261,256457976446.056,303949727457.554,486319563932.086,486319563932.086,376495274010.006,256457976446.056,93960248040.0305,111360122930.778,178176196689.245,178176196689.245,137939126800.06,93960248040.0305,0.537549275909063,0.537549275909063,0.219497063787175,0.811430168650788,0.537549275909063,0.358942364640953,13867.5361918605,137858799539.681,50508263298.1543,202384761927.263,74149077730.9008,137858799539.681,50508263298.1543,2025,PPP_international_dollars,2023,societal,partial_mortality_benefit,3
Indonesia,2046,92766.6954417819,IDN,25797.7023007031,South-East Asia,S_70_30_30_TO_70_70_70_I_PH_TOBACCO_TAX,70-30-30 -> 70-70-70 cascade + tobacco tax,cascade_public_health,htncov2_aspirational,1509480.27542461,1319965.03334026,189515.242084353,2737160.05421855,2090344.44336526,68.5143987804426,318096573.5,39,211695135,38.8231983059034,37.8362,22.4398457207151,8206160706026.72,2176684.47487586,2176684.47487586,515954.046014062,2579770.23007031,4127632.3681125,4127632.3681125,2176684.47487586,3195499.82089987,84.3751295950314,57529.1513121261,68182.5931269607,109092.149003137,109092.149003137,84456.1510114618,57529.1513121261,412514885197.352,488905779673.781,782249247478.05,782249247478.05,605595922138.345,412514885197.352,157466494924.646,186626670300.153,298602672480.245,298602672480.245,231170002881.623,157466494924.646,0.537549275909063,0.537549275909063,0.219497063787175,0.811430168650788,0.537549275909063,0.358942364640953,13867.5361918605,221747077839.547,84646000326.6818,325537649438.948,124265267660.912,221747077839.547,84646000326.6818,2025,PPP_international_dollars,2023,societal,partial_mortality_benefit,3
Indonesia,2046,92766.6954417819,IDN,25797.7023007031,South-East Asia,all_cascade_public_health,70-30-30 -> 70-70-70 cascade + all public-health interventions (combined),cascade_public_health,htncov2_aspirational,1509480.27542461,1289419.27563462,220060.999789988,3198700.24026204,2436152.05062675,68.4209684767951,318096573.5,39,211695135,38.8231983059034,37.8362,22.4398457207151,8206160706026.72,2176684.47487586,2176684.47487586,515954.046014062,2579770.23007031,4127632.3681125,4127632.3681125,2176684.47487586,3195499.82089987,84.3751295950314,57529.1513121261,68182.5931269607,109092.149003137,109092.149003137,84456.1510114618,57529.1513121261,479003361768.528,567706816057.72,908330905692.352,908330905692.352,703204885415.953,479003361768.528,184018510124.169,218095677016.898,348953083227.037,348953083227.037,270149910531.97,184018510124.169,0.537549275909063,0.537549275909063,0.219497063787175,0.811430168650788,0.537549275909063,0.358942364640953,13867.5361918605,257487910276.679,98919016871.1114,378007276971.061,145218888793.358,257487910276.679,98919016871.1114,2025,PPP_international_dollars,2023,societal,partial_mortality_benefit,3
Indonesia,2046,92766.6954417819,IDN,25797.7023007031,South-East Asia,all_public_health,All selected public-health interventions (combined),public_health,htncov2_aspirational,1509480.27542461,1397188.12516834,112292.150256272,1733178.48488744,1295528.88757129,67.2799006679915,318096573.5,39,211695135,38.8231983059034,37.8362,22.4398457207151,8206160706026.72,2176684.47487586,2176684.47487586,515954.046014062,2579770.23007031,4127632.3681125,4127632.3681125,2176684.47487586,3195499.82089987,84.3751295950314,57529.1513121261,68182.5931269607,109092.149003137,109092.149003137,84456.1510114618,57529.1513121261,244424580113.256,289687946301.714,463500714082.742,463500714082.742,358829546032.38,244424580113.256,99708287308.0111,118172603451.483,189076165522.372,189076165522.372,146377583849.47,99708287308.0111,0.537549275909063,0.537549275909063,0.219497063787175,0.811430168650788,0.537549275909063,0.358942364640953,13867.5361918605,131390256054.258,53598117644.5541,192888562644.483,78685164207.6009,131390256054.258,53598117644.5541,2025,PPP_international_dollars,2023,societal,partial_mortality_benefit,3
Indonesia,2047,93523.921418033,IDN,26380.9616682253,South-East Asia,I_PH_TOBACCO_POLICY,Tobacco policy package,public_health,htncov2_aspirational,1534237.5744132,1498955.09417504,35282.4802381619,552015.17230028,411699.944157425,67.0300256466727,318862019.5,39,211606195,38.8660139864998,37.9489,22.4760745679195,8411886713882.4,2241788.11724025,2241788.11724025,527619.233364506,2638096.16682253,4220953.86691605,4220953.86691605,2241788.11724025,3277058.4566111,84.9774979939561,59073.8629377992,69517.0654965632,111227.304794501,111227.304794501,86354.5045208452,59073.8629377992,79095844944.6753,93078575872.2866,148925721395.659,148925721395.659,115622750234.683,79095844944.6753,32609668628.0523,38374474887.8952,61399159820.6323,61399159820.6323,47668996691.9796,32609668628.0523,0.521892500882585,0.521892500882585,0.204205849187784,0.803396206584938,0.521892500882585,0.341849871086622,13768.0260607177,41279528327.5977,17018741513.2466,60342646278.901,24878091898.1409,41279528327.5977,17018741513.2466,2025,PPP_international_dollars,2023,societal,partial_mortality_benefit,3
Indonesia,2047,93523.921418033,IDN,26380.9616682253,South-East Asia,I_PH_TOBACCO_TAX,Tobacco tax,public_health,htncov2_aspirational,1534237.5744132,1455205.15995017,79032.4144630264,1229681.55628576,917952.728542983,67.1703344002345,318862019.5,39,211606195,38.8660139864998,37.9489,22.4760745679195,8411886713882.4,2241788.11724025,2241788.11724025,527619.233364506,2638096.16682253,4220953.86691605,4220953.86691605,2241788.11724025,3277058.4566111,84.9774979939561,59073.8629377992,69517.0654965632,111227.304794501,111227.304794501,86354.5045208452,59073.8629377992,177173927620.019,208495109649.639,333592175439.423,333592175439.423,258993842162.454,177173927620.019,72642039713.1646,85483853288.233,136774165261.173,136774165261.173,106188541511.479,72642039713.1646,0.521892500882585,0.521892500882585,0.204205849187784,0.803396206584938,0.521892500882585,0.341849871086622,13768.0260607177,92465744176.8017,37911335775.1156,135166943999.353,55419003494.4998,92465744176.8017,37911335775.1156,2025,PPP_international_dollars,2023,societal,partial_mortality_benefit,3
Indonesia,2047,93523.921418033,IDN,26380.9616682253,South-East Asia,I_PH_TOB_AD_BAN,Tobacco advertising ban,public_health,htncov2_aspirational,1534237.5744132,1525369.4199204,8868.15449279956,139323.296434529,103832.531418327,66.926884463012,318862019.5,39,211606195,38.8660139864998,37.9489,22.4760745679195,8411886713882.4,2241788.11724025,2241788.11724025,527619.233364506,2638096.16682253,4220953.86691605,4220953.86691605,2241788.11724025,3277058.4566111,84.9774979939561,59073.8629377992,69517.0654965632,111227.304794501,111227.304794501,86354.5045208452,59073.8629377992,19880523363.8088,23395044374.2445,37432070998.7912,37432070998.7912,29061460675.1625,19880523363.8088,8230365317.61576,9685346723.43628,15496554757.4981,15496554757.4981,12031194231.8146,8230365317.61576,0.521892500882585,0.521892500882585,0.204205849187784,0.803396206584938,0.521892500882585,0.341849871086622,13768.0260607177,10375496057.1928,4295365938.78778,15166958391.0615,6278990046.24587,10375496057.1928,4295365938.78778,2025,PPP_international_dollars,2023,societal,partial_mortality_benefit,3
Indonesia,2047,93523.921418033,IDN,26380.9616682253,South-East Asia,I_PH_TOB_CLEAN_AIR,Smoke-free / clean-air law,public_health,htncov2_aspirational,1534237.5744132,1522031.97054478,12205.6038684175,191668.728840358,142854.871073079,66.9383846270507,318862019.5,39,211606195,38.8660139864998,37.9489,22.4760745679195,8411886713882.4,2241788.11724025,2241788.11724025,527619.233364506,2638096.16682253,4220953.86691605,4220953.86691605,2241788.11724025,3277058.4566111,84.9774979939561,59073.8629377992,69517.0654965632,111227.304794501,111227.304794501,86354.5045208452,59073.8629377992,27362377715.96,32199556779.0265,51519290846.4424,51519290846.4424,39998477375.0428,27362377715.96,11322612216.9775,13324247576.4382,21318796122.3011,21318796122.3011,16551458111.1494,11322612216.9775,0.521892500882585,0.521892500882585,0.204205849187784,0.803396206584938,0.521892500882585,0.341849871086622,13768.0260607177,14280219736.2763,5909186406.44212,20874905388.7566,8638081866.8811,14280219736.2763,5909186406.44212,2025,PPP_international_dollars,2023,societal,partial_mortality_benefit,3
Indonesia,2047,93523.921418033,IDN,26380.9616682253,South-East Asia,I_PH_TOB_MEDIA,Tobacco mass-media campaign,public_health,htncov2_aspirational,1534237.5744132,1519803.36015936,14434.2142538389,226596.140525414,168895.884316893,66.9460684962609,318862019.5,39,211606195,38.8660139864998,37.9489,22.4760745679195,8411886713882.4,2241788.11724025,2241788.11724025,527619.233364506,2638096.16682253,4220953.86691605,4220953.86691605,2241788.11724025,3277058.4566111,84.9774979939561,59073.8629377992,69517.0654965632,111227.304794501,111227.304794501,86354.5045208452,59073.8629377992,32358449995.9558,38078845294.1474,60926152470.6359,60926152470.6359,47301763885.0792,32358449995.9558,13385909347.6326,15752298742.1737,25203677987.4779,25203677987.4779,19567597441.408,13385909347.6326,0.521892500882585,0.521892500882585,0.204205849187784,0.803396206584938,0.521892500882585,0.341849871086622,13768.0260607177,16887632393.0734,6986005706.02356,24686435850.1415,10212182364.9601,16887632393.0734,6986005706.02356,2025,PPP_international_dollars,2023,societal,partial_mortality_benefit,3
Indonesia,2047,93523.921418033,IDN,26380.9616682253,South-East Asia,S_70_30_30_TO_70_70_70,70-30-30 -> 70-70-70 hypertension/cholesterol + diabetes cascade,cascade_70_30_30_to_70_70_70,htncov2_aspirational,1534237.5744132,1412822.05787223,121415.516540972,1688341.80789934,1308275.36842281,69.2230473141558,318862019.5,39,211606195,38.8660139864998,37.9489,22.4760745679195,8411886713882.4,2241788.11724025,2241788.11724025,527619.233364506,2638096.16682253,4220953.86691605,4220953.86691605,2241788.11724025,3277058.4566111,84.9774979939561,59073.8629377992,69517.0654965632,111227.304794501,111227.304794501,86354.5045208452,59073.8629377992,272187862230.137,320305808779.515,512489294047.224,512489294047.224,397885745244.397,272187862230.137,99736872552.0019,117368568040.325,187789708864.519,187789708864.519,145795920282.976,99736872552.0019,0.521892500882585,0.521892500882585,0.204205849187784,0.803396206584938,0.521892500882585,0.341849871086622,13768.0260607177,142052804129.171,52051925846.3719,207653586651.129,76089797454.9602,142052804129.171,52051925846.3719,2025,PPP_international_dollars,2023,societal,partial_mortality_benefit,3
Indonesia,2047,93523.921418033,IDN,26380.9616682253,South-East Asia,S_70_30_30_TO_70_70_70_I_PH_TOBACCO_TAX,70-30-30 -> 70-70-70 cascade + tobacco tax,cascade_public_health,htncov2_aspirational,1534237.5744132,1340956.94711851,193280.627294686,2796190.08469628,2135313.37962776,68.5616971385451,318862019.5,39,211606195,38.8660139864998,37.9489,22.4760745679195,8411886713882.4,2241788.11724025,2241788.11724025,527619.233364506,2638096.16682253,4220953.86691605,4220953.86691605,2241788.11724025,3277058.4566111,84.9774979939561,59073.8629377992,69517.0654965632,111227.304794501,111227.304794501,86354.5045208452,59073.8629377992,433294213561.968,509892881987.165,815828611179.464,815828611179.464,633391914175.149,433294213561.968,165181749811.381,194382929258.672,311012686813.875,311012686813.875,241463609310.047,165181749811.381,0.521892500882585,0.521892500882585,0.204205849187784,0.803396206584938,0.521892500882585,0.341849871086622,13768.0260607177,226133000733.808,86207116509.2232,330562490127.676,126018046934.956,226133000733.808,86207116509.2232,2025,PPP_international_dollars,2023,societal,partial_mortality_benefit,3
Indonesia,2047,93523.921418033,IDN,26380.9616682253,South-East Asia,all_cascade_public_health,70-30-30 -> 70-70-70 cascade + all public-health interventions (combined),cascade_public_health,htncov2_aspirational,1534237.5744132,1310274.22445714,223963.349956056,3259872.41518409,2482727.86991307,68.4748654808086,318862019.5,39,211606195,38.8660139864998,37.9489,22.4760745679195,8411886713882.4,2241788.11724025,2241788.11724025,527619.233364506,2638096.16682253,4220953.86691605,4220953.86691605,2241788.11724025,3277058.4566111,84.9774979939561,59073.8629377992,69517.0654965632,111227.304794501,111227.304794501,86354.5045208452,59073.8629377992,502078376628.805,590836855027.804,945338968044.486,945338968044.486,733940989944.445,502078376628.805,192573256249.298,226616764196.792,362586822714.868,362586822714.868,281504667214.393,192573256249.298,0.521892500882585,0.521892500882585,0.204205849187784,0.803396206584938,0.521892500882585,0.341849871086622,13768.0260607177,262030939617.876,100502538307.049,383038298742.347,146915174782.64,262030939617.876,100502538307.049,2025,PPP_international_dollars,2023,societal,partial_mortality_benefit,3
Indonesia,2047,93523.921418033,IDN,26380.9616682253,South-East Asia,all_public_health,All selected public-health interventions (combined),public_health,htncov2_aspirational,1534237.5744132,1421508.56245655,112729.011956654,1743746.8869233,1303081.89774708,67.3145002921839,318862019.5,39,211606195,38.8660139864998,37.9489,22.4760745679195,8411886713882.4,2241788.11724025,2241788.11724025,527619.233364506,2638096.16682253,4220953.86691605,4220953.86691605,2241788.11724025,3277058.4566111,84.9774979939561,59073.8629377992,69517.0654965632,111227.304794501,111227.304794501,86354.5045208452,59073.8629377992,252714559472.66,297389974332.539,475823958932.062,475823958932.062,369419561937.966,252714559472.66,103009864596.321,121220166547.675,193952266476.281,193952266476.281,150580398430.028,103009864596.321,0.521892500882585,0.521892500882585,0.204205849187784,0.803396206584938,0.521892500882585,0.341849871086622,13768.0260607177,131889833452.627,53760075849.7505,192797299054.754,78586780720.5434,131889833452.627,53760075849.7505,2025,PPP_international_dollars,2023,societal,partial_mortality_benefit,3
Indonesia,2048,94287.3283968127,IDN,26977.4079268062,South-East Asia,I_PH_TOBACCO_POLICY,Tobacco policy package,public_health,htncov2_aspirational,1557584.97398339,1522184.02878018,35400.9452032162,555240.802971597,413979.785908711,67.0599984137591,319554652.5,39,211504252.5,38.9069391548049,38.0645,22.5131104825524,8620756215401.28,2308838.97992896,2308838.97992896,539548.158536123,2697740.79268061,4316385.26828898,4316385.26828898,2308838.97992896,3360698.71067061,85.584166803319,60655.9650048985,70872.8813640167,113396.610182427,113396.610182427,88289.5798098126,60655.9650048985,81735082211.5147,95502573974.1675,152804118358.668,152804118358.668,118971910900.97,81735082211.5147,33678666714.3369,39351515557.4674,62962424891.9478,62962424891.9478,49021977187.6252,33678666714.3369,0.506691748429694,0.506691748429694,0.189979893685212,0.795441788697959,0.506691748429694,0.325571305796783,13669.2299905345,41414491713.7972,17064702522.2683,60282085548.4342,24839031332.6784,41414491713.7972,17064702522.2683,2025,PPP_international_dollars,2023,societal,partial_mortality_benefit,3
Indonesia,2048,94287.3283968127,IDN,26977.4079268062,South-East Asia,I_PH_TOBACCO_TAX,Tobacco tax,public_health,htncov2_aspirational,1557584.97398339,1478292.48409846,79292.4898849322,1236562.72160622,922829.796955572,67.2049456115423,319554652.5,39,211504252.5,38.9069391548049,38.0645,22.5131104825524,8620756215401.28,2308838.97992896,2308838.97992896,539548.158536123,2697740.79268061,4316385.26828898,4316385.26828898,2308838.97992896,3360698.71067061,85.584166803319,60655.9650048985,70872.8813640167,113396.610182427,113396.610182427,88289.5798098126,60655.9650048985,183073591461.954,213910584515.797,342256935225.275,342256935225.275,266478168522.154,183073591461.954,75004905168.1087,87638763067.563,140222020908.101,140222020908.101,109175603099.091,75004905168.1087,0.506691748429694,0.506691748429694,0.189979893685212,0.795441788697959,0.506691748429694,0.325571305796783,13669.2299905345,92761878149.161,38004366540.4324,135022289126.833,55318377220.1449,92761878149.161,38004366540.4324,2025,PPP_international_dollars,2023,societal,partial_mortality_benefit,3
Indonesia,2048,94287.3283968127,IDN,26977.4079268062,South-East Asia,I_PH_TOB_AD_BAN,Tobacco advertising ban,public_health,htncov2_aspirational,1557584.97398339,1548689.77368108,8895.20030231292,140122.137087045,104392.862803761,66.9517952570597,319554652.5,39,211504252.5,38.9069391548049,38.0645,22.5131104825524,8620756215401.28,2308838.97992896,2308838.97992896,539548.158536123,2697740.79268061,4316385.26828898,4316385.26828898,2308838.97992896,3360698.71067061,85.584166803319,60655.9650048985,70872.8813640167,113396.610182427,113396.610182427,88289.5798098126,60655.9650048985,20537585192.2559,23996944714.6145,38395111543.3832,38395111543.3832,29894088187.1399,20537585192.2559,8499243443.56341,9930859598.24265,15889375357.1882,15889375357.1882,12371324605.4682,8499243443.56341,0.506691748429694,0.506691748429694,0.189979893685212,0.795441788697959,0.506691748429694,0.325571305796783,13669.2299905345,10406224949.5879,4306496520.74876,15147087811.2534,6268448094.73598,10406224949.5879,4306496520.74876,2025,PPP_international_dollars,2023,societal,partial_mortality_benefit,3
Indonesia,2048,94287.3283968127,IDN,26977.4079268062,South-East Asia,I_PH_TOB_CLEAN_AIR,Smoke-free / clean-air law,public_health,htncov2_aspirational,1557584.97398339,1545341.99397293,12242.9800104679,192766.683896082,143625.400466978,66.963750963987,319554652.5,39,211504252.5,38.9069391548049,38.0645,22.5131104825524,8620756215401.28,2308838.97992896,2308838.97992896,539548.158536123,2697740.79268061,4316385.26828898,4316385.26828898,2308838.97992896,3360698.71067061,85.584166803319,60655.9650048985,70872.8813640167,113396.610182427,113396.610182427,88289.5798098126,60655.9650048985,28267069478.6592,33028386598.2125,52845418557.14,52845418557.14,41144967135.9454,28267069478.6592,11692449232.5111,13661930318.702,21859088509.9231,21859088509.9231,17019289522.5161,11692449232.5111,0.506691748429694,0.506691748429694,0.189979893685212,0.795441788697959,0.506691748429694,0.325571305796783,13669.2299905345,14322690857.1255,5924467545.04648,20847815337.1945,8623533565.19485,14322690857.1255,5924467545.04648,2025,PPP_international_dollars,2023,societal,partial_mortality_benefit,3
Indonesia,2048,94287.3283968127,IDN,26977.4079268062,South-East Asia,I_PH_TOB_MEDIA,Tobacco mass-media campaign,public_health,htncov2_aspirational,1557584.97398339,1543106.43994082,14478.5340425693,227893.353452696,169806.557239682,66.9717393432892,319554652.5,39,211504252.5,38.9069391548049,38.0645,22.5131104825524,8620756215401.28,2308838.97992896,2308838.97992896,539548.158536123,2697740.79268061,4316385.26828898,4316385.26828898,2308838.97992896,3360698.71067061,85.584166803319,60655.9650048985,70872.8813640167,113396.610182427,113396.610182427,88289.5798098126,60655.9650048985,33428603769.7125,39059331904.8543,62494931047.7668,62494931047.7668,48657990689.2634,33428603769.7125,13823091271.8757,16151458602.9009,25842333764.6414,25842333764.6414,20120608417.7876,13823091271.8757,0.506691748429694,0.506691748429694,0.189979893685212,0.795441788697959,0.506691748429694,0.325571305796783,13669.2299905345,16937997691.6391,7004046285.24994,24654602377.4186,10194946258.678,16937997691.6391,7004046285.24994,2025,PPP_international_dollars,2023,societal,partial_mortality_benefit,3
Indonesia,2048,94287.3283968127,IDN,26977.4079268062,South-East Asia,S_70_30_30_TO_70_70_70,70-30-30 -> 70-70-70 hypertension/cholesterol + diabetes cascade,cascade_70_30_30_to_70_70_70,htncov2_aspirational,1557584.97398339,1433161.32044898,124423.653534416,1735980.08691409,1344624.02452492,69.2379726287722,319554652.5,39,211504252.5,38.9069391548049,38.0645,22.5131104825524,8620756215401.28,2308838.97992896,2308838.97992896,539548.158536123,2697740.79268061,4316385.26828898,4316385.26828898,2308838.97992896,3360698.71067061,85.584166803319,60655.9650048985,70872.8813640167,113396.610182427,113396.610182427,88289.5798098126,60655.9650048985,287274181305.435,335662765714.153,537060425142.645,537060425142.645,418150412010.039,287274181305.435,105297547401.062,123033910750.158,196854257200.252,196854257200.252,153268952431.847,105297547401.062,0.506691748429694,0.506691748429694,0.189979893685212,0.795441788697959,0.506691748429694,0.325571305796783,13669.2299905345,145559457204.36,53353398398.0025,211873363367.963,77660113487.6801,145559457204.36,53353398398.0025,2025,PPP_international_dollars,2023,societal,partial_mortality_benefit,3
Indonesia,2048,94287.3283968127,IDN,26977.4079268062,South-East Asia,S_70_30_30_TO_70_70_70_I_PH_TOBACCO_TAX,70-30-30 -> 70-70-70 cascade + tobacco tax,cascade_public_health,htncov2_aspirational,1557584.97398339,1361069.95684996,196515.017133429,2848265.72288024,2174883.86639751,68.6065749431398,319554652.5,39,211504252.5,38.9069391548049,38.0645,22.5131104825524,8620756215401.28,2308838.97992896,2308838.97992896,539548.158536123,2697740.79268061,4316385.26828898,4316385.26828898,2308838.97992896,3360698.71067061,85.584166803319,60655.9650048985,70872.8813640167,113396.610182427,113396.610182427,88289.5798098126,60655.9650048985,453721531699.068,530146578095.181,848234524952.29,848234524952.29,660427764707.728,453721531699.068,172764306011.675,201864798670.886,322983677873.418,322983677873.418,251472183859.788,172764306011.675,0.506691748429694,0.506691748429694,0.189979893685212,0.795441788697959,0.506691748429694,0.325571305796783,13669.2299905345,229896956196.8,87538248279.2986,334633298811.273,127418880521.35,229896956196.8,87538248279.2986,2025,PPP_international_dollars,2023,societal,partial_mortality_benefit,3
Indonesia,2048,94287.3283968127,IDN,26977.4079268062,South-East Asia,all_cascade_public_health,70-30-30 -> 70-70-70 cascade + all public-health interventions (combined),cascade_public_health,htncov2_aspirational,1557584.97398339,1330232.36060773,227352.613375665,3314223.70975801,2524022.43155866,68.5276149780148,319554652.5,39,211504252.5,38.9069391548049,38.0645,22.5131104825524,8620756215401.28,2308838.97992896,2308838.97992896,539548.158536123,2697740.79268061,4316385.26828898,4316385.26828898,2308838.97992896,3360698.71067061,85.584166803319,60655.9650048985,70872.8813640167,113396.610182427,113396.610182427,88289.5798098126,60655.9650048985,524920575950.453,613338419426.076,981341471081.721,981341471081.721,764063634639.192,524920575950.453,201027437357.487,234888583795.491,375821734072.786,375821734072.786,292611418730.253,201027437357.487,0.506691748429694,0.506691748429694,0.189979893685212,0.795441788697959,0.506691748429694,0.325571305796783,13669.2299905345,265972924415.057,101858943717.006,387144738946.879,148263791366.925,265972924415.057,101858943717.006,2025,PPP_international_dollars,2023,societal,partial_mortality_benefit,3
Indonesia,2048,94287.3283968127,IDN,26977.4079268062,South-East Asia,all_public_health,All selected public-health interventions (combined),public_health,htncov2_aspirational,1557584.97398339,1444415.19670474,113169.777278652,1754026.26201552,1310461.48946676,67.3572375290209,319554652.5,39,211504252.5,38.9069391548049,38.0645,22.5131104825524,8620756215401.28,2308838.97992896,2308838.97992896,539548.158536123,2697740.79268061,4316385.26828898,4316385.26828898,2308838.97992896,3360698.71067061,85.584166803319,60655.9650048985,70872.8813640167,113396.610182427,113396.610182427,88289.5798098126,60655.9650048985,261290793130.831,305302724663.2,488484359461.121,488484359461.121,380329524587.247,261290793130.831,106392155566.486,124312895177.196,198900632283.513,198900632283.513,154862241648.726,106392155566.486,0.506691748429694,0.506691748429694,0.189979893685212,0.795441788697959,0.506691748429694,0.325571305796783,13669.2299905345,132393888820.042,53908027323.1869,192709831792.547,78467419986.735,132393888820.042,53908027323.1869,2025,PPP_international_dollars,2023,societal,partial_mortality_benefit,3
Indonesia,2049,95056.9668317421,IDN,27587.3392184138,South-East Asia,I_PH_TOBACCO_POLICY,Tobacco policy package,public_health,htncov2_aspirational,1581148.70872561,1545600.83769178,35547.8710338322,558683.835381716,416452.444229988,67.0961251656693,320173250,39,211434702.5,38.9525895920515,38.1755,22.5485537494453,8832728056412,2377895.30341599,2377895.30341599,551746.784368275,2758733.92184138,4413974.2749462,4413974.2749462,2377895.30341599,3446473.71215429,86.1951667244812,62288.5175941636,72264.5131521886,115623.221043502,115623.221043502,90279.7268445546,62288.5175941636,84529115577.7871,98067117670.2754,156907388272.441,156907388272.441,122514803041.154,84529115577.7871,34799587909.7489,40373015369.8572,64596824591.7716,64596824591.7716,50437824050.7295,34799587909.7489,0.491933736339509,0.491933736339509,0.17674498623913,0.787566127423721,0.491933736339509,0.31006791028265,13571.1428573798,41582723655.655,17119091303.518,60269164816.9338,24812067238.1101,41582723655.655,17119091303.518,2025,PPP_international_dollars,2023,societal,partial_mortality_benefit,3
Indonesia,2049,95056.9668317421,IDN,27587.3392184138,South-East Asia,I_PH_TOBACCO_TAX,Tobacco tax,public_health,htncov2_aspirational,1581148.70872561,1501528.43948924,79620.269236375,1243998.05474547,928186.887888528,67.2455269309628,320173250,39,211434702.5,38.9525895920515,38.1755,22.5485537494453,8832728056412,2377895.30341599,2377895.30341599,551746.784368275,2758733.92184138,4413974.2749462,4413974.2749462,2377895.30341599,3446473.71215429,86.1951667244812,62288.5175941636,72264.5131521886,115623.221043502,115623.221043502,90279.7268445546,62288.5175941636,189328664273.893,219651137608.531,351441820173.65,351441820173.65,274409164877.814,189328664273.893,77486794720.1185,89896913788.451,143835062061.522,143835062061.522,112307804577.578,77486794720.1185,0.491933736339509,0.491933736339509,0.17674498623913,0.787566127423721,0.491933736339509,0.31006791028265,13571.1428573798,93137157212.4247,38118368443.6404,134991125764.147,55247997925.9354,93137157212.4247,38118368443.6404,2025,PPP_international_dollars,2023,societal,partial_mortality_benefit,3
Indonesia,2049,95056.9668317421,IDN,27587.3392184138,South-East Asia,I_PH_TOB_AD_BAN,Tobacco advertising ban,public_health,htncov2_aspirational,1581148.70872561,1572219.20743543,8929.50129018086,140975.638973714,105001.982828856,66.9831823772775,320173250,39,211434702.5,38.9525895920515,38.1755,22.5485537494453,8832728056412,2377895.30341599,2377895.30341599,551746.784368275,2758733.92184138,4413974.2749462,4413974.2749462,2377895.30341599,3446473.71215429,86.1951667244812,62288.5175941636,72264.5131521886,115623.221043502,115623.221043502,90279.7268445546,62288.5175941636,21233419179.7681,24634118114.3483,39414588982.9573,39414588982.9573,30775291459.2562,21233419179.7681,8781163568.56264,10187535916.7541,16300057466.8066,16300057466.8066,12727242178.2834,8781163568.56264,0.491933736339509,0.491933736339509,0.17674498623913,0.787566127423721,0.491933736339509,0.31006791028265,13571.1428573798,10445435232.3663,4319750603.6914,15139404114.4893,6260959798.06076,10445435232.3663,4319750603.6914,2025,PPP_international_dollars,2023,societal,partial_mortality_benefit,3
Indonesia,2049,95056.9668317421,IDN,27587.3392184138,South-East Asia,I_PH_TOB_CLEAN_AIR,Smoke-free / clean-air law,public_health,htncov2_aspirational,1581148.70872561,1568858.34559358,12290.3631320373,193940.356720505,144463.404110474,66.9955697175548,320173250,39,211434702.5,38.9525895920515,38.1755,22.5485537494453,8832728056412,2377895.30341599,2377895.30341599,551746.784368275,2758733.92184138,4413974.2749462,4413974.2749462,2377895.30341599,3446473.71215429,86.1951667244812,62288.5175941636,72264.5131521886,115623.221043502,115623.221043502,90279.7268445546,62288.5175941636,29225196768.9485,33905841684.0998,54249346694.5597,54249346694.5597,42358413447.3967,29225196768.9485,12080257321.8035,14015005458.9691,22424008734.3505,22424008734.3505,17508882428.8626,12080257321.8035,0.491933736339509,0.491933736339509,0.17674498623913,0.787566127423721,0.491933736339509,0.31006791028265,13571.1428573798,14376860241.8062,5942686120.25752,20837532592.5916,8613209952.35958,14376860241.8062,5942686120.25752,2025,PPP_international_dollars,2023,societal,partial_mortality_benefit,3
Indonesia,2049,95056.9668317421,IDN,27587.3392184138,South-East Asia,I_PH_TOB_MEDIA,Tobacco mass-media campaign,public_health,htncov2_aspirational,1581148.70872561,1566614.0037982,14534.7049274134,229280.493149305,170797.281245662,67.0038466279426,320173250,39,211434702.5,38.9525895920515,38.1755,22.5485537494453,8832728056412,2377895.30341599,2377895.30341599,551746.784368275,2758733.92184138,4413974.2749462,4413974.2749462,2377895.30341599,3446473.71215429,86.1951667244812,62288.5175941636,72264.5131521886,115623.221043502,115623.221043502,90279.7268445546,62288.5175941636,34562006583.4337,40097383527.2105,64155813643.5367,64155813643.5367,50093478446.2499,34562006583.4337,14281542031.529,16568843212.7282,26510149140.3651,26510149140.3651,20699380292.304,14281542031.529,0.491933736339509,0.491933736339509,0.17674498623913,0.787566127423721,0.491933736339509,0.31006791028265,13571.1428573798,17002217033.9793,7025572332.25979,24642672018.3064,10182723487.1055,17002217033.9793,7025572332.25979,2025,PPP_international_dollars,2023,societal,partial_mortality_benefit,3
Indonesia,2049,95056.9668317421,IDN,27587.3392184138,South-East Asia,S_70_30_30_TO_70_70_70,70-30-30 -> 70-70-70 hypertension/cholesterol + diabetes cascade,cascade_70_30_30_to_70_70_70,htncov2_aspirational,1581148.70872561,1454124.84925123,127023.859474385,1777977.8307861,1376684.26325481,69.2481656686842,320173250,39,211434702.5,38.9525895920515,38.1755,22.5485537494453,8832728056412,2377895.30341599,2377895.30341599,551746.784368275,2758733.92184138,4413974.2749462,4413974.2749462,2377895.30341599,3446473.71215429,86.1951667244812,62288.5175941636,72264.5131521886,115623.221043502,115623.221043502,90279.7268445546,62288.5175941636,302049438865.913,350425030015.198,560680048024.317,560680048024.317,437784392494.849,302049438865.913,110747603394.953,128484702337.142,205575523739.427,205575523739.427,160515352899.043,110747603394.953,0.491933736339509,0.491933736339509,0.17674498623913,0.787566127423721,0.491933736339509,0.31006791028265,13571.1428573798,148588309020.561,54480482328.7252,215360911911.113,78962917291.4809,148588309020.561,54480482328.7252,2025,PPP_international_dollars,2023,societal,partial_mortality_benefit,3
Indonesia,2049,95056.9668317421,IDN,27587.3392184138,South-East Asia,S_70_30_30_TO_70_70_70_I_PH_TOBACCO_TAX,70-30-30 -> 70-70-70 cascade + tobacco tax,cascade_public_health,htncov2_aspirational,1581148.70872561,1381702.18628669,199446.522438924,2895792.12912743,2211046.2853906,68.6485799147595,320173250,39,211434702.5,38.9525895920515,38.1755,22.5485537494453,8832728056412,2377895.30341599,2377895.30341599,551746.784368275,2758733.92184138,4413974.2749462,4413974.2749462,2377895.30341599,3446473.71215429,86.1951667244812,62288.5175941636,72264.5131521886,115623.221043502,115623.221043502,90279.7268445546,62288.5175941636,474262948990.171,550219887045.557,880351819272.892,880351819272.892,687387196566.344,474262948990.171,180374598984.194,209263008401.333,334820813442.133,334820813442.133,261431322416.235,180374598984.194,0.491933736339509,0.491933736339509,0.17674498623913,0.787566127423721,0.491933736339509,0.31006791028265,13571.1428573798,233305944504.129,88732350419.0353,338148951918.822,128606887232.397,233305944504.129,88732350419.0353,2025,PPP_international_dollars,2023,societal,partial_mortality_benefit,3
Indonesia,2049,95056.9668317421,IDN,27587.3392184138,South-East Asia,all_cascade_public_health,70-30-30 -> 70-70-70 cascade + all public-health interventions (combined),cascade_public_health,htncov2_aspirational,1581148.70872561,1350669.68324358,230479.025482037,3364444.77589261,2562244.44033043,68.5782890936276,320173250,39,211434702.5,38.9525895920515,38.1755,22.5485537494453,8832728056412,2377895.30341599,2377895.30341599,551746.784368275,2758733.92184138,4413974.2749462,4413974.2749462,2377895.30341599,3446473.71215429,86.1951667244812,62288.5175941636,72264.5131521886,115623.221043502,115623.221043502,90279.7268445546,62288.5175941636,548054992229.632,635830305870.239,1017328489392.38,1017328489392.38,794339902526.781,548054992229.632,209566277617.779,243129963757.304,389007942011.686,389007942011.686,303741155351.174,209566277617.779,0.491933736339509,0.491933736339509,0.17674498623913,0.787566127423721,0.491933736339509,0.31006791028265,13571.1428573798,269606740047.043,103092721959.277,390762596173.561,149420521431.982,269606740047.043,103092721959.277,2025,PPP_international_dollars,2023,societal,partial_mortality_benefit,3
Indonesia,2049,95056.9668317421,IDN,27587.3392184138,South-East Asia,all_public_health,All selected public-health interventions (combined),public_health,htncov2_aspirational,1581148.70872561,1467446.07072198,113702.638003639,1765058.02793515,1318491.67606621,67.4054144035999,320173250,39,211434702.5,38.9525895920515,38.1755,22.5485537494453,8832728056412,2377895.30341599,2377895.30341599,551746.784368275,2758733.92184138,4413974.2749462,4413974.2749462,2377895.30341599,3446473.71215429,86.1951667244812,62288.5175941636,72264.5131521886,115623.221043502,115623.221043502,90279.7268445546,62288.5175941636,270372968894.862,313675324463.49,501880519141.583,501880519141.583,391873152882.138,270372968894.862,109942848027.758,127551059074.095,204081694518.553,204081694518.553,159348956626.773,109942848027.758,0.491933736339509,0.491933736339509,0.17674498623913,0.787566127423721,0.491933736339509,0.31006791028265,13571.1428573798,133005584793.655,54084596014.1018,192775624268.454,78389127615.2109,133005584793.655,54084596014.1018,2025,PPP_international_dollars,2023,societal,partial_mortality_benefit,3
Indonesia,2050,95832.8875882792,IDN,28211.0604256979,South-East Asia,I_PH_TOBACCO_POLICY,Tobacco policy package,public_health,htncov2_aspirational,1604008.46344375,1568302.94358999,35705.51985376,562206.189057983,418989.492622622,67.136884542843,320712949.5,39,211427921,39.0071062066585,38.286,22.5837220449451,9047652397648.31,2449017.07012146,2449017.07012146,564221.208513959,2821106.04256979,4513769.66811167,4513769.66811167,2449017.07012146,3534437.94614971,86.8105286779866,63966.3864107367,73685.0557010341,117896.089121655,117896.089121655,92316.7201104766,63966.3864107367,87443427619.4191,100729057812.538,161166492500.061,161166492500.061,126198944258.131,87443427619.4191,35962298331.7906,41426194356.2036,66281910969.9258,66281910969.9258,51901031399.6435,35962298331.7906,0.477605569261659,0.477605569261659,0.164432085704981,0.779768442993784,0.477605569261659,0.295302771697762,13473.7595740905,41763468026.3634,17175793966.7125,60273318612.6251,24788221646.894,41763468026.3634,17175793966.7125,2025,PPP_international_dollars,2023,societal,partial_mortality_benefit,3
Indonesia,2050,95832.8875882792,IDN,28211.0604256979,South-East Asia,I_PH_TOBACCO_TAX,Tobacco tax,public_health,htncov2_aspirational,1604008.46344375,1524031.98554041,79976.4779033343,1251668.74214174,933733.120608475,67.2908786872634,320712949.5,39,211427921,39.0071062066585,38.286,22.5837220449451,9047652397648.31,2449017.07012146,2449017.07012146,564221.208513959,2821106.04256979,4513769.66811167,4513769.66811167,2449017.07012146,3534437.94614971,86.8105286779866,63966.3864107367,73685.0557010341,117896.089121655,117896.089121655,92316.7201104766,63966.3864107367,195863759593.458,225622125076.546,360995400122.474,360995400122.474,282671898300.948,195863759593.458,80064726418.079,92229280983.9571,147566849574.331,147566849574.331,115549952939.331,80064726418.079,0.477605569261659,0.477605569261659,0.164432085704981,0.779768442993784,0.477605569261659,0.295302771697762,13473.7595740905,93545622398.3622,38239359238.6856,135005672902.298,55187301051.7471,93545622398.3622,38239359238.6856,2025,PPP_international_dollars,2023,societal,partial_mortality_benefit,3
Indonesia,2050,95832.8875882792,IDN,28211.0604256979,South-East Asia,I_PH_TOB_AD_BAN,Tobacco advertising ban,public_health,htncov2_aspirational,1604008.46344375,1595041.93802152,8966.52542222703,141849.202006526,105627.405133603,67.0193075929593,320712949.5,39,211427921,39.0071062066585,38.286,22.5837220449451,9047652397648.31,2449017.07012146,2449017.07012146,564221.208513959,2821106.04256979,4513769.66811167,4513769.66811167,2449017.07012146,3534437.94614971,86.8105286779866,63966.3864107367,73685.0557010341,117896.089121655,117896.089121655,92316.7201104766,63966.3864107367,21959173818.7121,25295519049.5003,40472830479.2005,40472830479.2005,31691627697.4352,21959173818.7121,9073580867.60411,10452166350.9981,16723466161.597,16723466161.597,13095053079.531,9073580867.60411,0.477605569261659,0.477605569261659,0.164432085704981,0.779768442993784,0.477605569261659,0.295302771697762,13473.7595740905,10487823712.2017,4333592755.51376,15136097887.2621,6254270280.56102,10487823712.2017,4333592755.51376,2025,PPP_international_dollars,2023,societal,partial_mortality_benefit,3
Indonesia,2050,95832.8875882792,IDN,28211.0604256979,South-East Asia,I_PH_TOB_CLEAN_AIR,Smoke-free / clean-air law,public_health,htncov2_aspirational,1604008.46344375,1591666.93927755,12341.5241661941,195142.049375664,145324.161189792,67.0321289829257,320712949.5,39,211427921,39.0071062066585,38.286,22.5837220449451,9047652397648.31,2449017.07012146,2449017.07012146,564221.208513959,2821106.04256979,4513769.66811167,4513769.66811167,2449017.07012146,3534437.94614971,86.8105286779866,63966.3864107367,73685.0557010341,117896.089121655,117896.089121655,92316.7201104766,63966.3864107367,30224603354.3258,34816748399.7712,55706797439.6339,55706797439.6339,43620351326.3199,30224603354.3258,12482531735.3468,14379052777.8598,23006484444.5757,23006484444.5757,18014873953.998,12482531735.3468,0.477605569261659,0.477605569261659,0.164432085704981,0.779768442993784,0.477605569261659,0.295302771697762,13473.7595740905,14435438890.7506,5961726675.28704,20833322726.6006,8604004129.97625,14435438890.7506,5961726675.28704,2025,PPP_international_dollars,2023,societal,partial_mortality_benefit,3
Indonesia,2050,95832.8875882792,IDN,28211.0604256979,South-East Asia,I_PH_TOB_MEDIA,Tobacco mass-media campaign,public_health,htncov2_aspirational,1604008.46344375,1589413.09622891,14595.367214833,230701.092156467,171815.163157052,67.0406959873249,320712949.5,39,211427921,39.0071062066585,38.286,22.5837220449451,9047652397648.31,2449017.07012146,2449017.07012146,564221.208513959,2821106.04256979,4513769.66811167,4513769.66811167,2449017.07012146,3534437.94614971,86.8105286779866,63966.3864107367,73685.0557010341,117896.089121655,117896.089121655,92316.7201104766,63966.3864107367,35744303453.8173,41175078643.2905,65880125829.2648,65880125829.2648,51586419722.0952,35744303453.8173,14757115206.2595,16999222825.8387,27198756521.3419,27198756521.3419,21297568153.7898,14757115206.2595,0.477605569261659,0.477605569261659,0.164432085704981,0.779768442993784,0.477605569261659,0.295302771697762,13473.7595740905,17071678398.9219,7048080408.74548,24637961357.5422,10171837161.9798,17071678398.9219,7048080408.74548,2025,PPP_international_dollars,2023,societal,partial_mortality_benefit,3
Indonesia,2050,95832.8875882792,IDN,28211.0604256979,South-East Asia,S_70_30_30_TO_70_70_70,70-30-30 -> 70-70-70 hypertension/cholesterol + diabetes cascade,cascade_70_30_30_to_70_70_70,htncov2_aspirational,1604008.46344375,1474815.93790685,129192.525536894,1814469.63511249,1404460.08469658,69.2520890553657,320712949.5,39,211427921,39.0071062066585,38.286,22.5837220449451,9047652397648.31,2449017.07012146,2449017.07012146,564221.208513959,2821106.04256979,4513769.66811167,4513769.66811167,2449017.07012146,3534437.94614971,86.8105286779866,63966.3864107367,73685.0557010341,117896.089121655,117896.089121655,92316.7201104766,63966.3864107367,316394700371.956,364465814446.983,583145303115.173,583145303115.173,456622964616.512,316394700371.956,116065065810.154,133699296131.099,213918873809.758,213918873809.758,167505885453.638,116065065810.154,0.477605569261659,0.477605569261659,0.164432085704981,0.779768442993784,0.477605569261659,0.295302771697762,13473.7595740905,151111870982.52,55433321827.6504,218085670953.616,80001743776.7631,151111870982.52,55433321827.6504,2025,PPP_international_dollars,2023,societal,partial_mortality_benefit,3
Indonesia,2050,95832.8875882792,IDN,28211.0604256979,South-East Asia,S_70_30_30_TO_70_70_70_I_PH_TOBACCO_TAX,70-30-30 -> 70-70-70 cascade + tobacco tax,cascade_public_health,htncov2_aspirational,1604008.46344375,1402000.13378119,202008.329662561,2938507.03719685,2243463.37399075,68.6865601253237,320712949.5,39,211427921,39.0071062066585,38.286,22.5837220449451,9047652397648.31,2449017.07012146,2449017.07012146,564221.208513959,2821106.04256979,4513769.66811167,4513769.66811167,2449017.07012146,3534437.94614971,86.8105286779866,63966.3864107367,73685.0557010341,117896.089121655,117896.089121655,92316.7201104766,63966.3864107367,494721847650.335,569886919460.481,911819071136.77,911819071136.77,713985905797.674,494721847650.335,187965676612.002,216524054713.73,346438487541.969,346438487541.969,271273331695.567,187965676612.002,0.477605569261659,0.477605569261659,0.164432085704981,0.779768442993784,0.477605569261659,0.295302771697762,13473.7595740905,236281909673.218,89773453979.9284,341003644983.299,129561654009.968,236281909673.218,89773453979.9284,2025,PPP_international_dollars,2023,societal,partial_mortality_benefit,3
Indonesia,2050,95832.8875882792,IDN,28211.0604256979,South-East Asia,all_cascade_public_health,70-30-30 -> 70-70-70 cascade + all public-health interventions (combined),cascade_public_health,htncov2_aspirational,1604008.46344375,1370749.56011063,233258.903333113,3410109.8048658,2596919.39556317,68.6258734118677,320712949.5,39,211427921,39.0071062066585,38.286,22.5837220449451,9047652397648.31,2449017.07012146,2449017.07012146,564221.208513959,2821106.04256979,4513769.66811167,4513769.66811167,2449017.07012146,3534437.94614971,86.8105286779866,63966.3864107367,73685.0557010341,117896.089121655,117896.089121655,92316.7201104766,63966.3864107367,571255036020.606,658048101676.248,1052876962682,1052876962682,824439119217.82,571255036020.606,218132401481.088,251274130918.179,402038609469.087,402038609469.087,314810152401.788,218132401481.088,0.477605569261659,0.477605569261659,0.164432085704981,0.779768442993784,0.477605569261659,0.295302771697762,13473.7595740905,272834586672.211,104181249783.788,393756714855.608,150355082047.206,272834586672.211,104181249783.788,2025,PPP_international_dollars,2023,societal,partial_mortality_benefit,3
Indonesia,2050,95832.8875882792,IDN,28211.0604256979,South-East Asia,all_public_health,All selected public-health interventions (combined),public_health,htncov2_aspirational,1604008.46344375,1489735.49114215,114272.972301597,1776390.04243149,1326763.85194447,67.4580914505677,320712949.5,39,211427921,39.0071062066585,38.286,22.5837220449451,9047652397648.31,2449017.07012146,2449017.07012146,564221.208513959,2821106.04256979,4513769.66811167,4513769.66811167,2449017.07012146,3534437.94614971,86.8105286779866,63966.3864107367,73685.0557010341,117896.089121655,117896.089121655,92316.7201104766,63966.3864107367,279856459820.129,322376172662.447,515801876259.915,515801876259.915,403890729522.08,279856459820.129,113629251870.358,130893399223.327,209429438757.323,209429438757.323,163990502354.185,113629251870.358,0.477605569261659,0.477605569261659,0.164432085704981,0.779768442993784,0.477605569261659,0.295302771697762,13473.7595740905,133661003803.945,54269963524.3186,192900461792.9,78322777230.3762,133661003803.945,54269963524.3186,2025,PPP_international_dollars,2023,societal,partial_mortality_benefit,3
